scraped_at,tab,load_id,pay,pickup_location,pickup_time,delivery_location,delivery_time,dhpu,loaded,notes,total_miles,rate_per_mile,score,deadhead_miles
2026-06-19T19:41:47.153931,WG,72105094,"$1,316.81","CINCINNATI, OH",,"BATESVILLE, MS",,923,550,NO NOTES,1473,0.89,1,
2026-06-19T19:41:50.042332,WG,72105100,"$5,462.90","SANTA ANA, CA",,"AMES, IA",,"2,509","1,709",**ATTN: PO# 5201416146 / NICHOLE HOLLINGER / 515-441-8219 / NICHOLE.HOLLINGER@MERCK.COM / CODE: USH0,4218,1.30,13,
2026-06-19T19:41:55.152525,WG,72105982,"$1,163.41","CALEDONIA, MI",,"NORTH CHICAGO, IL",,"1,261",236,NO NOTES,1497,0.78,1,
2026-06-19T19:41:58.229428,WG,72105875,"$5,626.88","MOSES LAKE, WA",,"PLYMOUTH, MN",,"2,930","1,473",NO NOTES,4403,1.28,13,
2026-06-19T19:42:00.973725,WG,72105971,$982.93,"LONG BEACH, CA",,"EL SEGUNDO, CA",,"2,532",19,NO NOTES,2551,0.39,1,
2026-06-19T19:42:03.798044,WG,72103771,"$2,010.08","MOUNT VERNON, IN",,"MISSISSAUGA, ON",,879,685,NO NOTES,1564,1.29,10,
2026-06-19T19:42:06.558840,WG,72105991,"$5,628.86","LOCKBOURNE, OH",,"TEMPE, AZ",,991,"1,883",IC7875: ENSURE THAT YOU HAVE THE ENTIRE BOL FILLED OUT AT THIS LOCATION.,2874,1.96,32,
2026-06-19T19:42:09.336575,WG,72105060,$757.62,"INDIANAPOLIS, IN",,"PLEASANT PRAIRIE, WI",,998,248,"L1218217: TRAILER MUST BE EMPTY AND NO PERSONAL ITEMS, OR PALLET JACK, SECUREMENT ITEMS ONLY",1246,0.61,1,
2026-06-19T19:42:12.108993,WG,72105082,$982.27,"MCDONOUGH, GA",,"COURTLAND, AL",,435,284,"?CORRECT ADDRESS FROM CUSTOMER - 1325 MACON ST, MCDONOUGH, GA",719,1.37,11,
2026-06-19T19:42:15.057938,WG,72104321,"$4,358.82","FORT WORTH, TX",,"RENO, NV",,"1,143","1,639","L1163385: TRAILERS MUST BE CLEAN, EMPTY, DRY, FREE OF STRUCTURAL DAMAGE AND NO ODORS FROM PRIOR FREIGHT. MUST HAVE TWO LOAD LOCKS IN EACH TRAILER AND FUEL TANKS 3/4 FULL PRIOR TO PICKUP ARRIVAL.",2782,1.57,20,
2026-06-19T19:42:17.551463,WG,72105725,"$1,305.27","MINNETONKA, MN",,"MIDDLETON, WI",,"1,604",275,NO NOTES,1879,0.69,1,
2026-06-19T19:42:20.316323,WG,72106026,$954.19,"LAKEWOOD, NJ",,"CAMBRIDGE, MA",,"1,107",273,NO NOTES,1380,0.69,1,
2026-06-19T19:42:23.124463,WG,72098863,"$2,386.13","BLOOMINGTON, IN",,"RENSSELAER, NY",,971,840,NO NOTES,1811,1.32,11,
2026-06-19T19:42:25.968875,WG,72103283,$946.47,"BETHLEHEM, PA",,"ROCKVILLE, MD",,"1,100",199,NO NOTES,1299,0.73,1,
2026-06-19T19:42:28.749285,WG,72105416,"$4,262.94","LITTLETON, CO",,"KENNEDY SPACE CENTER, FL",,"1,883","1,915",NO NOTES,3798,1.12,7,
2026-06-19T19:42:31.817228,WG,72105114,"$1,614.08","KENNEDY SPACE CENTER, FL",,"NEW ORLEANS, LA",,139,680,NO NOTES,819,1.97,29,
2026-06-19T19:42:35.344996,WG,72105417,"$3,275.05","BLOOMINGTON, IN",,"DURHAM, NC",,976,633,NO NOTES,1609,2.04,32,
2026-06-19T19:42:38.898991,WG,72104732,"$2,379.87","NEW BRUNSWICK, NJ",,"NEW BRUNSWICK, NJ",,"1,104",820,BRCOAR: TRAILER MUST BE EMPTY OUTSIDE OF EQUIPMENT NEEDED TO SECURE. NO PLYWOOD IN TRAILER FLOORS ON REEFER LOADS.,1924,1.24,9,
2026-06-19T19:42:42.204823,WG,72104586,"$3,950.52","LITTLETON, CO",,"ELKTON, MD",,"1,883","1,740",NO NOTES,3623,1.09,6,
2026-06-19T19:42:44.889140,WG,72103493,"$3,792.57","MOUNT VERNON, IN",,"TEMPE, AZ",,879,"1,684",PLEASE ARRIVE AT PICKUP IN RANGE**SET POINT 5C,2563,1.48,17,
2026-06-19T19:42:47.596348,WG,72104776,"$2,316.60","SHEPHERDSVILLE, KY",,"FARMINGDALE, NY",,864,802,BAX5100: MUST HAVE TEAM DRIVERS FOR ALL RUNS NO MATTER WHAT THE MILEAGE IS.,1666,1.39,13,
2026-06-19T19:42:53.189956,WG,72105038,"$1,097.19","BLOOMINGTON, IN",,"MOUNT PROSPECT, IL",,976,260,NO NOTES,1236,0.89,1,
2026-06-19T19:42:56.561089,WG,72105204,"$1,846.87","BLOOMINGTON, IN",,"ROCKFORD, IL",,976,315,NO NOTES,1291,1.43,14,
2026-06-19T19:43:00.513463,WG,72103104,"$2,774.86","BOULDER, CO",,"INDIANAPOLIS, IN",,"1,884","1,101","L1218217: TRAILER MUST BE EMPTY AND NO PERSONAL ITEMS, OR PALLET JACK, SECUREMENT ITEMS ONLY",2985,0.93,2,
2026-06-19T19:43:03.006394,WG,72103105,"$2,774.86","BOULDER, CO",,"INDIANAPOLIS, IN",,"1,884","1,101","L1218217: TRAILER MUST BE EMPTY AND NO PERSONAL ITEMS, OR PALLET JACK, SECUREMENT ITEMS ONLY",2985,0.93,2,
2026-06-19T19:43:05.803204,WG,72104792,$720.08,"MADISON, AL",,"BATESVILLE, MS",,631,205,NO NOTES,836,0.86,1,
2026-06-19T19:43:08.582227,WG,72104952,"$5,201.74","SAINT LOUIS, MO",,"FRESNO, CA",,"1,018","1,948",NO NOTES,2966,1.75,26,
2026-06-19T19:43:11.335801,WG,72104992,"$1,887.04","LEVITTOWN, PA",,"CARY, NC",,"1,070",583,NO NOTES,1653,1.14,6,
2026-06-19T19:43:14.119662,WG,72085451,$966.25,"LOUISVILLE, KY",,"GROVEPORT, OH",,874,217,NO NOTES,1091,0.89,1,
2026-06-19T19:43:16.892297,WG,72086655,"$1,901.24","LA VERGNE, TN",,"LENEXA, KS",,694,586,"CORD11: TRUCK MUST HAVE FULL AMOUNT OF USABLE SPACE FOR THE TRUCK SIZE REQUESTED, 20FT OF USABLE SPACE, 12FT OF USABLE SPACE, 53FT OF USABLE SPACE.",1280,1.49,15,
2026-06-19T19:43:19.614564,WG,72095081,"$1,415.15","MEMPHIS, TN",,"LOCKBOURNE, OH",,766,588,"TRACTOR SHIPMENTS MUST BE ABLE TO ACCOMODATE 26 PALLETS, NEED TO HAVE 53' OF SPACE",1354,1.05,2,
2026-06-19T19:43:22.359563,WG,72105194,"$1,130.15","SHEPHERDSVILLE, KY",,"ITASCA, IL",,864,341,BAX5100: MUST HAVE TEAM DRIVERS FOR ALL RUNS NO MATTER WHAT THE MILEAGE IS.,1205,0.94,1,
2026-06-19T19:43:25.103395,WG,72062679,"$1,143.39","LOUISVILLE, KY",,"OLIVE BRANCH, MS",,874,381,DRIVER NEEDS TO REFERENCE DELIVERY# 232733997 AT PICKUP,1255,0.91,1,
2026-06-19T19:43:27.883780,WG,72100147,"$2,108.02","RENO, NV",,"MONTCLAIR, CA",,"2,854",552,NO NOTES,3406,0.62,2,
2026-06-19T19:43:30.348510,WG,72097146,"$1,921.94","LA VERGNE, TN",,"CARY, NC",,694,529,"CORD11: TRUCK MUST HAVE FULL AMOUNT OF USABLE SPACE FOR THE TRUCK SIZE REQUESTED, 20FT OF USABLE SPACE, 12FT OF USABLE SPACE, 53FT OF USABLE SPACE.",1223,1.57,18,
2026-06-19T19:43:33.093135,WG,72097116,$768.61,"LA VERGNE, TN",,"COLLIERVILLE, TN",,694,219,"CORD11: TRUCK MUST HAVE FULL AMOUNT OF USABLE SPACE FOR THE TRUCK SIZE REQUESTED, 20FT OF USABLE SPACE, 12FT OF USABLE SPACE, 53FT OF USABLE SPACE.",913,0.84,1,
2026-06-19T19:43:35.535809,WG,72098690,$822.90,"BROOKS, KY",,"LA VERGNE, TN",,868,176,IC7875: ENSURE THAT YOU HAVE THE ENTIRE BOL FILLED OUT AT THIS LOCATION.,1044,0.79,1,
2026-06-19T19:43:38.275370,WG,72105072,"$1,073.10","MEMPHIS, TN",,"LOXLEY, AL",,766,390,"L1228142: TRACTOR SHIPMENTS MUST BE ABLE TO ACCOMODATE 26 PALLETS, NEED TO HAVE 53' OF SPACE, NO PALLET JACKS",1156,0.93,1,
2026-06-19T19:43:41.100875,WG,72105337,"$1,710.53","WILMINGTON, DE",,"BROOKHAVEN, NY",,"1,017",198,NO NOTES,1215,1.41,13,
2026-06-19T19:43:43.954304,WG,72105177,$648.03,"INDIANAPOLIS, IN",,"HAMILTON, OH",,998,118,"L1218217: TRAILER MUST BE EMPTY AND NO PERSONAL ITEMS, OR PALLET JACK, SECUREMENT ITEMS ONLY",1116,0.58,1,
2026-06-19T19:43:47.313250,WG,72105045,$703.40,"INDIANAPOLIS, IN",,"BLOOMINGTON, IN",,998,49,"L1218217: TRAILER MUST BE EMPTY AND NO PERSONAL ITEMS, OR PALLET JACK, SECUREMENT ITEMS ONLY",1047,0.67,1,
2026-06-19T19:43:49.866792,WG,72097112,$919.97,"LA VERGNE, TN",,"MEMPHIS, TN",,694,213,"CORD11: TRUCK MUST HAVE FULL AMOUNT OF USABLE SPACE FOR THE TRUCK SIZE REQUESTED, 20FT OF USABLE SPACE, 12FT OF USABLE SPACE, 53FT OF USABLE SPACE.",907,1.01,1,
2026-06-19T19:43:54.604772,WG,72103459,"$2,239.57","MANCHESTER, PA",,"DOTHAN, AL",,"1,003",937,PLEASE BE SURE YOU ARE IN RANGE WHEN YOU ARRIVE AT PICKUP**SET POINT 20C,1940,1.15,6,
2026-06-19T19:43:57.743823,WG,72105975,"$1,116.49","LA VERGNE, TN",,"COLLIERVILLE, TN",,694,219,NO NOTES,913,1.22,7,
2026-06-19T19:44:00.528854,WG,72103458,"$2,239.57","MANCHESTER, PA",,"DOTHAN, AL",,"1,003",937,PLEASE BE SURE YOU ARE IN RANGE WHEN YOU ARRIVE AT PICKUP**SET POINT 5C,1940,1.15,6,
2026-06-19T19:44:04.091428,WG,72105746,"$1,972.83","LYNCHBURG, VA",,"NISKAYUNA, NY",,756,584,NO NOTES,1340,1.47,15,
2026-06-19T19:44:07.181254,WG,72086677,"$1,831.47","LA VERGNE, TN",,"TROY, MI",,694,563,"CORD11: TRUCK MUST HAVE FULL AMOUNT OF USABLE SPACE FOR THE TRUCK SIZE REQUESTED, 20FT OF USABLE SPACE, 12FT OF USABLE SPACE, 53FT OF USABLE SPACE.",1257,1.46,14,
2026-06-19T19:44:10.573366,WG,72104868,"$2,238.17","SAINT LOUIS, MO",,"HOUSTON, TX",,"1,018",776,NO NOTES,1794,1.25,9,
2026-06-19T19:44:13.967168,WG,72104818,"$2,180.32","NIAGARA FALLS, NY",,"LYNCHBURG, VA",,"1,252",518,"US CITIZENS ONLY/ NO DUAL CITIZENS NO GUNS, DRUGS, CAMERAS OR UNAUTHORIZED PASSENGERS. BE PATIENT. NON RADIOACTIVE MTRL DELIVERIES NOT ALLOWING ANY OVERNIGHT PARKING ON PROPERTY/DO NOT GOIN EARLY DRV'S MAY BE PHYSICALLY SEARCHED DRIVERS MUST BE US CITIZENS AND NO DUAL CITIZENSHIP. NO PETS NO WEAPONS NO UNAUTHORIZED PASSENGERS (DECLARE ALL PERSONS IN THE VEHICLE WHEN WE ASK FOR DRIVER INFORMATION) MUST HAVE VALID DRIVER'S LICENSE NO ALCOHOLIC BEVERAGES. **NO OVERNIGHT PARKING HERE **",1770,1.23,8,
2026-06-19T19:44:17.804846,WG,72105131,$877.76,"SHEPHERDSVILLE, KY",,"LA VERGNE, TN",,864,171,BAX5100: MUST HAVE TEAM DRIVERS FOR ALL RUNS NO MATTER WHAT THE MILEAGE IS.,1035,0.85,1,
2026-06-19T19:44:21.633925,WG,72104585,"$2,021.96","RENSSELAER, NY",,"MORRISVILLE, NC",,"1,274",642,NO NOTES,1916,1.06,3,
2026-06-19T19:44:26.363651,WG,72104719,$858.34,"SAINT LOUIS, MO",,"INDIANAPOLIS, IN",,"1,018",237,NO NOTES,1255,0.68,1,
2026-06-19T19:44:30.113408,WG,72096078,$772.20,"MIRA LOMA, CA",,"SANTA MONICA, CA",,"2,484",72,"L1145981: IF PICKING UP AT UPS MIRA LOMA, CA PU IS AT DOOR 2132.",2556,0.30,1,
2026-06-19T19:44:33.925263,WG,72104765,"$1,033.71","MADISON, AL",,"CINCINNATI, OH",,631,403,NO NOTES,1034,1.00,1,
2026-06-19T19:44:36.979922,WG,72097057,"$1,359.55","LOCKBOURNE, OH",,"OLIVE BRANCH, MS",,991,594,NO NOTES,1585,0.86,1,
2026-06-19T19:44:40.011511,WG,72086652,"$1,904.28","LA VERGNE, TN",,"MONROEVILLE, PA",,694,587,"CORD11: TRUCK MUST HAVE FULL AMOUNT OF USABLE SPACE FOR THE TRUCK SIZE REQUESTED, 20FT OF USABLE SPACE, 12FT OF USABLE SPACE, 53FT OF USABLE SPACE.",1281,1.49,15,
2026-06-19T19:44:42.892911,WG,72102000,"$1,631.62","SHEPHERDSVILLE, KY",,"DOTHAN, AL",,864,538,NO NOTES,1402,1.16,6,
2026-06-19T19:44:45.998274,WG,72104757,"$2,464.14","BROOKS, KY",,"WESTBURY, NY",,868,787,IC7875: ENSURE THAT YOU HAVE THE ENTIRE BOL FILLED OUT AT THIS LOCATION.,1655,1.49,16,
2026-06-19T19:44:49.380320,WG,72103580,"$1,909.37","MOUNT VERNON, IN",,"SHREVEPORT, LA",,879,632,PLEASE ARRIVE AT THE PICKUP IN RANGE*SET POINT 5C,1511,1.26,9,
2026-06-19T19:44:53.015196,WG,72098877,"$1,987.03","ROANOKE, TX",,"LITTLETON, CO",,"1,137",751,7 DIFFERENT SMALL LIMITTED QUANTITY PIECES THAT ARE HAZMAT 2 ACETONE UN1090 HC3 1 UN1193 HC3 1 UN1219 HC 3 1 UN3288 HC 6.1 1 UN2789 HC 8(3) 1 UN2320 UN2320 HC 8,1888,1.05,3,
2026-06-19T19:44:56.654086,WG,72100201,"$1,153.96","SHEPHERDSVILLE, KY",,"WARRENDALE, PA",,864,417,BAX5100: MUST HAVE TEAM DRIVERS FOR ALL RUNS NO MATTER WHAT THE MILEAGE IS.,1281,0.90,1,
2026-06-19T19:45:00.112030,WG,72098033,"$1,157.11","GROVE CITY, OH",,"WARRENDALE, PA",,"1,009",203,"PR2297: IF PALLET JACK REQUESTED NEED TO MAKE SURE IT'S ACCESSIBLE TO OFFLOAD TRK. DRIVERS MAY NEED TO OFFLOAD TRK TO DOCK AT DELIVERIES, ESPECIALLY NC AND FL.",1212,0.95,1,
2026-06-19T19:45:04.520081,WG,72098036,"$1,157.11","GROVE CITY, OH",,"WARRENDALE, PA",,"1,009",203,"PR2297: IF PALLET JACK REQUESTED NEED TO MAKE SURE IT'S ACCESSIBLE TO OFFLOAD TRK. DRIVERS MAY NEED TO OFFLOAD TRK TO DOCK AT DELIVERIES, ESPECIALLY NC AND FL.",1212,0.95,1,
2026-06-19T19:45:08.019469,WG,72098740,"$1,230.92","BROOKS, KY",,"COLLIERVILLE, TN",,868,360,IC7875: ENSURE THAT YOU HAVE THE ENTIRE BOL FILLED OUT AT THIS LOCATION.,1228,1.00,1,
2026-06-19T19:45:10.801316,WG,72098735,"$1,381.13","BROOKS, KY",,"ELK GROVE VILLAGE, IL",,868,337,IC7875: ENSURE THAT YOU HAVE THE ENTIRE BOL FILLED OUT AT THIS LOCATION.,1205,1.15,5,
2026-06-19T19:45:13.613262,WG,72097053,"$1,188.85","BROOKS, KY",,"OLIVE BRANCH, MS",,868,374,NO NOTES,1242,0.96,1,
2026-06-19T19:45:16.788532,WG,72097045,"$1,259.14","LOCKBOURNE, OH",,"CHESTERFIELD, MO",,991,463,NO NOTES,1454,0.87,1,
2026-06-19T19:45:24.220598,SE,72105878,"$1,196.14","SPRINGFIELD GARDENS, NY",,"RICHMOND, VA",,"1,150",367,NO NOTES,1517,0.79,1,
2026-06-19T19:45:27.705419,SE,72105972,"$1,881.08","RICHARDSON, TX",,"NEW ALBANY, OH",,"1,109","1,061",NO NOTES,2170,0.87,2,
2026-06-19T19:45:30.397996,SE,72105537,"$1,521.51","WEST MIFFLIN, PA",,"SCHENECTADY, NY",,"1,018",469,NO NOTES,1487,1.02,2,
2026-06-19T19:45:33.375648,SE,72105540,$876.69,"BOSTON, MA",,"BOSTON, MA",,"1,353",98,NO NOTES,1451,0.60,1,
2026-06-19T19:45:36.683333,SE,72105792,$559.59,"LOUISVILLE, KY",,"LOUISVILLE, KY",,878,33,NO NOTES,911,0.61,1,
2026-06-19T19:45:39.396932,SE,72098745,$729.30,"BROOKS, KY",,"LOCKBOURNE, OH",,868,222,IC7875: ENSURE THAT YOU HAVE THE ENTIRE BOL FILLED OUT AT THIS LOCATION.,1090,0.67,1,
2026-06-19T20:01:51.697818,WG,72104747,"$2,365.07","SHEPHERDSVILLE, KY",,"HOUSTON, TX",,864,962,BAX5100: ALL TAKEDA LOADS THAT ARE TEMP SHOULD BE TVAL,1826,1.30,10,
2026-06-19T20:03:59.727650,WG,72098777,"$1,620.32","BROOKS, KY",,"CORAOPOLIS, PA",,868,403,IC7875: ENSURE THAT YOU HAVE THE ENTIRE BOL FILLED OUT AT THIS LOCATION.,1271,1.27,9,
2026-06-21T13:02:22.381936,WG,72097498,$670.07,"LA VERNE, CA",,"MONTCLAIR, CA",,"2,500",9,NO NOTES,2509,0.27,1,
2026-06-21T13:03:09.927059,WG,72101171,"$1,522.98","MONTPELIER, VT",,"STRATFORD, CT",,"1,449",253,DRIVER MUST HAVE BIRTH CERTIFICATE OR PASSPORT FOR DELIVERY. THEY WILL TURN THEM AWAY IF THEY DON'T HAVE AT LEAST ONE OF THESE,1702,0.89,1,
2026-06-21T13:03:13.160791,WG,72105474,"$1,255.96","WEST DEPTFORD, NJ",,"CENTRAL ISLIP, NY",,"1,036",160,NO NOTES,1196,1.05,2,
2026-06-21T13:03:16.020044,WG,72105980,"$1,644.03","INDIANAPOLIS, IN",,"DURHAM, NC",,998,611,ALL SHIPMENTS MUST BE DELIVERED TO BUILDING 10,1609,1.02,2,
2026-06-21T13:03:19.623180,WG,72098853,"$1,154.39","PHILADELPHIA, PA",,"RENSSELAER, NY",,"1,059",217,NO NOTES,1276,0.90,1,
2026-06-21T13:03:23.083428,WG,72099009,"$1,089.48","ALLENTOWN, PA",,"RENSSELAER, NY",,"1,078",218,NO NOTES,1296,0.84,1,
2026-06-21T13:03:25.921847,WG,72098864,"$2,386.13","BLOOMINGTON, IN",,"RENSSELAER, NY",,971,840,NO NOTES,1811,1.32,11,
2026-06-21T13:03:28.468848,WG,72105201,"$1,704.23","SAINT LOUIS, MO",,"NEW RICHMOND, WI",,"1,018",599,NO NOTES,1617,1.05,3,
2026-06-21T13:03:31.218498,WG,72103623,"$1,856.97","SHEPHERDSVILLE, KY",,"SHREVEPORT, LA",,864,732,BAX5100: ALL TAKEDA LOADS THAT ARE TEMP SHOULD BE TVAL,1596,1.16,6,
2026-06-21T13:03:33.786192,WG,72105542,"$1,894.67","LA VERGNE, TN",,"ELK GROVE VILLAGE, IL",,694,511,NO NOTES,1205,1.57,18,
2026-06-21T13:03:36.312591,WG,72104755,$858.34,"SAINT LOUIS, MO",,"INDIANAPOLIS, IN",,"1,018",237,NO NOTES,1255,0.68,1,
2026-06-21T13:03:38.922610,WG,72103466,"$1,151.80","MOUNT VERNON, IN",,"OLIVE BRANCH, MS",,879,302,PLEASE BE IN RANGE WHEN YOU ARRIVE AT SHIPPER**SET POINT 5C,1181,0.98,1,
2026-06-21T13:03:41.440810,WG,72099999,$681.74,"SHEPHERDSVILLE, KY",,"LA VERGNE, TN",,864,171,BAX5100: MUST HAVE TEAM DRIVERS FOR ALL RUNS NO MATTER WHAT THE MILEAGE IS.,1035,0.66,1,
2026-06-21T13:03:44.756514,WG,72098243,"$1,611.94","NEWARK, DE",,"ALBANY, NY",,"1,007",274,ORDER NOTE: PALLET JACK NEEDED FOR DRIVER UNLOAD,1281,1.26,9,
2026-06-21T13:03:47.578263,WG,72098785,"$1,456.78","BROOKS, KY",,"KERNERSVILLE, NC",,868,472,IC7875: ENSURE THAT YOU HAVE THE ENTIRE BOL FILLED OUT AT THIS LOCATION.,1340,1.09,4,
2026-06-21T13:03:50.221807,WG,72099567,"$1,397.59","SHEPHERDSVILLE, KY",,"DOTHAN, AL",,864,538,BAX5100: MUST HAVE TEAM DRIVERS FOR ALL RUNS NO MATTER WHAT THE MILEAGE IS.,1402,1.00,1,
2026-06-21T13:03:53.092914,WG,72097541,"$1,981.37","LOCKBOURNE, OH",,"OVERLAND PARK, KS",,991,684,NO NOTES,1675,1.18,7,
2026-06-21T13:03:57.048643,WG,72105538,"$9,483.86","IDAHO FALLS, ID",,"MIAMI, FL",,"2,414","2,632",NO NOTES,5046,1.88,33,
2026-06-21T13:04:06.511933,SE,72105721,$876.69,"BOSTON, MA",,"BOSTON, MA",,"1,353",98,DRIVER MUST CALL AIR EXPEDITE FOR ARRIVALS AND DEPARTURES 800-468-8019,1451,0.60,1,
2026-06-21T13:04:16.786920,SE,72106032,$914.58,"GROVE CITY, OH",,"PLEASANT PRAIRIE, WI",,"1,009",385,NO NOTES,1394,0.66,1,
2026-06-21T13:04:19.881157,SE,72105824,$534.86,"KANSAS CITY, MO",,"KANSAS CITY, MO",,"1,280",65,CSAFE RKN SHIPMENT TO PICK UP FREIGHT. WILL NEED TO FOLLOW SHIPPER ORIGIN INSTRUCTIONS AT ALL LOCATIONS. INSTRUCTIONS WILL BE EMAILED TO YOU,1345,0.40,1,
2026-06-21T16:56:26.715052,WG,72104614,"$2,310.73","LA VERGNE, TN",,"CADILLAC, MI",,694,654,NO NOTES,1348,1.71,22,
2026-06-21T16:59:28.333063,WG,72101846,$890.31,"CARSON, CA",,"COSTA MESA, CA",,"2,530",26,NO NOTES,2556,0.35,1,
2026-06-21T16:59:31.865670,WG,72105548,"$8,455.51","SAN FRANCISCO, CA",,"ROBBINSVILLE, NJ",,"2,829","2,898",NO NOTES,5727,1.48,21,
2026-06-21T22:04:21.223928,SE,72106154,$467.31,"CHICAGO, IL",,"DES PLAINES, IL",,"1,203",5,NO NOTES,1208,0.39,1,
2026-06-21T22:18:06.405473,SE,72078119,"$2,724.33","SOUTH JORDAN, UT",,"TACOMA, WA",,"2,348",864,BASEBALL EQ PCS & WEIGHT WILL VARY/ MAY HAVE TO HELP WITH LOADING/UNLOADING EQUIPMENT,3212,0.85,2,
2026-06-22T04:07:48.159127,SE,72106161,$443.26,"SAVANNAH, GA",,"RICHMOND HILL, GA",,333,17,NO NOTES,350,1.27,8,
2026-06-22T05:00:38.552095,WG,72105066,$765.10,"MEMPHIS, TN",,"MEMPHIS, TN",,767,14,NO NOTES,781,0.98,1,
2026-06-22T06:46:52.853004,WG,72106165,"$2,314.52","SPOONER, WI",,"BOLINGBROOK, IL",,"1,577",392,NO NOTES,1969,1.18,7,
2026-06-22T08:03:07.443650,SE,72106142,$632.66,"DECATUR, AL",,"LOUISVILLE, KY",,623,283,NO NOTES,906,0.70,1,
2026-06-22T08:13:18.531137,SE,72106191,"$2,550.26","FRISCO, TX",,"GLEN ALLEN, VA",,"1,126","1,267",NO NOTES,2393,1.07,4,
2026-06-22T08:38:21.591878,WG,72106146,"$1,167.06","WARTBURG, TN",,"COLLEGE PARK, GA",,671,219,NO NOTES,890,1.31,10,
2026-06-22T09:20:13.182651,WG,72106143,"$1,059.61","BOSTON, MA",,"BOSTON, MA",,"1,353",77,NO NOTES,1430,0.74,1,
2026-06-22T09:21:18.734238,WG,72106211,"$3,297.58","CORDOVA, IL",,"LYNCHBURG, VA",,"1,251",843,L1238923: NO PETS,2094,1.57,19,
2026-06-22T09:22:45.605687,WG,72106176,"$1,943.73","CALEDONIA, MI",,"ALLENTOWN, PA",,"1,261",667,NO NOTES,1928,1.01,2,
2026-06-22T09:34:20.265346,WG,72105714,"$2,101.10","ROCKFORD, IL",,"BURLINGTON, ON",,"1,253",578,NO NOTES,1831,1.15,6,
2026-06-22T09:48:41.318204,WG,72106222,$870.03,"TRENTON, NJ",,"BREINIGSVILLE, PA",,"1,080",79,NO NOTES,1159,0.75,1,
2026-06-22T10:15:43.811254,WG,72106183,$704.49,"CARY, NC",,"RALEIGH, NC",,658,20,NO NOTES,678,1.04,2,
2026-06-22T10:31:20.926258,SE,72106184,"$4,036.73","SALEM, MA",,"LITTLETON, CO",,"1,368","2,025",ABSOLUTELY NO QOC - DO NOT ASK - STATES THEY WILL NEVER APPROVE A QOC AGAIN,3393,1.19,9,
2026-06-22T10:45:15.541169,WG,72106233,$739.97,"SUMMIT, NJ",,"AYER, MA",,"1,129",228,"ORDER NOTE: BMS-S16_BMS-DEV_1659, PLEASE PRINT OUT THE BOL",1357,0.55,1,
2026-06-22T10:50:36.016083,WG,72106228,"$1,061.40","JOHNSTOWN, PA",,"DELTA, PA",,"1,049",179,NO NOTES,1228,0.86,1,
2026-06-22T10:58:07.716780,WG,72104032,"$1,227.94","INDIANAPOLIS, IN",,"ERIE, PA",,998,409,NO NOTES,1407,0.87,1,
2026-06-22T10:59:23.521106,WG,72105775,"$1,076.30","CORAOPOLIS, PA",,"PITTSBURGH, PA",,"1,025",14,NO NOTES,1039,1.04,2,
2026-06-22T11:00:35.108815,SE,72106229,$629.11,"EXTON, PA",,"HUNT VALLEY, MD",,"1,038",96,NO NOTES,1134,0.55,1,
2026-06-22T11:48:53.114915,WG,72106247,$815.04,"WALKERSVILLE, MD",,"MORRIS PLAINS, NJ",,947,220,NO NOTES,1167,0.70,1,
2026-06-22T11:54:13.173735,WG,72106255,"$9,627.39","RENO, NV",,"WILMINGTON, NC",,"2,853","2,760",NO NOTES,5613,1.72,29,
2026-06-22T11:54:58.107138,WG,72068270,"$1,702.25","LOUISVILLE, KY",,"OVERLAND PARK, KS",,874,527,NO NOTES,1401,1.22,7,
2026-06-22T11:56:45.493569,SE,72106254,$755.98,"MECHANICSBURG, PA",,"MILLBURN, NJ",,"1,009",163,NO NOTES,1172,0.65,1,
2026-06-22T12:01:44.893789,WG,72105990,"$4,315.31","SAN DIEGO, CA",,"OLATHE, KS",,"2,447","1,663",NO NOTES,4110,1.05,5,
2026-06-22T12:02:27.323586,WG,72106256,"$2,305.84","ALBUQUERQUE, NM",,"BOULDER, CO",,"1,739",480,NO NOTES,2219,1.04,3,
2026-06-22T12:16:04.923632,WG,72106250,"$2,040.24","LA VERGNE, TN",,"TROY, MI",,694,568,NO NOTES,1262,1.62,19,
2026-06-22T12:16:16.353166,WG,72106271,"$2,040.24","LA VERGNE, TN",,"TROY, MI",,694,568,NO NOTES,1262,1.62,19,
2026-06-22T12:16:22.263646,WG,72106273,"$2,040.24","LA VERGNE, TN",,"TROY, MI",,694,568,NO NOTES,1262,1.62,19,
2026-06-22T12:17:41.663430,SE,72106258,"$4,294.91","DAYTON, OH",,"LAS VEGAS, NV",,968,"1,947",NO NOTES,2915,1.47,17,
2026-06-22T12:23:24.909024,WG,72106272,"$2,040.24","LA VERGNE, TN",,"TROY, MI",,694,568,NO NOTES,1262,1.62,19,
2026-06-22T12:29:21.198079,WG,72106274,"$1,113.57","LA VERGNE, TN",,"MEMPHIS, TN",,694,213,ORDER NOTE: CONTACT 877-900-9223 FOR DELIVERY,907,1.23,7,
2026-06-22T12:47:16.473610,SE,72106260,"$2,259.18","GLENWOOD, IL",,"CAMDEN, NJ",,"1,157",750,NO NOTES,1907,1.18,7,
2026-06-22T12:57:10.897701,WG,72105360,"$3,086.73","ELK GROVE VILLAGE, IL",,"GLEN ALLEN, VA",,"1,204",815,NO NOTES,2019,1.53,17,
2026-06-22T12:59:44.960700,WG,72105245,"$2,468.44","CHARLOTTESVILLE, VA",,"LA VERGNE, TN",,822,541,TRUCK NEEDS TO BE AT TEMP UPON ARRIVAL THEY WILL NOT LOAD UNTIL TRUCK IS AT 22C,1363,1.81,25,
2026-06-22T13:28:26.760308,SE,72106264,"$1,259.75","MISHAWAKA, IN",,"PITTSBURGH, PA",,"1,147",373,NO NOTES,1520,0.83,1,
2026-06-22T13:39:18.717659,WG,72100884,"$1,426.14","RYE, NY",,"CRANBURY, NJ",,"1,164",76,NO NOTES,1240,1.15,5,
2026-06-22T13:48:49.143273,SE,72106268,"$1,060.57","FOLCROFT, PA",,"PITTSBURGH, PA",,"1,041",307,NO NOTES,1348,0.79,1,
2026-06-22T13:56:25.180802,SE,72106269,"$2,200.58","CLEARWATER, FL",,"DOWNERS GROVE, IL",,19,"1,208",NO NOTES,1227,1.79,24,
2026-06-22T14:02:45.640420,SE,72106266,"$2,237.12","LYNCHBURG, VA",,"MCALESTER, OK",,755,"1,091",NO NOTES,1846,1.21,8,
2026-06-22T14:21:19.160101,WG,72106327,"$1,336.05","SHEPHERDSVILLE, KY",,"OLIVE BRANCH, MS",,864,369,NO NOTES,1233,1.08,3,
2026-06-22T14:21:27.660542,WG,72094470,"$2,210.08","SAINT PAUL, MN",,"LIBERTYVILLE, IL",,"1,585",371,PALLET COUNT MAY BE FROM 1-8 PALLETS,1956,1.13,6,
2026-06-22T14:37:35.470046,WG,72106276,"$2,550.79","ROCKFORD, IL",,"LA VERGNE, TN",,"1,253",560,NO NOTES,1813,1.41,14,
2026-06-22T14:50:19.032586,WG,72106336,"$1,741.51","CAPITOL HEIGHTS, MD",,"SNOWSHOE, WV",,913,237,NO NOTES,1150,1.51,16,
2026-06-22T14:56:41.884482,WG,72104985,"$1,508.38","LA VERGNE, TN",,"COLUMBUS, OH",,694,393,NO NOTES,1087,1.39,12,
2026-06-22T14:57:53.375793,WG,72106223,"$1,043.61","LA VERGNE, TN",,"KENNESAW, GA",,694,209,INSIDE DELIVERY,903,1.16,5,
2026-06-22T14:58:04.340191,WG,72106245,$840.44,"OAKLAND, CA",,"AUBURN, CA",,"2,811",127,NO NOTES,2938,0.29,1,
2026-06-22T15:06:18.785564,SE,72106354,$876.69,"BOSTON, MA",,"BOSTON, MA",,"1,353",98,"SEAL IS REQ'D, CSAFE RKN SHIPMENT TO PICK UP FREIGHT. WILL NEED TO FOLLOW SHIPPER ORIGIN INSTRUCTIONS AT ALL LOCATIONS. INSTRUCTIONS WILL BE EMAILED TO YOU",1451,0.60,1,
2026-06-22T15:06:26.514546,SE,72106355,"$3,350.83","NEW IBERIA, LA",,"DANBURY, CT",,791,"1,499",NO NOTES,2290,1.46,16,
2026-06-22T15:25:03.644879,WG,72106358,"$2,015.97","ROCKFORD, IL",,"LA VERGNE, TN",,"1,253",560,NO NOTES,1813,1.11,5,
2026-06-22T15:27:17.496859,WG,72106356,$536.66,"SUMMIT, NJ",,"WARREN, NJ",,"1,129",14,"ORDER NOTE: BMS-S16_BMS-WAR_1615, PLEASE PRINT OUT THE BOL",1143,0.47,1,
2026-06-22T15:59:12.955522,WG,72106346,"$1,143.29","MALVERN, PA",,"RARITAN, NJ",,"1,041",65,NO NOTES,1106,1.03,2,
2026-06-22T16:08:07.084214,WG,72106345,,,,,,,,NO NOTES,,,1,
2026-06-22T16:20:42.284523,WG,72106373,"$2,691.10","LA VERGNE, TN",,"NEWARK, DE",,694,761,NO NOTES,1455,1.85,26,
2026-06-22T16:21:52.607290,WG,72106284,"$2,740.30","POMPANO BEACH, FL",,"ALLENTOWN, PA",,235,"1,196",NO NOTES,1431,1.91,28,
2026-06-22T16:22:42.953097,SE,72106265,"$3,062.45","SHEBOYGAN, WI",,"CLIFTON PARK, NY",,"1,332",971,NO NOTES,2303,1.33,12,
2026-06-22T16:22:52.323842,SE,72106348,"$1,396.15","VANDALIA, OH",,"VICHY, MO",,972,467,NO NOTES,1439,0.97,1,
2026-06-22T16:23:05.579270,SE,72106362,"$5,639.91","MINDEN, NV",,"ROCHESTER, NY",,"2,897","2,540",NO NOTES,5437,1.04,6,
2026-06-22T16:49:33.348316,WG,72106396,"$1,295.36","MEMPHIS, TN",,"LOCKBOURNE, OH",,766,588,"L1228142: TRACTOR SHIPMENTS MUST BE ABLE TO ACCOMODATE 26 PALLETS, NEED TO HAVE 53' OF SPACE, NO PALLET JACKS",1354,0.96,1,
2026-06-22T17:09:11.739033,WG,72106401,"$3,419.56","BOOTHWYN, PA",,"ROCKFORD, IL",,"1,026",835,NO NOTES,1861,1.84,26,
2026-06-22T17:31:08.420383,WG,72106288,$839.92,"BROOKS, KY",,"GROVE CITY, OH",,868,211,IC7875: ENSURE THAT YOU HAVE THE ENTIRE BOL FILLED OUT AT THIS LOCATION.,1079,0.78,1,
2026-06-22T17:53:04.943123,SE,72106402,"$2,938.48","LEWISVILLE, TX",,"MIAMI, FL",,"1,124","1,349",NO NOTES,2473,1.19,8,
2026-06-22T18:00:24.038317,SE,72106403,"$4,387.58","CALEXICO, CA",,"ATLANTA, GA",,"2,339","2,032",NO NOTES,4371,1.00,4,
2026-06-22T18:25:38.718670,WG,72106436,"$2,345.93","OLIVE BRANCH, MS",,"ITASCA, IL",,757,567,NO NOTES,1324,1.77,24,
2026-06-22T18:26:30.410143,WG,72106435,"$1,988.80","LOUISVILLE, KY",,"CARY, NC",,874,556,NOTE: PLEASE ADVISE DRIVERS THEY CANNOT ARRIVE IN THE PARKING LOT UNTIL 15 MINUTES PRIOR TO THEIR SCHEDULED PICKUP TIME.,1430,1.39,13,
2026-06-22T18:33:50.421488,WG,72106427,$967.16,"LOS ANGELES, CA",,"SAN DIEGO, CA",,"2,541",114,NO NOTES,2655,0.36,1,
2026-06-22T18:39:46.615298,WG,72106428,$896.85,"COPPELL, TX",,"LEWISVILLE, TX",,"1,120",10,NO NOTES,1130,0.79,1,
2026-06-22T18:40:04.883736,WG,72106429,"$2,571.30","HAZELWOOD, MO",,"BALTIMORE, MD",,"1,030",829,NO NOTES,1859,1.38,13,
2026-06-22T18:53:59.230880,WG,72106430,"$3,623.16","HAZELWOOD, MO",,"WILMINGTON, MA",,"1,030","1,191",NO NOTES,2221,1.63,21,
2026-06-22T19:14:59.522358,WG,72101418,"$2,207.72","CHICAGO, IL",,"KANSAS CITY, MO",,"1,203",523,NO NOTES,1726,1.28,10,
2026-06-22T19:15:19.970755,WG,72106400,"$1,786.82","ROCKFORD, IL",,"BROOKS, KY",,"1,253",395,NO NOTES,1648,1.08,4,
2026-06-22T19:45:57.763656,WG,72106479,"$2,209.47","BLOOMINGTON, IN",,"ALLENTOWN, PA",,976,674,NO NOTES,1650,1.34,11,
2026-06-22T20:34:19.106698,SE,72106485,$467.95,"INDIANAPOLIS, IN",,"COLUMBUS, IN",,"1,000",48,NO NOTES,1048,0.45,1,
2026-06-22T20:55:03.445525,SE,72106488,$481.13,"NASHVILLE, TN",,"LA VERGNE, TN",,705,12,NO NOTES,717,0.67,1,
2026-06-22T21:16:10.432291,SE,72106491,$441.94,"DALLAS, TX",,"IRVING, TX",,"1,123",7,NO NOTES,1130,0.39,1,
2026-06-22T22:11:56.040655,SE,72106492,"$1,066.59","ERLANGER, KY",,"BATESVILLE, MS",,901,528,PICKUP: 6/22 ASAP - REFERENCE PN 2758M16G01 FOR PICKUP,1429,0.75,1,
2026-06-22T22:47:22.036213,SE,72106469,"$1,540.53","ASHBURN, VA",,"NEW ALBANY, OH",,912,383,NO NOTES,1295,1.19,7,
2026-06-22T22:58:41.270625,WG,72106487,"$2,695.23","BROOKS, KY",,"MIAMI, FL",,868,"1,076",IC7875: ENSURE THAT YOU HAVE THE ENTIRE BOL FILLED OUT AT THIS LOCATION.,1944,1.39,13,
2026-06-22T22:58:46.048610,WG,72106359,"$1,656.30","MALVERN, PA",,"DURHAM, NC",,"1,041",406,NO NOTES,1447,1.14,5,
2026-06-23T00:50:57.141156,WG,72105704,"$4,987.44","ARLINGTON, VA",,"RICHARDSON, TX",,898,"1,326",NO NOTES,2224,2.24,39,
2026-06-23T07:08:45.981229,WG,72106505,"$1,488.96","MEMPHIS, TN",,"GROVEPORT, OH",,766,588,"L1228142: TRACTOR SHIPMENTS MUST BE ABLE TO ACCOMODATE 26 PALLETS, NEED TO HAVE 53' OF SPACE, NO PALLET JACKS",1354,1.10,4,
2026-06-23T07:11:22.830581,SE,72104303,"$3,691.26","LAFAYETTE, IN",,"DALLAS, TX",,"1,059",942,NO NOTES,2001,1.84,27,
2026-06-23T07:15:54.377468,WG,72106440,$838.40,"CRANBURY, NJ",,"RARITAN, NJ",,"1,091",29,00046768: ALL TEMP CONTROL LOADS MUST BE TVAL,1120,0.75,1,
2026-06-23T07:17:44.223748,WG,72106441,$838.40,"CRANBURY, NJ",,"RARITAN, NJ",,"1,091",29,00046768: ALL TEMP CONTROL LOADS MUST BE TVAL,1120,0.75,1,
2026-06-23T07:23:16.169177,WG,72106442,$838.40,"CRANBURY, NJ",,"RARITAN, NJ",,"1,091",29,00046768: ALL TEMP CONTROL LOADS MUST BE TVAL,1120,0.75,1,
2026-06-23T07:24:36.752241,WG,72106443,$838.40,"CRANBURY, NJ",,"RARITAN, NJ",,"1,091",29,00046768: ALL TEMP CONTROL LOADS MUST BE TVAL,1120,0.75,1,
2026-06-23T07:53:35.377974,SE,72106535,"$1,247.37","MCCLELLAN AFB, CA",,"LOS ANGELES, CA",,"2,833",401,NO NOTES,3234,0.39,1,
2026-06-23T08:00:13.760076,WG,72106446,"$2,255.36","RENSSELAER, NY",,"SHEPHERDSVILLE, KY",,"1,274",840,L1244392: TEAM DRIVERS ONLY FOR ALL TAKEDA RUNS,2114,1.07,4,
2026-06-23T08:00:52.955588,SE,72106514,"$1,230.29","BATAVIA, OH",,"MECHANICSBURG, PA",,929,456,NO NOTES,1385,0.89,1,
2026-06-23T08:39:44.124276,WG,72106547,"$1,672.99","BEDFORD, NH",,"PHILADELPHIA, PA",,"1,381",329,NO NOTES,1710,0.98,1,
2026-06-23T08:39:51.493935,WG,72106551,"$5,263.33","BEDFORD, NH",,"MIDDLETON, WI",,"1,381","1,183",NO NOTES,2564,2.05,34,
2026-06-23T08:42:14.896957,SE,72106447,$970.25,"RITTMAN, OH",,"MANISTEE, MI",,"1,050",430,NO NOTES,1480,0.66,1,
2026-06-23T08:47:07.477404,WG,72106571,"$4,905.54","HOUSTON, TX",,"MINNEAPOLIS, MN",,978,"1,199",NO NOTES,2177,2.25,39,
2026-06-23T08:48:17.417909,WG,72106549,"$1,415.15","MEMPHIS, TN",,"GROVEPORT, OH",,766,588,"L1228142: TRACTOR SHIPMENTS MUST BE ABLE TO ACCOMODATE 26 PALLETS, NEED TO HAVE 53' OF SPACE, NO PALLET JACKS",1354,1.05,2,
2026-06-23T08:49:24.722848,SE,72106515,"$2,886.93","ISLANDIA, NY",,"VERGENNES, VT",,"1,193",311,NO NOTES,1504,1.92,28,
2026-06-23T08:56:36.173059,SE,72106550,$646.85,"NORCROSS, GA",,"ROCKINGHAM, NC",,472,301,NO NOTES,773,0.84,1,
2026-06-23T09:28:41.095075,WG,72106522,"$1,761.15","BREINIGSVILLE, PA",,"MOUNT VERNON, IN",,"1,074",781,BRCOAR: TRAILER MUST BE EMPTY OUTSIDE OF EQUIPMENT NEEDED TO SECURE. NO PLYWOOD IN TRAILER FLOORS ON REEFER LOADS.,1855,0.95,1,
2026-06-23T09:28:58.431654,WG,72106520,"$1,953.00","MANCHESTER, PA",,"MOUNT VERNON, IN",,"1,003",720,PLEASE BE IN RANGE WHEN YOU ARRIVE AT SHIPPER**SET POINT 20C,1723,1.13,5,
2026-06-23T09:29:21.335733,WG,72106531,"$2,596.96","CRANBURY, NJ",,"HIGH POINT, NC",,"1,091",491,NO NOTES,1582,1.64,20,
2026-06-23T09:32:29.275135,SE,72106575,"$1,808.87","SOUTH PLAINFIELD, NJ",,"INDIANAPOLIS, IN",,"1,113",691,NO NOTES,1804,1.00,2,
2026-06-23T09:44:37.586248,WG,72106175,"$2,722.87","PHILADELPHIA, PA",,"LOCKBOURNE, OH",,"1,059",485,NO NOTES,1544,1.76,24,
2026-06-23T09:44:54.584567,WG,72106523,"$1,703.55","LOCKBOURNE, OH",,"NEWARK, DE",,991,467,IC7875: ENSURE THAT YOU HAVE THE ENTIRE BOL FILLED OUT AT THIS LOCATION.,1458,1.17,6,
2026-06-23T09:45:10.542452,WG,72106524,$867.59,"TRENTON, NJ",,"ALLENTOWN, PA",,"1,080",74,NO NOTES,1154,0.75,1,
2026-06-23T09:45:29.775224,WG,72106557,"$1,879.45","COLUMBUS, OH",,"DANBURY, CT",,"1,019",603,NO NOTES,1622,1.16,6,
2026-06-23T09:46:20.704162,SE,72042236,"$2,535.73","PAPILLION, NE",,"COLUMBUS, OH",,"1,446",791,NO NOTES,2237,1.13,6,
2026-06-23T09:59:17.863091,WG,72106584,"$2,090.91","LOCKBOURNE, OH",,"ROCKFORD, IL",,991,419,NO NOTES,1410,1.48,15,
2026-06-23T10:12:52.056286,SE,72106594,"$1,262.71","KANKAKEE, IL",,"MEMPHIS, TN",,"1,156",491,9 PLTS 9064 LBS 48X48X60,1647,0.77,1,
2026-06-23T10:25:10.301568,WG,72106560,"$6,620.65","FLORENCE, SC",,"SAN DIEGO, CA",,500,"2,444",NO NOTES,2944,2.25,41,
2026-06-23T10:25:21.780290,WG,72106559,$892.15,"CYPRESS, CA",,"LOS ANGELES, CA",,"2,519",29,NO NOTES,2548,0.35,1,
2026-06-23T10:40:44.133639,SE,72106602,"$2,665.72","LOUISVILLE, KY",,"OXFORD, ME",,888,"1,088",NO NOTES,1976,1.35,12,
2026-06-23T10:46:53.296913,WG,72106530,$720.68,"LOCKBOURNE, OH",,"LOUISVILLE, KY",,991,216,BAX5100: MUST HAVE TEAM DRIVERS FOR ALL RUNS NO MATTER WHAT THE MILEAGE IS.,1207,0.60,1,
2026-06-23T10:48:06.606700,SE,72106561,$865.18,"WEST GREENWICH, RI",,"ELIZABETH, NJ",,"1,292",175,NO NOTES,1467,0.59,1,
2026-06-23T10:54:03.718612,WG,72106611,"$1,091.33","SHEPHERDSVILLE, KY",,"SIMPSONVILLE, SC",,864,398,BAX5100: MUST HAVE TEAM DRIVERS FOR ALL RUNS NO MATTER WHAT THE MILEAGE IS.,1262,0.86,1,
2026-06-23T11:07:01.568489,WG,72106616,"$2,091.34","VANDALIA, OH",,"ROCKFORD, IL",,972,373,NO NOTES,1345,1.55,17,
2026-06-23T11:08:08.352921,WG,72106613,"$2,450.69","MOUNT VERNON, IN",,"FORT LAUDERDALE, FL",,879,"1,071",BRCOAR: TRAILER MUST BE EMPTY OUTSIDE OF EQUIPMENT NEEDED TO SECURE. NO PLYWOOD IN TRAILER FLOORS ON REEFER LOADS.,1950,1.26,9,
2026-06-23T11:08:40.719317,WG,72106564,"$1,503.58","MEMPHIS, TN",,"WHITESTOWN, IN",,766,495,"L1228142: TRACTOR SHIPMENTS MUST BE ABLE TO ACCOMODATE 26 PALLETS, NEED TO HAVE 53' OF SPACE, NO PALLET JACKS",1261,1.19,7,
2026-06-23T11:15:07.009912,WG,72106614,"$1,963.22","MEMPHIS, TN",,"ORLANDO, FL",,766,757,"L1228142: TRACTOR SHIPMENTS MUST BE ABLE TO ACCOMODATE 26 PALLETS, NEED TO HAVE 53' OF SPACE, NO PALLET JACKS",1523,1.29,10,
2026-06-23T11:15:37.580328,SE,72106608,$819.35,"MILLBURN, NJ",,"ALLENTOWN, PA",,"1,132",76,NO NOTES,1208,0.68,1,
2026-06-23T11:21:50.869648,WG,72106618,$896.93,"MOUNT VERNON, IN",,"BROOKS, KY",,879,153,**PLEASE BE SURE YOU ARE IN RANGE WHEN YOU ARRIVE* SET POINT 5C**,1032,0.87,1,
2026-06-23T11:35:12.602675,WG,72106567,"$6,540.52","FLORENCE, SC",,"SAN DIEGO, CA",,500,"2,444",NO NOTES,2944,2.22,40,
2026-06-23T11:43:35.191364,WG,72106631,"$1,386.61","MEMPHIS, TN",,"ORLAND PARK, IL",,766,533,"L1228142: TRACTOR SHIPMENTS MUST BE ABLE TO ACCOMODATE 26 PALLETS, NEED TO HAVE 53' OF SPACE, NO PALLET JACKS",1299,1.07,3,
2026-06-23T11:57:09.043140,WG,72106568,"$1,557.90","GREENVILLE, NC",,"LOCKBOURNE, OH",,690,547,L1244392: TEAM DRIVERS ONLY FOR ALL TAKEDA RUNS,1237,1.26,9,
2026-06-23T11:57:58.048725,SE,72106569,"$2,516.72","ALBUQUERQUE, NM",,"NASHVILLE, TN",,"1,750","1,224",NO NOTES,2974,0.85,2,
2026-06-23T12:11:47.160584,SE,72106672,$444.12,"DALLAS, TX",,"FORT WORTH, TX",,"1,352",27,NO NOTES,1379,0.32,1,
2026-06-23T12:25:44.700802,WG,72106653,"$1,449.68","LA VERGNE, TN",,"GROVEPORT, OH",,"2,051",395,NO NOTES,2446,0.59,1,
2026-06-23T12:30:58.099347,WG,72106654,"$2,547.21","GROVE CITY, OH",,"MEMPHIS, TN",,"1,008",564,"PR2297: IF PALLET JACK REQUESTED NEED TO MAKE SURE IT'S ACCESSIBLE TO OFFLOAD TRK. DRIVERS MAY NEED TO OFFLOAD TRK TO DOCK AT DELIVERIES, ESPECIALLY NC AND FL.",1572,1.62,20,
2026-06-23T12:39:36.733559,SE,72105765,"$1,957.78","EDMOND, OK",,"FAIRBURN, GA",,"1,250",854,NO NOTES,2104,0.93,2,
2026-06-23T12:44:41.209021,WG,72106638,"$2,158.47","RENSSELAER, NY",,"FISHERS, IN",,"1,273",790,NO NOTES,2063,1.05,3,
2026-06-23T12:51:46.757435,WG,72106673,"$1,514.64","CHICAGO, IL",,"WILMINGTON, OH",,"1,202",352,NO NOTES,1554,0.97,1,
2026-06-23T12:59:07.260241,WG,72105396,"$1,167.40","MORRISVILLE, NC",,"ALLENTOWN, PA",,"2,542",447,NO NOTES,2989,0.39,1,
2026-06-23T13:06:40.041098,WG,72106648,"$2,420.29","RENSSELAER, NY",,"FISHERS, IN",,"2,868",790,NO NOTES,3658,0.66,2,
2026-06-23T13:19:56.936416,WG,72106670,$725.31,"TRENTON, NJ",,"PHILADELPHIA, PA",,"1,079",28,NO NOTES,1107,0.66,1,
2026-06-23T13:21:22.466002,WG,72106677,$909.89,"BOSTON, MA",,"BOSTON, MA",,"3,034",54,CSAFE RKN SHIPMENT TO PICK UP FREIGHT. WILL NEED TO FOLLOW SHIPPER ORIGIN INSTRUCTIONS AT ALL LOCATIONS. INSTRUCTIONS WILL BE EMAILED TO YOU TEMP TRUCK SET POINT 5C AND RANGE 2-8C,3088,0.29,1,
2026-06-23T13:21:26.826850,WG,72106698,$940.70,"GLEN ALLEN, VA",,"ASHBURN, VA",,"2,636",114,NO NOTES,2750,0.34,1,
2026-06-23T13:41:18.162942,WG,72106630,"$1,629.94","OSWEGO, NY",,"JOHNSTOWN, PA",,"2,724",338,L1238923: NO PETS,3062,0.53,1,
2026-06-23T14:09:10.273087,WG,72106678,$651.77,"COLUMBUS, OH",,"GROVEPORT, OH",,"2,264",16,"BICOCT: TRAILERS MUST BE CLEAN, EMPTY, DRY, FREE OF STRUCTURAL DAMAGE AND NO ODORS FROM PRIOR FREIGHT. MUST HAVE TWO LOAD LOCKS IN EACH TRAILER AND FUEL TANKS 3/4 FULL PRIOR TO PICKUP ARRIVAL. ANY SHIPMENTS WITH VA-Q-TEC CONTAINERS, PLEASE MAKE SURE CONTAINERS ARE OFFLOADED AND COMPLETELY EMPTIED AT DELIVERY BEFORE BEING RELOADED ONTO TRUCK FOR RETURN TO VA-Q-TEC.",2280,0.29,1,
2026-06-23T14:09:25.896591,WG,72106640,$651.77,"COLUMBUS, OH",,"GROVEPORT, OH",,"2,264",16,"BICOCT: TRAILERS MUST BE CLEAN, EMPTY, DRY, FREE OF STRUCTURAL DAMAGE AND NO ODORS FROM PRIOR FREIGHT. MUST HAVE TWO LOAD LOCKS IN EACH TRAILER AND FUEL TANKS 3/4 FULL PRIOR TO PICKUP ARRIVAL. ANY SHIPMENTS WITH VA-Q-TEC CONTAINERS, PLEASE MAKE SURE CONTAINERS ARE OFFLOADED AND COMPLETELY EMPTIED AT DELIVERY BEFORE BEING RELOADED ONTO TRUCK FOR RETURN TO VA-Q-TEC.",2280,0.29,1,
2026-06-23T14:10:12.520542,WG,72105709,"$3,193.34","NASHVILLE, TN",,"PHILADELPHIA, PA",,"2,038",812,NO NOTES,2850,1.12,6,
2026-06-23T14:11:24.176770,SE,72106682,$488.99,"HOUSTON, TX",,"COLLEGE STATION, TX",,"1,467",95,NO NOTES,1562,0.31,1,
2026-06-23T14:46:36.809926,SE,72106688,$761.50,"AMESBURY, MA",,"BOSTON, MA",,"1,380",38,NO NOTES,1418,0.54,1,
2026-06-23T14:51:02.177531,WG,72106338,"$2,418.56","GREENVILLE, NC",,"BROOKS, KY",,"2,633",647,NO NOTES,3280,0.74,2,
2026-06-23T14:51:33.580243,WG,72106758,$949.48,"NEW BRUNSWICK, NJ",,"ALLENTOWN, PA",,"1,104",72,BRCOAR: TRAILER MUST BE EMPTY OUTSIDE OF EQUIPMENT NEEDED TO SECURE. NO PLYWOOD IN TRAILER FLOORS ON REEFER LOADS.,1176,0.81,1,
2026-06-23T14:53:09.847837,WG,72106689,$949.42,"ASHBURN, VA",,"GLEN ALLEN, VA",,"2,679",113,NO NOTES,2792,0.34,1,
2026-06-23T14:57:52.906442,WG,72106778,$985.30,"MCDONOUGH, GA",,"COURTLAND, AL",,"2,181",284,"?CORRECT ADDRESS FROM CUSTOMER - 1325 MACON ST, MCDONOUGH, GA",2465,0.40,1,
2026-06-23T14:58:57.470706,WG,72106760,$897.03,"NEW BRUNSWICK, NJ",,"BRANFORD, CT",,"2,786",121,BRCOAR: TRAILER MUST BE EMPTY OUTSIDE OF EQUIPMENT NEEDED TO SECURE. NO PLYWOOD IN TRAILER FLOORS ON REEFER LOADS.,2907,0.31,1,
2026-06-23T15:07:17.044610,SE,72103999,"$2,485.84","WORCESTER, MA",,"TOLEDO, OH",,"2,992",722,NO NOTES,3714,0.67,2,
2026-06-23T15:13:49.589601,SE,72106700,"$1,589.01","SHELBY TOWNSHIP, MI",,"HUNTSVILLE, AL",,"1,200",683,NO NOTES,1883,0.84,1,
2026-06-23T15:25:58.880743,WG,72106796,"$2,011.37","ROCKFORD, IL",,"BURLINGTON, ON",,"2,010",578,NO NOTES,2588,0.78,2,
2026-06-23T15:26:58.907004,WG,72106783,"$1,928.09","MORRISVILLE, NC",,"BLOOMINGTON, IN",,"2,542",674,NO NOTES,3216,0.60,2,
2026-06-23T15:27:08.734991,WG,72106811,"$1,110.99","LA VERGNE, TN",,"MEMPHIS, TN",,"2,051",229,NO NOTES,2280,0.49,1,
2026-06-23T15:28:09.848658,WG,72106768,$710.47,"MADISON, AL",,"BATESVILLE, MS",,"2,025",205,NO NOTES,2230,0.32,1,
2026-06-23T21:37:08.677483,WG,72106943,"$2,279.00","SPARKS, NV",,"REDMOND, WA",,630,766,NO NOTES,1396,1.63,20,
2026-06-23T21:37:15.391848,WG,72106932,$791.92,"GREENCASTLE, PA",,"FREDERICK, MD",,"2,612",39,NO NOTES,2651,0.30,1,
2026-06-23T21:37:49.146401,WG,72106647,$659.05,"COLUMBUS, OH",,"PATASKALA, OH",,"2,264",32,"BICOCT: TRAILERS MUST BE CLEAN, EMPTY, DRY, FREE OF STRUCTURAL DAMAGE AND NO ODORS FROM PRIOR FREIGHT. MUST HAVE TWO LOAD LOCKS IN EACH TRAILER AND FUEL TANKS 3/4 FULL PRIOR TO PICKUP ARRIVAL. ANY SHIPMENTS WITH VA-Q-TEC CONTAINERS, PLEASE MAKE SURE CONTAINERS ARE OFFLOADED AND COMPLETELY EMPTIED AT DELIVERY BEFORE BEING RELOADED ONTO TRUCK FOR RETURN TO VA-Q-TEC.",2296,0.29,1,
2026-06-23T21:38:26.975461,WG,72106849,"$1,971.63","FOREST PARK, GA",,"MOUNT PROSPECT, IL",,"2,157",764,NO NOTES,2921,0.67,2,
2026-06-23T21:39:16.833969,WG,72106985,$913.98,"WEST SACRAMENTO, CA",,"SOUTH SAN FRANCISCO, CA",,492,91,NO NOTES,583,1.57,17,
2026-06-23T21:39:25.436055,SE,72106464,"$2,165.90","CALEDONIA, MI",,"HOPEWELL JUNCTION, NY",,"2,234",761,NO NOTES,2995,0.72,2,
2026-06-23T21:39:30.497699,SE,72097289,"$1,230.57","DES MOINES, IA",,"SAINT PAUL, MN",,"1,733",245,NO NOTES,1978,0.62,1,
2026-06-23T22:00:29.778226,SE,72082050,"$2,383.99","WEST SACRAMENTO, CA",,"SOUTH JORDAN, UT",,492,659,L1131164: DRIVER MAY BE REQUESTED TO HELP WITH LOADING/UNLOADING.,1151,2.07,32,
2026-06-23T22:56:11.731471,SE,72106903,"$1,411.65","LYNN, MA",,"ELIZABETH CITY, NC",,"3,039",623,NO NOTES,3662,0.39,1,
2026-06-23T23:36:32.670963,WG,72105730,"$1,157.38","MERIDEN, CT",,"SCHENECTADY, NY",,"2,916",143,NO NOTES,3059,0.38,1,
2026-06-23T23:38:40.431238,SE,72074194,"$2,660.59","RENO, NV",,"TACOMA, WA",,623,717,"F1126192: DRIVER MAY BE REQUESTED TO HELP WITH LOADING/UNLOADING BASEBALL EQUIPMENT, PCS/WT VARY",1340,1.99,30,
2026-06-24T00:13:33.574635,SE,72107000,"$1,227.71","PEEBLES, OH",,"BATESVILLE, MS",,"2,271",601,NO NOTES,2872,0.43,1,
2026-06-24T00:14:04.162623,SE,72059806,"$4,618.43","RENO, NV",,"OKLAHOMA CITY, OK",,623,"1,565","OKL2SO:BASEBALL EQUIPMENT/DRIVER MAY BE REQUESTED TO HELP WITH LOADING/UNLOADING/PCS,WT MAY VARY",2188,2.11,35,
2026-06-24T00:14:11.537447,SE,72072794,"$2,614.21","SUGAR LAND, TX",,"EL PASO, TX",,"1,468",736,F1024874: DRIVER MAY BE REQUESTED TO HELP WITH LOADING/UNLOADING.,2204,1.19,7,
2026-06-24T02:31:41.412763,WG,72106946,"$7,103.23","LOCKBOURNE, OH",,"MONTCLAIR, CA",,"2,283","2,228",IC7875: ENSURE THAT YOU HAVE THE ENTIRE BOL FILLED OUT AT THIS LOCATION.,4511,1.57,22,
2026-06-24T02:32:06.763403,WG,72106827,$993.96,"LOCKBOURNE, OH",,"BROOKS, KY",,"2,283",221,IC7875: ENSURE THAT YOU HAVE THE ENTIRE BOL FILLED OUT AT THIS LOCATION.,2504,0.40,1,
2026-06-24T02:33:06.081639,WG,72106828,$698.90,"MIRA LOMA, CA",,"OCEANSIDE, CA",,95,76,"L1145981: IF PICKING UP AT UPS MIRA LOMA, CA PU IS AT DOOR 2132.",171,4.09,70,
2026-06-24T02:33:39.274135,WG,72104690,$826.96,"CINCINNATI, OH",,"BLOOMINGTON, IN",,"2,209",167,NO NOTES,2376,0.35,1,
2026-06-24T11:09:24.340473,WG,72107015,"$1,217.89","GREENVILLE, NC",,"ALLENTOWN, PA",,"2,633",451,NO NOTES,3084,0.39,1,
2026-06-24T11:09:37.929576,WG,72107005,$814.20,"LA VERGNE, TN",,"BROOKS, KY",,"2,051",176,IC7875: ENSURE THAT YOU HAVE THE ENTIRE BOL FILLED OUT AT THIS LOCATION.,2227,0.37,1,
2026-06-24T11:09:42.342213,WG,72107097,$709.67,"SHEPHERDSVILLE, KY",,"CINCINNATI, OH",,"2,128",135,BAX5100: MUST HAVE TEAM DRIVERS FOR ALL RUNS NO MATTER WHAT THE MILEAGE IS.,2263,0.31,1,
2026-06-24T11:10:10.357560,WG,72107100,"$1,582.49","MEMPHIS, TN",,"KANSAS CITY, MO",,"1,840",538,"L1228142: TRACTOR SHIPMENTS MUST BE ABLE TO ACCOMODATE 26 PALLETS, NEED TO HAVE 53' OF SPACE, NO PALLET JACKS",2378,0.67,1,
2026-06-24T11:10:18.878243,WG,72107049,"$1,618.61","MEMPHIS, TN",,"MOUNT PROSPECT, IL",,"1,840",570,"L1228142: TRACTOR SHIPMENTS MUST BE ABLE TO ACCOMODATE 26 PALLETS, NEED TO HAVE 53' OF SPACE, NO PALLET JACKS",2410,0.67,1,
2026-06-24T11:10:29.106417,WG,72107038,"$1,273.69","MEMPHIS, TN",,"GROVEPORT, OH",,"1,840",588,"L1228142: TRACTOR SHIPMENTS MUST BE ABLE TO ACCOMODATE 26 PALLETS, NEED TO HAVE 53' OF SPACE, NO PALLET JACKS",2428,0.52,1,
2026-06-24T11:10:39.573168,WG,72107017,"$1,208.00","MEMPHIS, TN",,"ATLANTA, GA",,"1,840",372,"L1228142: TRACTOR SHIPMENTS MUST BE ABLE TO ACCOMODATE 26 PALLETS, NEED TO HAVE 53' OF SPACE, NO PALLET JACKS",2212,0.55,1,
2026-06-24T11:10:50.638523,WG,72107045,"$1,273.69","MEMPHIS, TN",,"GROVEPORT, OH",,"1,840",588,"L1228142: TRACTOR SHIPMENTS MUST BE ABLE TO ACCOMODATE 26 PALLETS, NEED TO HAVE 53' OF SPACE, NO PALLET JACKS",2428,0.52,1,
2026-06-24T11:10:55.713993,WG,72107101,$913.98,"WEST SACRAMENTO, CA",,"SOUTH SAN FRANCISCO, CA",,492,91,NO NOTES,583,1.57,17,
2026-06-24T11:11:02.053584,WG,72101467,"$1,150.47","NORTH ROYALTON, OH",,"DETROIT, MI",,"2,391",156,MAS2300: DELETED COMMENT/BLL,2547,0.45,1,
2026-06-24T11:11:08.045704,WG,72104845,"$3,540.01","SAINT LOUIS, MO",,"TEMPE, AZ",,"1,847","1,446",NO NOTES,3293,1.08,5,
2026-06-24T11:11:12.444870,WG,72106187,"$2,339.54","SAINT LOUIS, MO",,"HOUSTON, TX",,"1,847",792,NO NOTES,2639,0.89,2,
2026-06-24T11:11:18.027736,WG,72107093,"$1,363.14","ROCHESTER, NY",,"LOCKBOURNE, OH",,"2,648",410,L1244392: TEAM DRIVERS ONLY FOR ALL TAKEDA RUNS,3058,0.45,1,
2026-06-24T11:11:22.049116,WG,72102387,"$1,362.24","MOUNT VERNON, IN",,"MOUNT VERNON, IN",,"2,005",0,STAGING LOAD-DESTINATION UNKNOWN-TEAMS ONLY,2005,0.68,1,
2026-06-24T11:11:26.004386,WG,72098854,"$1,312.27","PHILADELPHIA, PA",,"RENSSELAER, NY",,"2,750",217,NO NOTES,2967,0.44,1,
2026-06-24T11:11:31.911182,WG,72107042,"$1,676.51","EAST GREENBUSH, NY",,"SAINTE FOY, QC",,"2,871",380,NO NOTES,3251,0.52,1,
2026-06-24T11:11:35.513066,WG,72106649,"$1,893.01","LAYTON, UT",,"TRAVIS AFB, CA",,762,710,NO NOTES,1472,1.29,10,
2026-06-24T11:11:40.696398,WG,72106285,"$1,592.72","CHARLES CITY, IA",,"SHEPHERDSVILLE, KY",,"1,879",626,L1244392: TEAM DRIVERS ONLY FOR ALL TAKEDA RUNS,2505,0.64,1,
2026-06-24T11:11:54.047839,WG,72105191,,,,,,,,NO NOTES,,,1,
2026-06-24T11:11:57.628775,WG,72106729,"$2,059.27","LITTLETON, CO",,"WEBSTER, TX",,"1,075","1,049",NO NOTES,2124,0.97,2,
2026-06-24T11:12:02.449392,WG,72107102,"$4,790.80","BIRMINGHAM, AL",,"ALBUQUERQUE, NM",,"1,999","1,243",NO NOTES,3242,1.48,18,
2026-06-24T11:12:06.361949,WG,72107098,"$1,459.00","ALLENTOWN, PA",,"LOCKBOURNE, OH",,"2,716",448,BAX5100: MUST HAVE TEAM DRIVERS FOR ALL RUNS NO MATTER WHAT THE MILEAGE IS.,3164,0.46,1,
2026-06-24T11:12:10.298813,WG,72106003,"$5,114.67","DES PLAINES, IL",,"DES PLAINES, IL",,"2,063","1,610",NO NOTES,3673,1.39,16,
2026-06-24T11:12:13.472136,WG,72107063,"$1,066.26","WEST DEPTFORD, NJ",,"MIDDLESEX, NJ",,"2,743",83,NO NOTES,2826,0.38,1,
2026-06-24T11:12:17.394550,WG,72106171,"$1,304.38","PEARL RIVER, NY",,"GROTON, CT",,"2,840",123,PICKUP AT BLDG 175,2963,0.44,1,
2026-06-24T11:12:20.381420,WG,72106832,"$2,177.96","PLAINFIELD, IN",,"ATLANTA, GA",,"2,082",658,NO NOTES,2740,0.79,2,
2026-06-24T11:12:29.129090,WG,72103884,"$4,161.50","LITTLETON, CO",,"ELKTON, MD",,"1,075","1,740",NO NOTES,2815,1.48,17,
2026-06-24T11:12:33.589613,WG,72104094,$966.73,"LA VERGNE, TN",,"LA VERGNE, TN",,"2,051",1,NO NOTES,2052,0.47,1,
2026-06-24T11:12:41.291078,WG,72106526,"$1,861.67","MACUNGIE, PA",,"LOCKBOURNE, OH",,"2,718",448,NO NOTES,3166,0.59,2,
2026-06-24T11:12:55.494692,SE,72107062,"$1,494.58","EAST BERLIN, CT",,"CASTLE HAYNE, NC",,"2,924",690,NO NOTES,3614,0.41,1,
2026-06-24T11:12:59.948488,SE,72107040,$741.29,"BALTIMORE, MD",,"SOUTH PLAINFIELD, NJ",,"2,674",169,NO NOTES,2843,0.26,1,
2026-06-24T11:13:10.250134,SE,72107059,"$1,614.99","FAIRBURN, GA",,"BRADENTON, FL",,"2,143",499,NO NOTES,2642,0.61,1,
2026-06-24T11:16:23.062482,WG,72107104,"$1,591.11","KANSAS CITY, MO",,"INDIANAPOLIS, IN",,"1,674",482,NO NOTES,2156,0.74,1,
2026-06-24T11:18:18.961795,SE,72107075,$724.44,"DURHAM, NC",,"COLUMBIA, SC",,"2,532",233,NO NOTES,2765,0.26,1,
2026-06-24T11:18:25.482634,SE,72107076,$896.97,"MECHANICSBURG, PA",,"MILLBURN, NJ",,"2,631",163,NO NOTES,2794,0.32,1,
2026-06-24T11:25:12.821360,WG,72106527,,,,,,,,NO NOTES,,,1,
2026-06-24T11:29:38.078667,WG,72106830,"$3,455.52","BROOKS, KY",,"PORT WASHINGTON, NY",,"2,123",781,NO NOTES,2904,1.19,8,
2026-06-24T11:30:29.222761,WG,72107064,"$3,314.24","GILBERT, AZ",,"ENGLEWOOD, CO",,379,844,NO NOTES,1223,2.71,51,
2026-06-24T11:38:10.649987,WG,72107078,"$1,745.65","GREENVILLE, NC",,"AUDUBON, PA",,"2,633",426,NO NOTES,3059,0.57,1,
2026-06-24T11:45:49.616876,SE,72107079,$445.94,"DURHAM, NC",,"RALEIGH, NC",,"2,535",31,NO NOTES,2566,0.17,1,
2026-06-24T11:45:52.795371,SE,72107066,"$3,397.84","FORT WORTH, TX",,"NORTHWOOD, OH",,"1,334","1,133",NO NOTES,2467,1.38,14,
2026-06-24T12:07:05.853875,WG,72105908,"$3,434.43","NORTH CHARLESTON, SC",,"WHIPPANY, NJ",,"2,467",755,NO NOTES,3222,1.07,5,
2026-06-24T12:07:10.246056,WG,72107031,"$2,050.36","BLOOMINGTON, IN",,"ALLENTOWN, PA",,"2,078",674,NO NOTES,2752,0.75,2,
2026-06-24T12:07:14.243656,WG,72107012,"$1,069.90","BLOOMINGTON, IN",,"MOUNT PROSPECT, IL",,"2,078",260,NO NOTES,2338,0.46,1,
2026-06-24T12:07:18.343144,WG,72106655,"$2,548.42","ALLENTOWN, PA",,"LA VERGNE, TN",,"2,716",792,NO NOTES,3508,0.73,2,
2026-06-24T12:07:23.066562,WG,72106829,"$1,158.13","BLOOMINGTON, IN",,"ROCKFORD, IL",,"2,078",315,NO NOTES,2393,0.48,1,
2026-06-24T12:12:54.439539,WG,72107087,"$1,635.53","WILMINGTON, DE",,"NORWICH, NY",,"2,723",238,NO NOTES,2961,0.55,1,
2026-06-24T12:14:12.302461,SE,72107084,"$3,137.11","OMAHA, NE",,"NEW HAVEN, CT",,"1,602","1,322",NO NOTES,2924,1.07,5,
2026-06-24T12:19:00.419402,WG,72107131,"$3,599.93","CRANBURY, NJ",,"MOUNT PROSPECT, IL",,"2,783",828,NO NOTES,3611,1.00,3,
2026-06-24T12:32:48.824374,WG,72107126,$709.67,"SHEPHERDSVILLE, KY",,"CINCINNATI, OH",,"2,128",135,BAX5100: MUST HAVE TEAM DRIVERS FOR ALL RUNS NO MATTER WHAT THE MILEAGE IS.,2263,0.31,1,
2026-06-24T12:54:54.786510,WG,72107090,"$1,147.17","MALVERN, PA",,"RARITAN, NJ",,"2,719",65,00046768: ALL TEMP CONTROL LOADS MUST BE TVAL,2784,0.41,1,
2026-06-24T12:55:00.878106,WG,72107171,"$1,147.17","MALVERN, PA",,"RARITAN, NJ",,"2,719",65,00046768: ALL TEMP CONTROL LOADS MUST BE TVAL,2784,0.41,1,
2026-06-24T12:55:17.167033,WG,72107152,"$4,716.92","SHEPHERDSVILLE, KY",,"TEMPE, AZ",,"2,128","1,728",BAX5100: MUST HAVE TEAM DRIVERS FOR ALL RUNS NO MATTER WHAT THE MILEAGE IS.,3856,1.22,10,
2026-06-24T13:01:57.226210,WG,72107172,$933.94,"MALVERN, PA",,"PINE BROOK, NJ",,"2,719",95,00046768: ALL TEMP CONTROL LOADS MUST BE TVAL,2814,0.33,1,
2026-06-24T13:03:03.877947,WG,72107067,"$3,116.02","BALTIMORE, MD",,"UNION CITY, GA",,"2,674",706,NO NOTES,3380,0.92,3,
2026-06-24T13:03:23.342194,SE,72107103,"$1,039.62","LOUISVILLE, KY",,"COLUMBUS, OH",,"2,108",206,NO NOTES,2314,0.45,1,
2026-06-24T13:09:24.347925,WG,72099559,"$1,430.34","SHEPHERDSVILLE, KY",,"DOTHAN, AL",,"2,128",538,BAX5100: MUST HAVE TEAM DRIVERS FOR ALL RUNS NO MATTER WHAT THE MILEAGE IS.,2666,0.54,1,
2026-06-24T13:17:23.582978,SE,72107175,"$2,868.47","WINTER GARDEN, FL",,"BRONX, NY",,"2,422","1,104",NO NOTES,3526,0.81,2,
2026-06-24T13:23:51.157095,SE,72107176,"$2,699.97","CONVERSE, TX",,"PROCTOR, WV",,"1,288","1,440",NO NOTES,2728,0.99,2,
2026-06-24T13:36:01.936395,WG,72107135,"$3,798.26","LA VERGNE, TN",,"ENGLEWOOD, CO",,"2,051","1,172",NO NOTES,3223,1.18,8,
2026-06-24T13:38:03.726672,SE,72106753,"$4,662.49","TUCSON, AZ",,"ANNAPOLIS JUNCTION, MD",,415,"2,310",NO NOTES,2725,1.71,24,
2026-06-24T13:51:47.591652,SE,72107181,$445.94,"DURHAM, NC",,"RALEIGH, NC",,"2,535",31,NO NOTES,2566,0.17,1,
2026-06-24T13:58:31.818832,SE,72107136,"$3,691.20","SOCIAL CIRCLE, GA",,"HAZLETON, PA",,"2,200",779,NO NOTES,2979,1.24,10,
2026-06-24T14:05:33.307181,WG,72086498,"$1,687.51","LA VERGNE, TN",,"RALEIGH, NC",,"2,051",522,"CORD11: TRUCK MUST HAVE FULL AMOUNT OF USABLE SPACE FOR THE TRUCK SIZE REQUESTED, 20FT OF USABLE SPACE, 12FT OF USABLE SPACE, 53FT OF USABLE SPACE.",2573,0.66,1,
2026-06-24T14:05:37.447723,WG,72106621,"$1,187.32","MOUNT VERNON, IN",,"MEMPHIS, TN",,"2,005",288,PLEASE ARRIVE AT PICKUP IN RANGE**SET POINT 5C,2293,0.52,1,
2026-06-24T14:05:41.592359,WG,72101172,"$7,797.97","LOUISVILLE, KY",,"TRACY, CA",,"2,118","2,423",NO NOTES,4541,1.72,27,
2026-06-24T14:05:46.998771,WG,72106286,"$2,875.79","MCPHERSON, KS",,"RENSSELAER, NY",,"1,410","1,458",NO NOTES,2868,1.00,3,
2026-06-24T14:10:45.722189,WG,72106990,$746.52,"LOCKBOURNE, OH",,"LOUISVILLE, KY",,"2,283",216,BAX5100: MUST HAVE TEAM DRIVERS FOR ALL RUNS NO MATTER WHAT THE MILEAGE IS.,2499,0.30,1,
2026-06-24T14:11:02.646410,WG,72107006,"$1,417.47","GREENCASTLE, PA",,"METHUEN, MA",,"2,612",461,NO NOTES,3073,0.46,1,
2026-06-24T14:12:30.885919,WG,72107071,$897.07,"PEPPERELL, MA",,"SUMMIT, NJ",,"3,031",241,"ORDER NOTE: ALCAMI - MAMI_BMS-S16_1768, PRINT OUT BOL",3272,0.27,1,
2026-06-24T14:12:44.617233,WG,72106172,"$1,255.13","INDIANAPOLIS, IN",,"ERIE, PA",,"2,102",409,NO NOTES,2511,0.50,1,
2026-06-24T14:17:46.979381,WG,72107138,"$1,000.74","CRANBURY, NJ",,"ELIZABETH, NJ",,"2,783",35,NO NOTES,2818,0.36,1,
2026-06-24T14:19:20.170748,WG,72107167,"$2,035.41","BLOOMINGTON, IN",,"SWIFTWATER, PA",,"2,078",704,NO NOTES,2782,0.73,2,
2026-06-24T14:20:06.852791,SE,72107107,"$5,247.22","SAN FRANCISCO, CA",,"CHICAGO, IL",,491,"2,129",NO NOTES,2620,2.00,33,
2026-06-24T14:26:20.828998,WG,72107168,"$2,035.41","BLOOMINGTON, IN",,"SWIFTWATER, PA",,"2,078",704,NO NOTES,2782,0.73,2,
2026-06-24T14:27:05.905467,SE,72107108,"$6,576.99","SAN FRANCISCO, CA",,"BROOKLYN, NY",,491,"2,920",NO NOTES,3411,1.93,32,
2026-06-24T14:40:33.436731,WG,72095750,"$3,161.19","GLENCOE, MN",,"BRANCHBURG, NJ",,"1,926","1,232",FRT IS PIG SKINS/TVAL/TEAM DRIVERS/BE PREPARED TO DELIVER STRAIGHT THRU,3158,1.00,3,
2026-06-24T14:41:03.498812,SE,72107110,"$1,422.18","SAN FRANCISCO, CA",,"LOS ANGELES, CA",,491,391,NO NOTES,882,1.61,18,
2026-06-24T14:53:01.201228,WG,72107191,$653.13,"COLUMBUS, OH",,"LOCKBOURNE, OH",,"2,264",19,"BICOCT: TRAILERS MUST BE CLEAN, EMPTY, DRY, FREE OF STRUCTURAL DAMAGE AND NO ODORS FROM PRIOR FREIGHT. MUST HAVE TWO LOAD LOCKS IN EACH TRAILER AND FUEL TANKS 3/4 FULL PRIOR TO PICKUP ARRIVAL. ANY SHIPMENTS WITH VA-Q-TEC CONTAINERS, PLEASE MAKE SURE CONTAINERS ARE OFFLOADED AND COMPLETELY EMPTIED AT DELIVERY BEFORE BEING RELOADED ONTO TRUCK FOR RETURN TO VA-Q-TEC.",2283,0.29,1,
2026-06-24T14:53:33.279782,WG,72107069,"$2,239.26","ALBANY, GA",,"ANNISTON, AL",,"2,172",217,NO NOTES,2389,0.94,2,
2026-06-24T14:53:45.353190,WG,72107141,"$1,355.30","WEST DEPTFORD, NJ",,"CENTRAL ISLIP, NY",,"2,743",160,NO NOTES,2903,0.47,1,
2026-06-24T15:07:13.374903,WG,72106992,"$1,074.33","SHEPHERDSVILLE, KY",,"BURR RIDGE, IL",,"2,128",325,NO NOTES,2453,0.44,1,
2026-06-24T15:08:50.341644,WG,72086549,"$1,700.68","LA VERGNE, TN",,"MOUNT PROSPECT, IL",,"2,051",516,UP TO 6 PALLETS,2567,0.66,1,
2026-06-24T15:08:54.951559,WG,72099658,"$1,958.13","SHEPHERDSVILLE, KY",,"NEWARK, DE",,"2,128",678,SHIPPER WILL HAVE AN ESCORT TRUCK FOLLOW FOR FIRST 100 MILES.OR THE WHOLE TRIP;CONF #:,2806,0.70,2,
2026-06-24T15:09:10.863411,WG,72105715,"$2,302.10","SANTA FE, NM",,"DALLAS, TX",,877,623,NO NOTES,1500,1.53,17,
2026-06-24T15:16:46.539882,WG,72103582,"$1,191.98","MOUNT VERNON, IN",,"OLIVE BRANCH, MS",,"2,005",302,PLEASE BE IN RANGE WHEN YOU ARRIVE AT SHIPPER**SET POINT 5C,2307,0.52,1,
2026-06-24T15:16:56.445293,WG,72096864,"$3,225.32","MEMPHIS, TN",,"CANFIELD, OH",,"1,840",754,"L1228142: TRACTOR SHIPMENTS MUST BE ABLE TO ACCOMODATE 26 PALLETS, NEED TO HAVE 53' OF SPACE, NO PALLET JACKS",2594,1.24,10,
2026-06-24T15:17:07.324767,WG,72107086,"$10,005.50","MORRISVILLE, NC",,"CARY, NC",,"2,542","2,577",THERE IS NO NEED TO WAIT FOR THE TRUCK TO GET DOWN TO -20°C AS THE CONTAINERS THEY ARE TRANSPORTING WILL ALREADY BE AT THAT TEMPERATURE. THE TEAM MUST DRIVE DIRECTLY TO KRYOSPHERE AS OUR CLIENT HAS A TIME FRAME FROM THE FDA TO HAVE IT DELIVERED RIGHT AWAY.,5119,1.95,36,
2026-06-24T15:38:53.657515,WG,72107213,"$1,441.15","SAINT LOUIS, MO",06/25 11:00,"LOCKBOURNE, OH",06/26 07:00,"1,846",433,NO NOTES,2279,0.63,1,
2026-06-24T16:30:31.794668,WG,72103551,"$1,037.27","MOUNT VERNON, IN",06/24 19:30,"SHEPHERDSVILLE, KY",06/25 07:00,"2,005",165,PLEASE ARRIVE AT PICKUP IN RANGE*SET POINT 5C,2170,0.48,1,
2026-06-24T16:30:39.183150,WG,72107249,"$1,302.54","EDISON, NJ",06/25 00:00,"MALVERN, PA",06/25 03:10,"2,788",79,NO NOTES,2867,0.45,1,
2026-06-24T16:30:42.645773,WG,72106944,"$4,128.56","SAINT PETERSBURG, FL",06/25 08:00,"CONSHOHOCKEN, PA",06/26 08:00,"2,433","1,060",NO NOTES,3493,1.18,9,
2026-06-24T16:30:49.440214,WG,72107219,"$1,081.11","LOCKBOURNE, OH",06/25 08:00,"BROOKS, KY",06/25 13:30,"2,283",221,IC7875: ENSURE THAT YOU HAVE THE ENTIRE BOL FILLED OUT AT THIS LOCATION.,2504,0.43,1,
2026-06-24T16:32:41.394055,WG,72107080,"$1,521.55","LA VERGNE, TN",06/29 16:00,"MADISON, MS",06/30 02:26,"2,051",420,ORDER NOTE: CONTACT- JAN DAWSON JDAWSON@MSPHI.ORG 6013984406,2471,0.62,1,
2026-06-24T16:32:44.395045,WG,72107155,"$4,379.22","LONGMONT, CO",06/29 16:00,"OXNARD, CA",06/30 16:58,"1,094","1,103",NO NOTES,2197,1.99,32,
2026-06-24T16:32:47.263538,WG,72097140,$919.21,"LA VERGNE, TN",06/29 16:00,"OLIVE BRANCH, MS",06/30 09:00,"2,051",233,"CORD11: TRUCK MUST HAVE FULL AMOUNT OF USABLE SPACE FOR THE TRUCK SIZE REQUESTED, 20FT OF USABLE SPACE, 12FT OF USABLE SPACE, 53FT OF USABLE SPACE.",2284,0.40,1,
2026-06-24T16:33:00.749483,SE,72107216,"$3,276.60","HOUSTON, TX",06/25 10:00,"MECHANICSBURG, PA",06/26 18:42,"1,466","1,467",NO NOTES,2933,1.12,6,
2026-06-24T16:33:09.854805,SE,72107144,$944.30,"MEMPHIS, TN",06/29 09:00,"MEMPHIS, TN",06/29 16:00,"1,836",2,NO NOTES,1838,0.51,1,
2026-06-24T17:23:21.653320,WG,72106764,"$1,491.60","BROOKS, KY",06/29 17:00,"KERNERSVILLE, NC",06/30 08:00,"2,123",472,IC7875: ENSURE THAT YOU HAVE THE ENTIRE BOL FILLED OUT AT THIS LOCATION.,2595,0.57,1,
2026-06-24T17:23:30.139462,WG,72095827,"$2,128.53","LOCKBOURNE, OH",06/29 17:00,"OLIVE BRANCH, MS",06/30 09:00,"2,283",594,IC7875: ENSURE THAT YOU HAVE THE ENTIRE BOL FILLED OUT AT THIS LOCATION.,2877,0.74,2,
2026-06-24T17:23:34.004141,WG,72092057,"$1,148.42","SHOREVIEW, MN",06/29 17:00,"WEST BEND, WI",06/30 10:00,"1,989",314,NO NOTES,2303,0.50,1,
2026-06-24T17:23:39.012266,WG,72097135,$891.01,"LA VERGNE, TN",06/29 17:00,"SHEPHERDSVILLE, KY",06/30 07:00,"2,051",171,"CORD11: TRUCK MUST HAVE FULL AMOUNT OF USABLE SPACE FOR THE TRUCK SIZE REQUESTED, 20FT OF USABLE SPACE, 12FT OF USABLE SPACE, 53FT OF USABLE SPACE.",2222,0.40,1,
2026-06-24T17:23:43.404603,WG,72098871,"$4,030.68","ROANOKE, TX",06/29 17:00,"SUNNYVALE, CA",07/1 11:00,"1,349","1,661","FOR NOVEMBER 27TH, 2024, OUR DOCK HOURS WILL BE 6AM-12PM PST FOR HAZMAT.",3010,1.34,13,
2026-06-24T17:23:47.711422,WG,72099529,"$1,190.51","SHEPHERDSVILLE, KY",06/29 17:00,"WARRENDALE, PA",06/30 08:00,"2,128",417,BAX5100: ALL TAKEDA LOADS THAT ARE TEMP SHOULD BE TVAL,2545,0.47,1,
2026-06-24T17:23:55.194654,WG,72098680,"$1,461.84","BROOKS, KY",06/29 17:00,"OLIVE BRANCH, MS",06/30 09:00,"2,123",377,IC7875: ENSURE THAT YOU HAVE THE ENTIRE BOL FILLED OUT AT THIS LOCATION.,2500,0.58,1,
2026-06-24T17:24:32.223727,SE,72107281,"$2,672.19","CARPENTERSVILLE, IL",06/24 20:45,"THOMSON, GA",06/25 16:56,"2,057",878,NO NOTES,2935,0.91,2,
2026-06-24T17:24:59.727903,SE,72107269,$500.81,"BRISBANE, CA",06/25 11:00,"CARMEL, CA",06/25 14:56,493,115,NO NOTES,608,0.82,1,
2026-06-24T17:41:28.378812,WG,72107291,"$2,020.97","LOUISVILLE, KY",06/25 13:00,"CARY, NC",06/26 08:00,"2,118",556,NOTE: PLEASE ADVISE DRIVERS THEY CANNOT ARRIVE IN THE PARKING LOT UNTIL 15 MINUTES PRIOR TO THEIR SCHEDULED PICKUP TIME.,2674,0.76,2,
2026-06-24T17:57:48.657219,WG,72107214,"$1,101.33","MILWAUKEE, WI",06/26 09:00,"SOUTH BEND, IN",06/26 14:35,"2,102",192,NO NOTES,2294,0.48,1,
2026-06-24T18:25:22.885292,WG,72107299,"$9,782.17","AZUSA, CA",06/26 11:00,"HIGH POINT, NC",06/29 08:00,110,"2,430",NO NOTES,2540,3.85,79,
2026-06-24T18:27:05.404540,WG,72087070,"$6,322.67","LA VERGNE, TN",06/29 18:00,"REDLANDS, CA",07/1 13:45,"2,051","1,986",ORDER NOTE: FDCC TO CONTACT 909-796-7171 TO CONFIRM DELIVERY DATE/TIME.,4037,1.57,21,
2026-06-24T18:27:10.747261,WG,72097827,"$1,970.66","GROVE CITY, OH",06/29 18:00,"BURR RIDGE, IL",06/30 08:30,"2,273",330,ORDER NOTE: DRIVER UNLOAD,2603,0.76,2,
2026-06-24T18:27:20.836451,SE,72107289,$488.68,"TINLEY PARK, IL",06/25 09:00,"OAK CREEK, WI",06/25 12:40,"2,057",102,NO NOTES,2159,0.23,1,
2026-06-24T18:27:37.978134,SE,72107315,$630.76,"MACHESNEY PARK, IL",06/25 13:00,"JOLIET, IL",06/25 16:31,"2,028",95,NO NOTES,2123,0.30,1,
2026-06-24T18:27:48.491694,SE,72099629,"$2,021.09","INDIANAPOLIS, IN",06/29 18:00,"PAPILLION, NE",06/30 09:00,"2,092",618,DRIVER MAY NEED TO ASSIST WITH LOADING/UNLOADING,2710,0.75,2,
2026-06-24T18:44:46.416275,WG,72106188,"$4,527.13","NORWOOD, MA",06/26 17:00,"NEWNAN, GA",06/27 18:36,"3,030","1,133",NO NOTES,4163,1.09,6,
2026-06-24T18:50:47.602095,WG,72107265,"$1,549.76","KINGSPORT, TN",06/25 09:00,"CHARLESTON, SC",06/25 17:51,"2,314",346,"RESIDUE LAST CONTAINED: UN1809, PHOSPHORUS TRICHLORIDE, 6.1(8), I, RQ, POISON INHALATION HAZARD ZONE B",2660,0.58,1,
2026-06-24T18:52:31.254725,WG,72107316,,,,,,,,NO NOTES,,,1,
2026-06-24T19:07:27.103693,WG,72106794,$989.41,"BROOKS, KY",06/29 19:00,"GROVE CITY, OH",06/30 08:30,"2,123",211,IC7875: ENSURE THAT YOU HAVE THE ENTIRE BOL FILLED OUT AT THIS LOCATION.,2334,0.42,1,
2026-06-24T19:07:30.955266,WG,72098478,"$1,720.87","KERNERSVILLE, NC",06/29 19:00,"VALDOSTA, GA",06/30 08:00,"2,473",501,DO NOT ARRIVE MORE THAN 30 MINUTES PRIOR TO SCHEDULED PICKUP TIME,2974,0.58,1,
2026-06-24T19:07:33.907155,WG,72095005,"$1,783.68","BROOKS, KY",06/29 19:00,"DOTHAN, AL",06/30 09:00,"2,123",543,IC7875: ENSURE THAT YOU HAVE THE ENTIRE BOL FILLED OUT AT THIS LOCATION.,2666,0.67,1,
2026-06-24T19:07:37.056908,WG,72097122,"$1,904.42","LA VERGNE, TN",06/29 19:00,"CANFIELD, OH",06/30 08:26,"2,051",561,"CORD11: TRUCK MUST HAVE FULL AMOUNT OF USABLE SPACE FOR THE TRUCK SIZE REQUESTED, 20FT OF USABLE SPACE, 12FT OF USABLE SPACE, 53FT OF USABLE SPACE.",2612,0.73,2,
2026-06-24T19:25:47.827596,WG,72107148,$878.02,"BALTIMORE, MD",06/25 09:00,"BALTIMORE, MD",06/25 14:11,"2,675",103,NO NOTES,2778,0.32,1,
2026-06-24T19:32:47.625217,WG,72100764,"$1,026.29","PLAINFIELD, IN",06/25 07:00,"FAIRDALE, KY",06/25 11:00,"2,082",139,"L1218217: TRAILER MUST BE EMPTY AND NO PERSONAL ITEMS, OR PALLET JACK, SECUREMENT ITEMS ONLY",2221,0.46,1,
2026-06-24T19:55:59.647508,WG,72107334,"$7,165.86","LA VERGNE, TN",06/29 16:00,"TRACY, CA",07/1 17:30,"2,051","2,256",ORDER NOTE: PLEASE SCHEDULE DELIVERY APPOINTMENT WITH UPS-KP-TRACY-OPERATIONS@UPS.COM,4307,1.66,25,
2026-06-24T19:56:51.756276,SE,72106475,"$3,567.21","SAN ANTONIO, TX",06/26 07:30,"NORTH LOGAN, UT",06/27 15:15,"1,268","1,422",NO NOTES,2690,1.33,12,
2026-06-24T20:03:45.460430,WG,72097299,"$1,060.64","BROOKS, KY",06/29 20:00,"LA VERGNE, TN",06/30 07:00,"2,123",176,IC7875: ENSURE THAT YOU HAVE THE ENTIRE BOL FILLED OUT AT THIS LOCATION.,2299,0.46,1,
2026-06-24T20:24:34.316133,WG,72106280,"$2,869.94","INDIANAPOLIS, IN",06/29 15:00,"NORRISTOWN, PA",06/30 08:09,"2,085",645,NO NOTES,2730,1.05,4,
2026-06-24T20:25:41.095836,SE,72107321,"$1,411.65","LYNN, MA",06/25 12:00,"ELIZABETH CITY, NC",06/26 07:00,"3,039",623,"EQUIPMENT: AIR RIDE, DOCK HIGH, LASHINGS TO TIE-DOWN RINGS US CITIZEN WITH ALL PROPER ID IN HAND. IF DRIVER IS NOT A US CITIZEN THEY MUST HAVE A VALID DRIVER'S LICENSE, GREEN CARD, PASSPORT AND ALL PROPER ID IN HAND. FAILURE TO PROVIDE ALL PROPER ID WILL RESULT IN DRIVER BEING TURNED AWAY AT THE GATE.",3662,0.39,1,
2026-06-24T22:00:49.487200,WG,72107313,"$2,722.15","IRVING, TX",06/29 10:00,"SALT LAKE CITY, UT",06/30 14:00,"1,355","1,251",NO NOTES,2606,1.04,4,
2026-06-24T23:17:13.291926,WG,72107294,"$1,829.40","LANSING, MI",06/29 07:00,"GAINESVILLE, GA",06/30 08:00,"2,267",776,"L1163385: TRAILERS MUST BE CLEAN, EMPTY, DRY, FREE OF STRUCTURAL DAMAGE AND NO ODORS FROM PRIOR FREIGHT. MUST HAVE TWO LOAD LOCKS IN EACH TRAILER AND FUEL TANKS 3/4 FULL PRIOR TO PICKUP ARRIVAL.",3043,0.60,2,
2026-06-25T00:20:16.978211,WG,72107323,"$1,302.54","EDISON, NJ",06/25 12:00,"MALVERN, PA",06/25 15:10,"2,788",79,"L1322122: IF CUSTOMER REQUESTS TEMP CONTROL THEY WANT TEMP VALIDATED SERVICE PER PAT SHAH, DIRECTOR",2867,0.45,1,
2026-06-25T00:54:50.401865,WG,72107350,"$2,263.41","SAINT LOUIS, MO",06/25 15:00,"HOUSTON, TX",06/26 09:00,"1,847",776,NO NOTES,2623,0.86,2,
2026-06-25T05:08:55.260355,WG,72107178,"$1,648.34","WILMINGTON, DE",06/30 05:00,"BROOKHAVEN, NY",06/30 10:42,"2,723",198,NO NOTES,2921,0.56,1,
2026-06-25T06:05:11.215856,WG,72107234,"$1,054.63","MADISON, WI",06/30 06:00,"SKOKIE, IL",06/30 10:35,"2,020",145,NO NOTES,2165,0.49,1,
2026-06-25T07:08:00.724914,WG,72105476,"$1,719.99","PAULSBORO, NJ",06/30 07:00,"BROOKHAVEN, NY",06/30 14:00,"2,743",177,UN2811,2920,0.59,1,
2026-06-25T07:08:04.080126,WG,72086118,$847.48,"BROOKS, KY",06/30 07:00,"WEST CHESTER, OH",06/30 11:19,"2,123",133,NO NOTES,2256,0.38,1,
2026-06-25T07:08:06.997416,WG,72107165,"$1,227.76","WILMINGTON, DE",06/30 07:00,"NEWTOWN, PA",06/30 09:45,"2,723",59,NO NOTES,2782,0.44,1,
2026-06-25T12:06:18.540919,WG,72106690,"$1,469.05","MONTPELIER, VT",06/30 08:00,"STRATFORD, CT",06/30 15:52,"2,993",253,DRIVER MUST HAVE BIRTH CERTIFICATE OR PASSPORT FOR DELIVERY. THEY WILL TURN THEM AWAY IF THEY DON'T HAVE ONE OF THESE,3246,0.45,1,
2026-06-25T12:37:30.372434,WG,72106730,"$3,408.68","BLOOMINGTON, IN",06/30 08:30,"PHILADELPHIA, PA",07/1 08:30,"2,080",710,NO NOTES,2790,1.22,9,
2026-06-25T12:53:39.842899,SE,72107361,$508.26,"DENVER, CO",06/25 10:00,"ENGLEWOOD, CO",06/25 12:08,"1,088",30,NO NOTES,1118,0.45,1,
2026-06-25T12:58:06.867501,WG,72107421,,,,,,,,NO NOTES,,,1,
2026-06-25T13:08:06.907258,WG,72107356,"$1,238.15","DOYLESTOWN, PA",06/29 08:00,"TINTON FALLS, NJ",06/29 11:00,"2,747",74,NO NOTES,2821,0.44,1,
2026-06-25T13:09:42.629392,WG,72103175,$953.86,"MOUNT VERNON, IN",06/30 09:00,"MOUNT VERNON, IN",06/30 09:00,"2,005",0,PLEASE ARRIVE AT PICKUP IN RANGE**SET POINT 20C,2005,0.48,1,
2026-06-25T13:09:57.699002,SE,72107398,"$1,275.56","WILMINGTON, NC",06/25 18:00,"ERLANGER, KY",06/26 09:10,"2,571",643,ORDER NOTE: MORE FREIGHT MAY BE ADDED.,3214,0.40,1,
2026-06-25T13:14:42.886695,WG,72107397,$981.55,"MALVERN, PA",06/26 09:00,"ROCKVILLE, MD",06/26 13:27,"2,719",139,00046768: ALL TEMP CONTROL LOADS MUST BE TVAL,2858,0.34,1,
2026-06-25T13:14:45.588208,WG,72107388,"$6,359.96","LOGAN, UT",06/26 12:00,"NORTHBOROUGH, MA",06/29 08:00,819,"2,338",NO NOTES,3157,2.01,34,
2026-06-25T13:15:14.550923,WG,72107400,"$2,769.24","LONDON, OH",06/29 09:00,"JACKSONVILLE, FL",06/30 09:00,"2,246",821,NO NOTES,3067,0.90,2,
2026-06-25T13:28:53.079617,WG,72107402,$960.85,"BOONE, IA",06/26 09:00,"ORANGE CITY, IA",06/26 14:18,"1,754",179,"BLIND SHIPMENT, DOES NOT WANT THE PICKUP TO KNOW WHERE ITS DELIVERING TOO",1933,0.50,1,
2026-06-25T13:29:30.617290,WG,72107377,"$8,656.26","ANDOVER, MA",06/29 10:00,"BOTHELL, WA",07/1 09:51,"3,040","3,076",NO NOTES,6116,1.42,19,
2026-06-25T13:35:33.907759,WG,72107403,"$3,261.07","MORRISVILLE, PA",06/25 11:00,"NORCROSS, GA",06/26 08:00,"2,762",796,NO NOTES,3558,0.92,3,
2026-06-25T13:37:58.296140,WG,72100262,$964.56,"PATASKALA, OH",06/30 09:30,"JEFFERSONVILLE, IN",06/30 15:48,"2,295",226,NO NOTES,2521,0.38,1,
2026-06-25T13:38:19.609950,SE,72107430,$681.91,"ALLENTOWN, PA",06/26 08:00,"WILMINGTON, DE",06/26 11:00,"2,716",64,NO NOTES,2780,0.25,1,
2026-06-25T14:02:56.577016,WG,72106092,"$5,426.37","DES PLAINES, IL",06/30 10:00,"DES PLAINES, IL",07/2 09:00,"2,063","1,610",NO NOTES,3673,1.48,18,
2026-06-25T14:03:00.192969,WG,72098865,"$2,409.36","BLOOMINGTON, IN",06/30 10:00,"RENSSELAER, NY",07/1 08:00,"2,080",840,NO NOTES,2920,0.83,2,
2026-06-25T14:03:03.784531,WG,72106826,$950.72,"ANDOVER, MA",06/30 10:00,"WALTHAM, MA",06/30 12:01,"3,040",25,NO NOTES,3065,0.31,1,
2026-06-25T14:08:10.610913,WG,72107432,"$1,273.65","ERIE, PA",06/29 08:00,"INDIANAPOLIS, IN",06/29 18:09,"2,498",407,NO NOTES,2905,0.44,1,
2026-06-25T14:10:07.401032,WG,72101191,"$1,061.79","LOUISVILLE, KY",06/30 10:00,"LOUISVILLE, KY",06/30 13:02,"2,118",2,NO NOTES,2120,0.50,1,
2026-06-25T14:10:10.812327,WG,72106707,"$2,782.14","EAST GREENBUSH, NY",06/30 10:00,"ROCKFORD, IL",07/1 06:50,"2,871",909,NO NOTES,3780,0.74,2,
2026-06-25T14:15:46.857194,WG,72107393,"$3,822.95","RENSSELAER, NY",06/29 11:00,"ATLANTA, GA",06/30 09:52,"2,868","1,005",AM24CO: NEED TO ALLOW 4HRS TO GET INTO TEMP RANGE FOR -20C SHIPMENTS. MUST BE IN RANGE PRIOR TO PU ARRIVAL.,3873,0.99,3,
2026-06-25T14:29:37.939016,WG,72107433,"$3,463.33","NORTH CHARLESTON, SC",06/29 11:00,"LIBERTYVILLE, IL",06/30 10:30,"2,467",950,NO NOTES,3417,1.01,3,
2026-06-25T14:37:59.399902,WG,72100835,"$2,459.28","SHEPHERDSVILLE, KY",06/30 10:30,"MONTCLAIR, CA",07/2 08:05,"2,128","2,072",NO NOTES,4200,0.59,2,
2026-06-25T14:38:02.695963,WG,72107355,"$1,039.55","MOUNT PROSPECT, IL",06/30 10:30,"SPENCERVILLE, OH",06/30 17:26,"2,064",256,NO NOTES,2320,0.45,1,
2026-06-25T14:49:39.593847,WG,72107436,,,,,,,,NO NOTES,,,1,
2026-06-25T14:50:02.642468,WG,72107412,"$5,247.74","LOGAN, UT",06/29 09:00,"SUMMIT, NJ",07/1 08:14,819,"2,150",NO NOTES,2969,1.77,26,
2026-06-25T15:02:56.581365,SE,72084304,"$2,255.69","JACKSONVILLE, FL",06/28 17:00,"MEMPHIS, TN",06/29 10:00,"2,343",668,NO NOTES,3011,0.75,2,
2026-06-25T15:03:00.390497,SE,72055138,"$2,207.58","JACKSONVILLE, FL",06/28 18:00,"NASHVILLE, TN",06/29 08:15,"2,343",600,BASEBALL EQUIPMENT// 20FT TRUCK REQ,2943,0.75,2,
2026-06-25T15:08:12.996024,WG,72107443,"$5,885.19","KALAMAZOO, MI",06/29 11:00,"PHOENIX, AZ",07/1 11:00,"2,195","1,901",NO NOTES,4096,1.44,17,
2026-06-25T15:09:40.091884,WG,72105250,$910.11,"LA VERGNE, TN",06/30 11:00,"MEMPHIS, TN",06/30 17:01,"2,051",213,"CORD11: TRUCK MUST HAVE FULL AMOUNT OF USABLE SPACE FOR THE TRUCK SIZE REQUESTED, 20FT OF USABLE SPACE, 12FT OF USABLE SPACE, 53FT OF USABLE SPACE.",2264,0.40,1,
2026-06-25T15:21:37.826534,WG,72107039,"$1,999.53","ALLENTOWN, PA",06/25 12:00,"LOCKBOURNE, OH",06/26 17:00,"2,716",448,NO NOTES,3164,0.63,2,
2026-06-25T15:30:59.062497,SE,72107416,"$4,567.37","MAQUOKETA, IA",06/25 14:00,"ATHENS, GA",06/26 10:14,"1,930",881,NO NOTES,2811,1.62,22,
2026-06-25T15:35:49.798782,WG,72107478,"$5,803.89","PLANO, TX",06/26 15:00,"SAN JOSE, CA",06/29 13:00,"1,376","1,670",NO NOTES,3046,1.91,31,
2026-06-25T15:36:05.586956,WG,72107309,"$2,839.21","GREENSBORO, NC",06/29 08:00,"LOXLEY, AL",06/30 09:00,"2,477",654,NO NOTES,3131,0.91,2,
2026-06-25T15:37:44.977469,WG,72106691,"$1,151.80","TORRANCE, CA",06/30 11:30,"SAN DIEGO, CA",06/30 16:00,107,105,NO NOTES,212,5.43,71,
2026-06-25T15:51:07.995153,WG,72107481,"$6,325.79","LA VERGNE, TN",06/29 20:00,"MONTCLAIR, CA",07/1 15:46,"2,051","1,987",NO NOTES,4038,1.57,21,
2026-06-25T15:57:56.393988,WG,72107448,"$1,086.88","LA VERGNE, TN",06/29 18:00,"BROOKS, KY",06/30 08:00,"2,051",176,NO NOTES,2227,0.49,1,
2026-06-25T16:02:50.610708,WG,72107440,"$1,574.98","CLEARWATER, FL",06/30 12:00,"NEW ORLEANS, LA",07/1 09:00,"2,422",613,NO NOTES,3035,0.52,1,
2026-06-25T16:02:53.832949,WG,72107137,"$2,761.29","ALLENTOWN, PA",06/30 12:00,"LA VERGNE, TN",07/1 09:30,"2,716",792,NO NOTES,3508,0.79,2,
2026-06-25T16:07:39.892433,WG,72107461,"$1,165.33","CRANBURY, NJ",06/26 10:00,"WINDSOR, CT",06/26 15:07,"2,783",170,NO NOTES,2953,0.39,1,
2026-06-25T16:09:51.068112,WG,72107212,"$1,604.78","ALLENTOWN, PA",06/30 12:00,"BROOKS, KY",07/1 08:00,"2,716",660,NO NOTES,3376,0.48,1,
2026-06-25T16:10:04.355793,SE,72105742,"$2,988.94","NEW ALBANY, OH",06/30 12:00,"SHIRLEY, NY",07/1 08:00,"2,283",612,NO NOTES,2895,1.03,3,
2026-06-25T16:14:56.851375,WG,72107453,$886.90,"BROOKS, KY",06/29 11:00,"LOUISVILLE, KY",06/29 12:38,"2,123",7,NO NOTES,2130,0.42,1,
2026-06-25T16:21:56.936447,WG,72107454,$960.40,"LOS ANGELES, CA",06/26 16:00,"SAN DIEGO, CA",06/26 19:55,115,114,NO NOTES,229,4.19,71,
2026-06-25T16:30:45.383026,WG,72097155,"$1,608.68","BROOKS, KY",06/30 12:00,"KERNERSVILLE, NC",07/1 08:00,"2,123",472,NO NOTES,2595,0.62,1,
2026-06-25T16:30:51.836629,SE,72107455,$753.96,"GLENWOOD, IL",06/25 14:00,"FAIRFIELD, OH",06/26 08:00,"2,071",270,NO NOTES,2341,0.32,1,
2026-06-25T17:00:48.290356,WG,72107487,"$2,074.09","GREENVILLE, NC",06/29 08:00,"BROOKS, KY",06/30 08:00,"2,633",647,NO NOTES,3280,0.63,2,
2026-06-25T17:01:39.032992,WG,72107500,"$1,003.48","RICHLAND, MS",06/29 15:15,"MEMPHIS, TN",06/29 21:09,"1,772",207,NO NOTES,1979,0.51,1,
2026-06-25T17:02:57.355946,WG,72107457,"$1,612.78","WEST MIFFLIN, PA",06/30 13:00,"SUITLAND, MD",07/1 08:00,"2,467",251,12' TRUCK US CITIZENS (NO DUAL CITIZENSHIP) CSS CONSTANT SURVEILLANCE **NO PETS** 3 SKIDS 3000# 48X40X48 PAPER RECORDS LATEST PU 1430,2718,0.59,1,
2026-06-25T17:02:59.778046,WG,72097108,"$2,401.97","LA VERGNE, TN",06/30 13:00,"OMAHA, NE",07/1 09:00,"2,051",760,"CORD11: TRUCK MUST HAVE FULL AMOUNT OF USABLE SPACE FOR THE TRUCK SIZE REQUESTED, 20FT OF USABLE SPACE, 12FT OF USABLE SPACE, 53FT OF USABLE SPACE.",2811,0.85,2,
2026-06-25T17:03:02.424753,WG,72107068,"$3,116.02","BALTIMORE, MD",06/30 13:00,"UNION CITY, GA",07/1 07:00,"2,674",706,NO NOTES,3380,0.92,3,
2026-06-25T17:03:05.069104,WG,72107260,"$2,760.10","LA VERGNE, TN",06/30 13:00,"BLOOMSBURY, NJ",07/1 08:15,"2,051",835,NO NOTES,2886,0.96,2,
2026-06-25T17:09:26.412222,WG,72097724,"$7,976.82","CLIFTON, NJ",06/30 13:00,"LOS ANGELES, CA",07/3 11:00,"2,819","2,780",NO NOTES,5599,1.42,19,
2026-06-25T17:09:34.516033,WG,72107236,"$1,666.33","FORT SMITH, AR",06/30 13:00,"DALLAS, TX",07/1 08:00,"1,534",279,MUST BE AT DELIVERY 07/01 0700 LOCAL!! DON'T BE LATE!!,1813,0.92,1,
2026-06-25T17:14:50.177478,WG,72106182,$981.98,"LOCKBOURNE, OH",06/29 09:00,"LOUISVILLE, KY",06/29 15:05,"2,283",216,NO NOTES,2499,0.39,1,
2026-06-25T17:23:49.875840,SE,72107488,"$2,089.97","WEST DEPTFORD, NJ",06/30 08:00,"CENTRAL ISLIP, NY",06/30 13:14,"2,743",160,NO NOTES,2903,0.72,2,
2026-06-25T17:30:47.010846,SE,72107463,"$6,056.47","CALEXICO, CA",06/25 19:00,"HACKENSACK, NJ",06/29 08:00,126,"2,710",NO NOTES,2836,2.14,37,
2026-06-25T17:35:29.184254,WG,72107503,$967.99,"NEW BRUNSWICK, NJ",06/26 09:00,"PHILADELPHIA, PA",06/26 12:31,"2,786",48,BRCOAR: TRAILER MUST BE EMPTY OUTSIDE OF EQUIPMENT NEEDED TO SECURE. NO PLYWOOD IN TRAILER FLOORS ON REEFER LOADS.,2834,0.34,1,
2026-06-25T17:36:05.438243,WG,72106615,"$4,279.06","DORAL, FL",06/29 09:00,"LONG ISLAND CITY, NY",06/30 14:00,"2,662","1,293",NO NOTES,3955,1.08,6,
2026-06-25T17:38:08.685834,WG,72106275,"$2,148.40","OAK RIDGE, TN",06/30 13:30,"HORSEHEADS, NY",07/1 07:00,"2,197",734,PETS OK AS LONG AS THEY REMAIN IN THE TRUCK AT PICKUP AND DELIVERY ENDS. RADMAT UN3327 DRIVERS NEED TO BE US CITIZENS,2931,0.73,2,
2026-06-25T17:38:20.319425,SE,72107505,"$2,569.66","CALEXICO, CA",06/25 20:00,"PFLUGERVILLE, TX",06/27 09:00,126,"1,209",NO NOTES,1335,1.92,28,
2026-06-25T17:42:45.997917,WG,72107353,"$1,200.32","EAST PEORIA, IL",06/29 08:00,"LENEXA, KS",06/30 09:00,"1,998",394,NO NOTES,2392,0.50,1,
2026-06-25T17:45:11.412877,SE,72107506,"$3,162.43","ELMA, NY",06/26 08:00,"TITUSVILLE, FL",06/27 10:36,"2,587","1,180",NO NOTES,3767,0.84,3,
2026-06-25T18:00:31.773359,WG,72105422,"$1,198.80","TUSCALOOSA, AL",06/26 09:00,"ATLANTA, GA",06/26 15:00,"1,948",212,NO NOTES,2160,0.55,1,
2026-06-25T18:00:37.701695,WG,72107508,"$1,115.13","PHILADELPHIA, PA",06/26 10:00,"SOUDERTON, PA",06/26 12:12,"2,750",33,NO NOTES,2783,0.40,1,
2026-06-25T18:03:10.900013,WG,72097092,"$3,178.74","LA VERGNE, TN",06/30 14:00,"LUBBOCK, TX",07/1 13:42,"2,051","1,044","CORD11: TRUCK MUST HAVE FULL AMOUNT OF USABLE SPACE FOR THE TRUCK SIZE REQUESTED, 20FT OF USABLE SPACE, 12FT OF USABLE SPACE, 53FT OF USABLE SPACE.",3095,1.03,4,
2026-06-25T18:03:18.575468,WG,72105415,$737.62,"CARY, NC",06/30 14:00,"RALEIGH, NC",06/30 15:55,"2,547",20,NO NOTES,2567,0.29,1,
2026-06-25T18:07:38.353041,WG,72107511,$926.83,"APEX, NC",06/26 09:00,"PETERSBURG, VA",06/26 13:41,"2,527",150,NO NOTES,2677,0.35,1,
2026-06-25T18:07:51.352274,WG,72107491,"$2,502.74","SILVER SPRING, MD",06/29 05:15,"COLUMBIA, SC",06/29 17:07,"2,664",488,NO NOTES,3152,0.79,2,
2026-06-25T18:10:13.236404,WG,72107248,"$6,820.16","SAINT LOUIS, MO",06/30 14:00,"SAN DIEGO, CA",07/2 11:00,"1,854","1,853",NO NOTES,3707,1.84,30,
2026-06-25T18:10:16.299762,WG,72105263,"$2,448.25","CHARLOTTESVILLE, VA",06/30 14:00,"LA VERGNE, TN",07/1 07:30,"2,578",541,NO NOTES,3119,0.78,2,
2026-06-25T18:17:05.007408,SE,72107468,$734.85,"INDIANAPOLIS, IN",06/26 07:15,"LIBERTYVILLE, IL",06/26 13:46,"2,102",236,NO NOTES,2338,0.31,1,
2026-06-25T18:30:07.065615,WG,72094999,"$1,226.60","BROOKS, KY",06/29 18:00,"ELK GROVE VILLAGE, IL",06/30 09:00,"2,123",337,IC7875: ENSURE THAT YOU HAVE THE ENTIRE BOL FILLED OUT AT THIS LOCATION.,2460,0.50,1,
2026-06-25T18:35:44.099676,WG,72107517,"$1,179.31","SHEPHERDSVILLE, KY",06/28 13:00,"OLIVE BRANCH, MS",06/29 08:00,"2,128",369,NO NOTES,2497,0.47,1,
2026-06-25T18:36:51.479594,WG,72107518,"$4,388.43","DALLAS, TX",06/29 16:00,"GLEN ALLEN, VA",06/30 20:26,"1,371","1,266",NO NOTES,2637,1.66,22,
2026-06-25T18:42:24.527670,WG,72107520,"$2,506.10","FISHERS, IN",06/25 15:00,"RENSSELAER, NY",06/26 09:21,"2,117",792,NO NOTES,2909,0.86,2,
2026-06-25T18:42:33.805310,WG,72107494,"$1,258.68","GROTON, CT",06/26 08:00,"ALLENTOWN, PA",06/26 14:00,"2,938",224,NO NOTES,3162,0.40,1,
2026-06-25T18:52:19.754357,WG,72107217,"$1,367.63","BETHLEHEM, PA",06/30 14:00,"BEDFORD, NH",07/1 08:00,"2,737",328,NO NOTES,3065,0.45,1,
2026-06-25T19:01:08.398903,WG,72107521,"$1,262.61","WHIPPANY, NJ",06/29 08:00,"ALLENTOWN, PA",06/29 11:05,"2,790",75,NO NOTES,2865,0.44,1,
2026-06-25T19:03:05.556873,WG,72097097,"$1,846.61","LA VERGNE, TN",06/30 15:00,"CORAOPOLIS, PA",07/1 08:00,"2,051",575,"CORD11: TRUCK MUST HAVE FULL AMOUNT OF USABLE SPACE FOR THE TRUCK SIZE REQUESTED, 20FT OF USABLE SPACE, 12FT OF USABLE SPACE, 53FT OF USABLE SPACE.",2626,0.70,2,
2026-06-25T19:03:08.281086,WG,72086590,"$3,381.65","LA VERGNE, TN",06/30 15:00,"MILFORD, MA",07/1 15:27,"2,051","1,079","CORD11: TRUCK MUST HAVE FULL AMOUNT OF USABLE SPACE FOR THE TRUCK SIZE REQUESTED, 20FT OF USABLE SPACE, 12FT OF USABLE SPACE, 53FT OF USABLE SPACE.",3130,1.08,5,
2026-06-25T19:03:12.262916,WG,72107258,"$7,484.40","LA VERGNE, TN",06/30 15:00,"GRESHAM, OR",07/2 18:40,"2,051","2,358",NO NOTES,4409,1.70,26,
2026-06-25T19:03:42.304503,SE,72103205,$673.00,"MILPITAS, CA",06/30 15:00,"SANTA CLARA, CA",07/1 12:00,453,37,DRIVERS MUST SPEAK ENGLISH- DRIVER MUST GIVE SHIPPER THE FCC PRO# DRIVER CANNOT LEAVE SHIPPER ONCE ONSITE - FREIGHT MAY NOT BE READY DRIVER MUST WAIT ONSITE AND CANNOT LEAVE SHIPPER UNTIL RELEASED BY SHIPPER CONTACT SANDRA TWIST,490,1.37,11,
2026-06-25T19:03:46.024592,SE,72107196,"$4,396.03","CHATTANOOGA, TN",06/30 15:00,"CENTRAL ISLIP, NY",07/1 11:08,"2,149",876,NO NOTES,3025,1.45,17,
2026-06-25T19:03:49.731366,SE,72103206,$673.00,"MILPITAS, CA",06/30 15:00,"SANTA CLARA, CA",07/1 12:00,453,37,DRIVERS MUST SPEAK ENGLISH- DRIVER MUST GIVE SHIPPER THE FCC PRO# DRIVER CANNOT LEAVE SHIPPER ONCE ONSITE - FREIGHT MAY NOT BE READY DRIVER MUST WAIT ONSITE AND CANNOT LEAVE SHIPPER UNTIL RELEASED BY SHIPPER CONTACT SANDRA TWIST,490,1.37,11,
2026-06-25T19:09:15.286552,WG,72107474,"$1,262.61","WHIPPANY, NJ",06/30 08:00,"ALLENTOWN, PA",06/30 11:05,"2,790",75,NO NOTES,2865,0.44,1,
2026-06-25T19:10:02.383390,WG,72106024,"$2,353.65","LONG BEACH, CA",06/30 15:00,"KIRTLAND AFB, NM",07/1 10:00,97,805,"INSIDE DELIV TO MRI EQUIP RM, LIFT GATE/ PALLET JACK REQUIRED",902,2.61,47,
2026-06-25T19:10:10.080290,WG,72106340,"$2,869.94","INDIANAPOLIS, IN",06/30 15:00,"NORRISTOWN, PA",07/1 08:09,"2,085",645,NO NOTES,2730,1.05,4,
2026-06-25T19:10:13.306008,WG,72098727,"$1,457.42","SHEPHERDSVILLE, KY",06/30 15:00,"PITTSBURGH, PA",07/1 09:00,"2,128",403,PLEASE TRANSFER TO SECURECOMM ONCE THE SHIPPER DEPART CALL IS COMPLETE. SECURECOMM MUST SPEAK TO THE DRIVERS BEFORE THEY DEPART THE SHIPPER. SCC/MZC,2531,0.58,1,
2026-06-25T19:10:28.395769,SE,72107523,"$1,163.85","LIBERTYVILLE, IL",06/29 15:00,"SAINT PAUL, MN",06/30 09:00,"2,081",370,NO NOTES,2451,0.47,1,
2026-06-25T19:10:41.397517,SE,72103253,$754.77,"LITTLETON, MA",06/30 15:00,"WILMINGTON, MA",07/1 13:03,"3,021",71,DRIVERS MUST SPEAK ENGLISH- DRIVER MUST GIVE SHIPPER THE FCC PRO# DRIVER CANNOT LEAVE SHIPPER ONCE ONSITE - FREIGHT MAY NOT BE READY DRIVER MUST WAIT ONSITE AND CANNOT LEAVE SHIPPER UNTIL RELEASED BY CONTACT JEFF WALLACE,3092,0.24,1,
2026-06-25T19:10:46.805962,SE,72103210,$681.14,"UNION CITY, CA",06/30 15:00,"SANTA CLARA, CA",07/1 12:00,472,51,DRIVERS MUST SPEAK ENGLISH- DRIVER MUST GIVE SHIPPER THE FCC PRO# DRIVER CANNOT LEAVE SHIPPER ONCE ONSITE - FREIGHT MAY NOT BE READY DRIVER MUST WAIT ONSITE AND CANNOT LEAVE SHIPPER UNTIL RELEASED BY CONTACT YE ZHANG OR SUNNY YU,523,1.30,9,
2026-06-25T19:10:54.379359,SE,72103209,$681.14,"UNION CITY, CA",06/30 15:00,"SANTA CLARA, CA",07/1 12:00,472,51,DRIVERS MUST SPEAK ENGLISH- DRIVER MUST GIVE SHIPPER THE FCC PRO# DRIVER CANNOT LEAVE SHIPPER ONCE ONSITE - FREIGHT MAY NOT BE READY DRIVER MUST WAIT ONSITE AND CANNOT LEAVE SHIPPER UNTIL RELEASED BY CONTACT YE ZHANG OR SUNNY YU,523,1.30,9,
2026-06-25T19:17:33.660282,WG,72107331,"$1,259.94","DEVENS, MA",06/30 15:00,"ROCKVILLE, MD",07/1 08:00,"3,018",438,BRCOAR: TRAILER MUST BE EMPTY OUTSIDE OF EQUIPMENT NEEDED TO SECURE. NO PLYWOOD IN TRAILER FLOORS ON REEFER LOADS.,3456,0.36,1,
2026-06-25T19:17:43.094566,SE,72107470,$742.10,"BOSTON, MA",06/29 09:00,"BOSTON, MA",06/29 14:52,"3,034",77,CSAFE RKN SHIPMENT TO PICK UP FREIGHT. WILL NEED TO FOLLOW SHIPPER ORIGIN INSTRUCTIONS AT ALL LOCATIONS. INSTRUCTIONS WILL BE EMAILED TO YOU,3111,0.24,1,
2026-06-25T19:18:04.680178,SE,72103254,$754.77,"LITTLETON, MA",06/30 15:00,"WILMINGTON, MA",07/1 13:03,"3,021",71,DRIVERS MUST SPEAK ENGLISH- DRIVER MUST GIVE SHIPPER THE FCC PRO# DRIVER CANNOT LEAVE SHIPPER ONCE ONSITE - FREIGHT MAY NOT BE READY DRIVER MUST WAIT ONSITE AND CANNOT LEAVE SHIPPER UNTIL RELEASED BY CONTACT JEFF WALLACE,3092,0.24,1,
2026-06-25T19:29:32.870802,WG,72107495,"$1,200.63","MOUNT VERNON, IN",06/29 14:00,"OLIVE BRANCH, MS",06/30 09:00,"2,005",306,BRCOAR: TRAILER MUST BE EMPTY OUTSIDE OF EQUIPMENT NEEDED TO SECURE. NO PLYWOOD IN TRAILER FLOORS ON REEFER LOADS.,2311,0.52,1,
2026-06-25T19:38:28.412934,WG,72097067,"$1,157.16","BROOKS, KY",06/30 15:30,"GROVEPORT, OH",06/30 22:00,"2,123",221,NO NOTES,2344,0.49,1,
2026-06-25T19:38:30.976618,WG,72100256,"$2,365.85","PATASKALA, OH",06/30 15:30,"OVERLAND PARK, KS",07/1 08:15,"2,295",694,NO NOTES,2989,0.79,2,
2026-06-25T19:51:06.362451,WG,72107528,$813.51,"SUMMIT, NJ",06/30 08:00,"AYER, MA",07/1 08:00,"2,788",228,"ORDER NOTE: BMS-S16_BMS-DEV_1649, PLEASE PRINT OUT THE BOL",3016,0.27,1,
2026-06-25T20:00:34.352594,WG,72107543,"$1,120.74","CANTON, MA",06/26 11:15,"SMITHFIELD, RI",06/26 15:15,"3,020",33,NO NOTES,3053,0.37,1,
2026-06-25T20:01:39.982489,WG,72107541,"$3,798.26","LA VERGNE, TN",06/29 15:00,"ENGLEWOOD, CO",06/30 17:26,"2,051","1,172","CORD11: TRUCK MUST HAVE FULL AMOUNT OF USABLE SPACE FOR THE TRUCK SIZE REQUESTED, 20FT OF USABLE SPACE, 12FT OF USABLE SPACE, 53FT OF USABLE SPACE.",3223,1.18,8,
2026-06-25T20:03:21.326253,WG,72086603,"$5,410.90","LA VERGNE, TN",06/30 16:00,"LAS VEGAS, NV",07/2 07:55,"2,051","1,806",UP TO 6 PALLETS,3857,1.40,16,
2026-06-25T20:03:24.030965,WG,72086656,"$1,879.63","LA VERGNE, TN",06/30 16:00,"LENEXA, KS",07/1 09:00,"2,051",586,"CORD11: TRUCK MUST HAVE FULL AMOUNT OF USABLE SPACE FOR THE TRUCK SIZE REQUESTED, 20FT OF USABLE SPACE, 12FT OF USABLE SPACE, 53FT OF USABLE SPACE.",2637,0.71,2,
2026-06-25T20:08:01.568412,WG,72107458,"$1,338.70","COOKEVILLE, TN",06/29 09:00,"OLIVE BRANCH, MS",06/29 16:47,"2,114",296,NO NOTES,2410,0.56,1,
2026-06-25T20:29:37.915801,WG,72107562,"$2,071.17","LEVITTOWN, PA",06/29 14:00,"CARY, NC",07/1 14:00,"2,757",583,NO NOTES,3340,0.62,2,
2026-06-25T20:38:20.871545,WG,72062681,"$1,181.08","LOUISVILLE, KY",06/30 16:30,"OLIVE BRANCH, MS",07/1 09:00,"2,118",381,DRIVER NEEDS TO REFERENCE DELIVERY# 232733997 AT PICKUP,2499,0.47,1,
2026-06-25T20:42:34.590587,WG,72107550,"$1,191.40","LA VERGNE, TN",06/28 16:00,"PHILADELPHIA, TN",06/29 08:00,"2,051",173,NO NOTES,2224,0.54,1,
2026-06-25T20:57:05.516488,WG,72107586,"$2,808.60","SAINT PETERSBURG, FL",06/29 09:00,"PHILADELPHIA, PA",06/30 09:17,"2,433","1,071",NO NOTES,3504,0.80,2,
2026-06-25T21:03:29.652301,WG,72100143,"$2,795.26","RENO, NV",06/30 17:00,"TEMPE, AZ",07/1 12:00,628,783,NO NOTES,1411,1.98,30,
2026-06-25T21:03:34.077431,WG,72107459,"$2,007.80","LA VERGNE, TN",06/30 17:00,"GRAND RAPIDS, MI",07/1 06:26,"2,051",561,NO NOTES,2612,0.77,2,
2026-06-25T21:03:36.646608,WG,72086668,"$2,233.86","LA VERGNE, TN",06/30 17:00,"FLOWER MOUND, TX",07/1 09:28,"2,051",704,UP TO 6 PALLETS,2755,0.81,2,
2026-06-25T21:03:39.763120,WG,72100163,"$2,087.41","RENO, NV",06/30 17:00,"MONTCLAIR, CA",07/1 11:00,628,552,NO NOTES,1180,1.77,23,
2026-06-25T21:08:36.508633,WG,72106782,"$1,835.85","CINCINNATI, OH",06/29 13:00,"LEOLA, PA",06/30 08:00,"2,209",498,NO NOTES,2707,0.68,2,
2026-06-25T21:10:25.249073,WG,72107153,"$3,899.39","LONGMONT, CO",06/30 17:00,"SAN ANTONIO, TX",07/1 15:17,"1,094",977,NO NOTES,2071,1.88,28,
2026-06-25T21:22:49.690382,WG,72107567,$836.07,"LA VERGNE, TN",06/29 15:00,"MURFREESBORO, TN",06/29 16:46,"2,051",13,NO NOTES,2064,0.41,1,
2026-06-25T21:24:34.575222,SE,72107588,"$1,688.05","RALEIGH, NC",06/25 19:00,"OSCEOLA, AR",06/26 13:05,"2,555",780,NO NOTES,3335,0.51,1,
2026-06-25T21:31:31.426213,SE,72107590,"$2,134.84","INDIANAPOLIS, IN",06/28 18:00,"PAPILLION, NE",06/29 09:00,"2,092",618,DRIVER MAY NEED TO ASSIST WITH LOADING/UNLOADING,2710,0.79,2,
2026-06-25T21:31:38.896899,SE,72107589,"$2,218.50","CHATTANOOGA, TN",06/30 14:00,"WILSON, NC",07/1 09:00,"2,149",518,NO NOTES,2667,0.83,2,
2026-06-25T21:52:30.563179,SE,72107623,$482.77,"TINLEY PARK, IL",06/26 09:00,"UNION GROVE, WI",06/26 12:23,"2,057",89,NO NOTES,2146,0.22,1,
2026-06-25T22:09:56.606986,WG,72097072,"$1,157.16","BROOKS, KY",06/30 18:00,"LOCKBOURNE, OH",07/1 00:12,"2,123",221,NO NOTES,2344,0.49,1,
2026-06-25T22:09:59.993283,WG,72097147,"$1,902.12","LA VERGNE, TN",06/30 18:00,"CARY, NC",07/1 08:00,"2,051",529,"CORD11: TRUCK MUST HAVE FULL AMOUNT OF USABLE SPACE FOR THE TRUCK SIZE REQUESTED, 20FT OF USABLE SPACE, 12FT OF USABLE SPACE, 53FT OF USABLE SPACE.",2580,0.74,2,
2026-06-25T22:36:36.628969,WG,72107630,"$2,200.85","BROOKS, KY",06/29 14:00,"PHILADELPHIA, PA",06/30 08:00,"2,123",692,IC7875: ENSURE THAT YOU HAVE THE ENTIRE BOL FILLED OUT AT THIS LOCATION.,2815,0.78,2,
2026-06-25T22:38:35.471004,SE,72107563,"$2,034.17","SPANISH FORK, UT",06/26 10:00,"POINT MUGU NAWC, CA",06/27 11:00,688,693,NO NOTES,1381,1.47,15,
2026-06-25T22:56:25.148902,WG,72106847,$836.07,"LA VERGNE, TN",06/26 11:00,"MURFREESBORO, TN",06/26 12:46,"2,051",13,NO NOTES,2064,0.41,1,
2026-06-25T22:58:57.988433,SE,72107631,"$2,702.10","ONTARIO, CA",06/29 19:15,"ENGLEWOOD, CO",06/30 17:46,99,988,NO NOTES,1087,2.49,44,
2026-06-25T23:03:16.376745,WG,72097130,"$2,275.89","LA VERGNE, TN",06/30 19:00,"FORT WORTH, TX",07/1 11:46,"2,051",718,"CORD11: TRUCK MUST HAVE FULL AMOUNT OF USABLE SPACE FOR THE TRUCK SIZE REQUESTED, 20FT OF USABLE SPACE, 12FT OF USABLE SPACE, 53FT OF USABLE SPACE.",2769,0.82,2,
2026-06-25T23:03:19.751227,WG,72097117,$758.56,"LA VERGNE, TN",06/30 19:00,"COLLIERVILLE, TN",07/1 09:00,"2,051",219,"CORD11: TRUCK MUST HAVE FULL AMOUNT OF USABLE SPACE FOR THE TRUCK SIZE REQUESTED, 20FT OF USABLE SPACE, 12FT OF USABLE SPACE, 53FT OF USABLE SPACE.",2270,0.33,1,
2026-06-25T23:03:25.908290,WG,72097077,"$1,420.80","BROOKS, KY",06/30 19:00,"MEMPHIS, TN",07/1 08:31,"2,123",355,NO NOTES,2478,0.57,1,
2026-06-25T23:09:59.349182,SE,72107475,$907.77,"HICKSVILLE, NY",06/26 09:00,"JAMAICA, NY",06/26 10:58,"2,847",22,NO NOTES,2869,0.32,1,
2026-06-25T23:37:15.944335,WG,72107575,"$1,110.23","ALLENTOWN, PA",06/30 15:00,"WILMINGTON, MA",07/1 08:00,"2,716",317,NO NOTES,3033,0.37,1,
2026-06-25T23:51:28.396950,WG,72107649,"$7,293.91","LA VERGNE, TN",06/30 15:00,"SAN LEANDRO, CA",07/2 17:22,"2,051","2,297","CORD11: TRUCK MUST HAVE FULL AMOUNT OF USABLE SPACE FOR THE TRUCK SIZE REQUESTED, 20FT OF USABLE SPACE, 12FT OF USABLE SPACE, 53FT OF USABLE SPACE.",4348,1.68,25,
2026-06-26T00:03:11.529175,WG,72098691,$867.04,"BROOKS, KY",06/30 20:00,"LA VERGNE, TN",07/1 07:00,"2,123",176,IC7875: ENSURE THAT YOU HAVE THE ENTIRE BOL FILLED OUT AT THIS LOCATION.,2299,0.38,1,
2026-06-26T00:03:49.295423,SE,72107472,"$2,119.57","SAN DIEGO, CA",06/30 20:00,"ALBUQUERQUE, NM",07/1 14:58,0,821,NO NOTES,821,2.58,46,
2026-06-26T00:28:24.966930,WG,72106360,"$2,869.94","INDIANAPOLIS, IN",06/28 15:00,"NORRISTOWN, PA",06/29 07:30,"2,085",645,NO NOTES,2730,1.05,4,
2026-06-26T00:30:21.877632,WG,72107651,"$3,431.03","CHASKA, MN",06/30 15:00,"LOCKBOURNE, OH",07/1 12:00,"1,940",766,NO NOTES,2706,1.27,10,
2026-06-26T00:31:15.647887,SE,72107661,$506.52,"INDIANAPOLIS, IN",06/26 07:00,"COLUMBUS, IN",06/26 09:31,"2,085",48,NO NOTES,2133,0.24,1,
2026-06-26T01:49:42.091808,WG,72107682,"$1,110.85","LOCKBOURNE, OH",06/29 09:00,"BROOKS, KY",06/29 15:12,"2,283",221,NO NOTES,2504,0.44,1,
2026-06-26T02:09:47.643275,SE,72107683,"$2,855.19","INDIANAPOLIS, IN",06/29 13:00,"OCALA, FL",06/30 09:54,"2,098",912,NO NOTES,3010,0.95,2,
2026-06-26T02:15:20.240542,WG,72107684,"$6,043.54","BROOKS, KY",06/29 15:00,"MONTCLAIR, CA",07/1 12:28,"2,123","2,067",IC7875: ENSURE THAT YOU HAVE THE ENTIRE BOL FILLED OUT AT THIS LOCATION.,4190,1.44,18,
2026-06-26T02:57:45.953550,WG,72107687,"$1,134.59","BETHLEHEM, PA",06/30 10:00,"LEE, MA",06/30 16:19,"2,737",227,NO NOTES,2964,0.38,1,
2026-06-26T03:01:46.918744,WG,72107688,"$1,134.59","BETHLEHEM, PA",06/30 10:00,"LEE, MA",06/30 16:19,"2,737",227,NO NOTES,2964,0.38,1,
2026-06-26T03:29:04.101827,WG,72106605,"$1,972.35","CINCINNATI, OH",06/29 13:00,"SOUDERTON, PA",06/30 07:00,"2,209",559,DOCK HIGH AND FORKLIFT ACCESSIBLE TRUCK REQUIRED (NO RAP CONTAINERS - SHIPPER DOES NOT HAVE LONG FORKS) SHIPPER WILL PROVIDE A TEMP MONITOR OF THEIR OWN; TO BE LEFT WITH THE CONSIGNEE,2768,0.71,2,
2026-06-26T05:03:34.143629,SE,72103208,$673.00,"MILPITAS, CA",07/1 01:00,"SANTA CLARA, CA",07/1 16:42,453,37,DRIVERS MUST SPEAK ENGLISH- DRIVER MUST GIVE SHIPPER THE FCC PRO# DRIVER CANNOT LEAVE SHIPPER ONCE ONSITE - FREIGHT MAY NOT BE READY DRIVER MUST WAIT ONSITE AND CANNOT LEAVE SHIPPER UNTIL RELEASED BY SHIPPER CONTACT SANDRA TWIST,490,1.37,11,
2026-06-26T05:10:17.448941,SE,72103207,$673.00,"MILPITAS, CA",07/1 01:00,"SANTA CLARA, CA",07/1 16:42,453,37,DRIVERS MUST SPEAK ENGLISH- DRIVER MUST GIVE SHIPPER THE FCC PRO# DRIVER CANNOT LEAVE SHIPPER ONCE ONSITE - FREIGHT MAY NOT BE READY DRIVER MUST WAIT ONSITE AND CANNOT LEAVE SHIPPER UNTIL RELEASED BY SHIPPER CONTACT SANDRA TWIST,490,1.37,11,
2026-06-26T05:10:23.001682,SE,72103252,$681.14,"UNION CITY, CA",07/1 01:00,"SANTA CLARA, CA",07/1 16:42,472,51,DRIVERS MUST SPEAK ENGLISH- DRIVER MUST GIVE SHIPPER THE FCC PRO# DRIVER CANNOT LEAVE SHIPPER ONCE ONSITE - FREIGHT MAY NOT BE READY DRIVER MUST WAIT ONSITE AND CANNOT LEAVE SHIPPER UNTIL RELEASED BY CONTACT YE ZHANG OR SUNNY YU,523,1.30,9,
2026-06-26T05:10:25.655330,SE,72103251,$681.14,"UNION CITY, CA",07/1 01:00,"SANTA CLARA, CA",07/1 16:42,472,51,DRIVERS MUST SPEAK ENGLISH- DRIVER MUST GIVE SHIPPER THE FCC PRO# DRIVER CANNOT LEAVE SHIPPER ONCE ONSITE - FREIGHT MAY NOT BE READY DRIVER MUST WAIT ONSITE AND CANNOT LEAVE SHIPPER UNTIL RELEASED BY CONTACT YE ZHANG OR SUNNY YU,523,1.30,9,
2026-06-26T05:22:37.121503,WG,72107652,"$4,487.98","NEWARK, DE",06/30 08:00,"BAL HARBOUR, FL",07/1 10:30,"2,720","1,152",NO NOTES,3872,1.16,8,
2026-06-26T05:42:34.332127,WG,72097698,"$4,360.27","SOMERSET, WI",06/29 09:00,"ALLENTOWN, PA",06/30 08:00,"2,008","1,111",NO NOTES,3119,1.40,15,
2026-06-26T06:03:47.103358,SE,72103255,$756.13,"LITTLETON, MA",07/1 02:00,"NORTH BILLERICA, MA",07/1 13:07,"3,021",74,DRIVERS MUST SPEAK ENGLISH- DRIVER MUST GIVE SHIPPER THE FCC PRO# DRIVER CANNOT LEAVE SHIPPER ONCE ONSITE - FREIGHT MAY NOT BE READY DRIVER MUST WAIT ONSITE AND CANNOT LEAVE SHIPPER UNTIL RELEASED BY CONTACT JEFF WALLACE,3095,0.24,1,
2026-06-26T06:07:48.986277,WG,72107673,$762.26,"LA VERGNE, TN",06/29 09:00,"CHARLESTOWN, IN",06/29 15:00,"2,051",206,NO NOTES,2257,0.34,1,
2026-06-26T06:10:37.602571,SE,72103256,$754.77,"LITTLETON, MA",07/1 02:00,"WILMINGTON, MA",07/1 13:03,"3,021",71,DRIVERS MUST SPEAK ENGLISH- DRIVER MUST GIVE SHIPPER THE FCC PRO# DRIVER CANNOT LEAVE SHIPPER ONCE ONSITE - FREIGHT MAY NOT BE READY DRIVER MUST WAIT ONSITE AND CANNOT LEAVE SHIPPER UNTIL RELEASED BY CONTACT JEFF WALLACE,3092,0.24,1,
2026-06-26T11:31:07.363834,SE,72107726,"$1,389.31","WILMINGTON, NC",06/26 17:00,"ERLANGER, KY",06/27 08:10,"2,571",643,NO NOTES,3214,0.43,1,
2026-06-26T11:57:41.885326,WG,72107702,"$2,199.15","BROOKS, KY",06/29 15:00,"HORSHAM, PA",06/30 07:01,"2,123",683,IC7875: ENSURE THAT YOU HAVE THE ENTIRE BOL FILLED OUT AT THIS LOCATION.,2806,0.78,2,
2026-06-26T12:02:00.159242,WG,72107703,"$1,882.67","BREINIGSVILLE, PA",06/30 09:00,"MOUNT VERNON, IN",06/30 10:00,"2,715",781,BRCOAR: TRAILER MUST BE EMPTY OUTSIDE OF EQUIPMENT NEEDED TO SECURE. NO PLYWOOD IN TRAILER FLOORS ON REEFER LOADS.,3496,0.54,2,
2026-06-26T12:08:44.411630,WG,72107720,"$5,075.50","SAN ANTONIO, TX",06/30 08:00,"GREENSBORO, NC",07/1 13:38,"1,287","1,323",PICKUP # 108000859,2610,1.94,31,
2026-06-26T12:10:14.824380,WG,72107112,$982.09,"LOUISVILLE, KY",07/1 08:00,"LA VERGNE, TN",07/1 13:22,"2,118",182,NO NOTES,2300,0.43,1,
2026-06-26T12:10:17.234593,WG,72097041,"$1,157.16","LOCKBOURNE, OH",07/1 08:00,"BROOKS, KY",07/1 14:12,"2,283",221,NO NOTES,2504,0.46,1,
2026-06-26T12:16:06.528419,WG,72107727,"$1,808.73","WINCHESTER, KY",06/30 10:00,"NEW BRUNSWICK, NJ",07/1 08:00,"2,200",664,BRCOAR: TRAILER MUST BE EMPTY OUTSIDE OF EQUIPMENT NEEDED TO SECURE. NO PLYWOOD IN TRAILER FLOORS ON REEFER LOADS.,2864,0.63,2,
2026-06-26T12:28:52.569947,WG,72107519,"$1,933.26","BRONX, NY",06/29 11:00,"GLEN ALLEN, VA",06/29 19:52,"2,821",347,NO NOTES,3168,0.61,2,
2026-06-26T12:29:06.333701,WG,72107729,$840.56,"ARLINGTON, VA",06/29 12:30,"GLEN ALLEN, VA",06/29 16:07,"2,691",100,NO NOTES,2791,0.30,1,
2026-06-26T12:38:30.309713,WG,72103618,$949.77,"MOUNT VERNON, IN",07/1 08:30,"BROOKS, KY",07/1 13:15,"2,005",153,PLEASE ARRIVE AT PICKUP IN RANGE*SET POINT 5C,2158,0.44,1,
2026-06-26T12:38:33.145760,WG,72106510,"$1,279.64","FREDERICK, MD",07/1 08:30,"PITTSBURGH, PA",07/1 12:59,"2,627",194,NO NOTES,2821,0.45,1,
2026-06-26T12:38:43.981212,SE,72107733,"$3,110.15","CHATTANOOGA, TN",06/29 13:00,"WHIPPANY, NJ",06/30 10:00,"2,149",799,NO NOTES,2948,1.06,4,
2026-06-26T12:56:58.483471,WG,72107476,"$6,024.60","COLORADO SPRINGS, CO",06/29 12:00,"CATAWISSA, PA",07/1 08:00,"1,124","1,652",HAS TO BE BARN DOORS TO FIT CUSTOMER WANTS 12' FEDEX TRUCK,2776,2.17,38,
2026-06-26T12:57:08.317959,WG,72107559,"$3,831.65","COLORADO SPRINGS, CO",06/29 13:00,"HOUSTON, TX",06/30 11:49,"1,124","1,002",HAS TO BE BARN DOORS TO FIT CUSTOMER WANTS 12' FEDEX TRUCK,2126,1.80,26,
2026-06-26T12:59:18.472992,SE,72107578,$620.60,"DECATUR, AL",06/26 11:00,"LOUISVILLE, KY",06/26 18:31,"2,012",283,NO NOTES,2295,0.27,1,
2026-06-26T13:31:35.556553,SE,72107738,$459.60,"CORNELIA, GA",06/26 12:00,"ATHENS, GA",06/26 14:23,"2,226",42,UN1090 ACETONE CLASS 3 || 1 SK WITH 2 DRUMS,2268,0.20,1,
2026-06-26T13:36:38.497122,WG,72107764,"$3,403.95","HARRISBURG, PA",06/30 09:30,"SHREVEPORT, LA",07/1 13:53,"2,646","1,264",NO NOTES,3910,0.87,3,
2026-06-26T13:37:54.730104,WG,72107757,"$3,403.95","HARRISBURG, PA",07/1 09:30,"SHREVEPORT, LA",07/2 13:53,"2,646","1,264",NO NOTES,3910,0.87,3,
2026-06-26T13:52:31.077782,SE,72107742,"$1,341.46","PEEBLES, OH",06/26 13:00,"BATESVILLE, MS",06/27 04:17,"2,271",601,NO NOTES,2872,0.47,1,
2026-06-26T13:52:34.274276,SE,72107744,"$1,390.83","AMSTERDAM, NY",06/26 19:00,"RICHMOND, VA",06/27 07:35,"2,834",521,NO NOTES,3355,0.41,1,
2026-06-26T13:52:39.675440,SE,72107766,"$2,382.11","MILLVILLE, NJ",06/30 06:00,"PORT CHESTER, NY",06/30 11:30,"2,775",162,"SPECIAL INSTRUCTIONS PETER PERFITO 914-980-5363 TO ARRANGE DELIVERY - MUST CALL PRIOR TO ARRIVAL, AT LEAST 30 MINUTES BEFORE ARRIVAL.  THIS LOCATION IS NOT MANNED UNLESS SCHEDULED",2937,0.81,2,
2026-06-26T14:08:49.579724,WG,72107772,"$1,120.97","LODI, WI",06/30 09:00,"KANKAKEE, IL",06/30 15:09,"2,037",219,NO NOTES,2256,0.50,1,
2026-06-26T14:10:05.589760,WG,72107146,"$2,459.13","LITTLETON, CO",07/1 10:00,"COURTLAND, AL",07/2 14:07,"1,075","1,251",NO NOTES,2326,1.06,4,
2026-06-26T14:10:08.465384,WG,72107647,"$1,653.93","WILMINGTON, NC",07/1 10:00,"LOCKBOURNE, OH",07/2 08:00,"2,579",594,NO NOTES,3173,0.52,1,
2026-06-26T14:14:43.760531,WG,72107407,$897.50,"CINCINNATI, OH",06/29 09:30,"BROOKS, KY",06/29 13:34,"2,201",121,MAKE SURE TRUCK IS AT REQUIRED TEMPERATURE PRIOR TO ARRIVAL,2322,0.39,1,
2026-06-26T14:28:56.863954,WG,72107746,$918.51,"PHILADELPHIA, PA",06/29 13:00,"SOUDERTON, PA",06/29 15:12,"2,750",33,NO NOTES,2783,0.33,1,
2026-06-26T14:29:37.166635,WG,72107709,"$3,267.44","RARITAN, NJ",06/30 09:00,"POMPANO BEACH, FL",07/1 12:35,"2,772","1,226",NO NOTES,3998,0.82,3,
2026-06-26T14:31:14.884835,SE,72107768,"$1,358.75","BATAVIA, IL",06/29 09:00,"CHARLOTTESVILLE, VA",06/30 08:00,"2,032",760,US CITZ WITH REAL ID WITH STAR IN THE CORNER,2792,0.49,1,
2026-06-26T14:45:19.972923,SE,72107769,$934.02,"READING, PA",06/26 12:00,"REBERSBURG, PA",06/26 16:04,"2,701",121,NO NOTES,2822,0.33,1,
2026-06-26T14:45:33.434983,SE,72107715,$570.17,"NASHUA, NH",06/29 10:00,"NASHUA, NH",06/29 11:31,"3,043",1,NO NOTES,3044,0.19,1,
2026-06-26T15:08:40.658415,WG,72107817,"$1,124.12","TRENTON, NJ",06/30 11:00,"SOMERSET, NJ",06/30 13:17,"2,770",37,NO NOTES,2807,0.40,1,
2026-06-26T15:08:43.687288,WG,72107714,"$2,381.80","EAST HAMPTON, NY",06/30 11:00,"GLEN ALLEN, VA",06/30 22:01,"2,924",448,NO NOTES,3372,0.71,2,
2026-06-26T15:09:36.870882,WG,72102953,"$2,507.20","LA VERGNE, TN",07/1 11:00,"TAMPA, FL",07/2 13:07,"2,051",768,"CORD11: TRUCK MUST HAVE FULL AMOUNT OF USABLE SPACE FOR THE TRUCK SIZE REQUESTED, 20FT OF USABLE SPACE, 12FT OF USABLE SPACE, 53FT OF USABLE SPACE.",2819,0.89,2,
2026-06-26T15:09:39.267722,WG,72102267,"$4,500.23","TEMPE, AZ",07/1 11:00,"CARROLLTON, TX",07/2 11:09,368,"1,065",NO NOTES,1433,3.14,64,
2026-06-26T15:09:41.638873,WG,72103773,$692.74,"LOCKBOURNE, OH",07/1 11:00,"LOCKBOURNE, OH",07/1 12:31,"2,283",1,NO NOTES,2284,0.30,1,
2026-06-26T15:09:46.728817,WG,72106197,"$2,403.53","LOCKBOURNE, OH",07/1 11:00,"DOTHAN, AL",07/2 09:00,"2,283",763,IC7875: ENSURE THAT YOU HAVE THE ENTIRE BOL FILLED OUT AT THIS LOCATION.,3046,0.79,2,
2026-06-26T15:09:50.023229,WG,72106973,"$2,209.93","LOCKBOURNE, OH",07/1 11:00,"DOTHAN, AL",07/2 09:00,"2,283",763,IC7875: ENSURE THAT YOU HAVE THE ENTIRE BOL FILLED OUT AT THIS LOCATION.,3046,0.73,2,
2026-06-26T15:09:54.370071,WG,72106740,"$1,913.46","DULUTH, GA",07/1 11:00,"HARRISBURG, PA",07/2 09:00,"2,172",697,"L1163385: TRAILERS MUST BE CLEAN, EMPTY, DRY, FREE OF STRUCTURAL DAMAGE AND NO ODORS FROM PRIOR FREIGHT. MUST HAVE TWO LOAD LOCKS IN EACH TRAILER AND FUEL TANKS 3/4 FULL PRIOR TO PICKUP ARRIVAL.",2869,0.67,2,
2026-06-26T15:09:57.982735,WG,72106669,"$1,511.62","BROOKS, KY",07/1 11:00,"AURORA, IL",07/2 08:00,"2,123",341,IC7875: ENSURE THAT YOU HAVE THE ENTIRE BOL FILLED OUT AT THIS LOCATION.,2464,0.61,1,
2026-06-26T15:30:54.127176,WG,72107820,"$2,321.16","NEW BRUNSWICK, NJ",07/1 09:30,"MOUNT VERNON, IN",07/2 09:00,"2,786",852,BRCOAR: TRAILER MUST BE EMPTY OUTSIDE OF EQUIPMENT NEEDED TO SECURE. NO PLYWOOD IN TRAILER FLOORS ON REEFER LOADS.,3638,0.64,2,
2026-06-26T15:32:13.348958,SE,72107805,$601.15,"INDIANAPOLIS, IN",06/30 08:00,"INDIANAPOLIS, IN",06/30 14:37,"2,085",106,NO NOTES,2191,0.27,1,
2026-06-26T15:37:53.703600,WG,72107785,"$1,179.09","INDIANAPOLIS, IN",07/1 08:00,"ROUND LAKE, IL",07/1 14:26,"2,085",232,NO NOTES,2317,0.51,1,
2026-06-26T15:38:09.822952,WG,72107822,"$2,274.77","NEW BRUNSWICK, NJ",07/1 10:00,"MOUNT VERNON, IN",07/2 09:00,"2,786",852,BRCOAR: TRAILER MUST BE EMPTY OUTSIDE OF EQUIPMENT NEEDED TO SECURE. NO PLYWOOD IN TRAILER FLOORS ON REEFER LOADS.,3638,0.63,2,
2026-06-26T15:49:36.784642,WG,72107808,"$1,157.01","WARTBURG, TN",06/29 09:30,"COLLEGE PARK, GA",06/29 15:39,"2,177",219,NO NOTES,2396,0.48,1,
2026-06-26T15:50:08.759350,WG,72104733,"$1,386.28","NEW YORK, NY",06/30 06:00,"NEW YORK, NY",06/30 08:32,"2,827",2,NO NOTES,2829,0.49,1,
2026-06-26T15:52:40.262424,SE,72107823,"$1,242.22","WARREN, NJ",06/30 09:00,"WASHINGTON, DC",06/30 15:05,"2,779",216,NO NOTES,2995,0.41,1,
2026-06-26T16:03:04.409904,WG,72103460,"$2,372.63","MANCHESTER, PA",07/1 12:00,"DOTHAN, AL",07/2 09:26,"2,654",937,PLEASE BE SURE YOU ARE IN RANGE WHEN YOU ARRIVE AT PICKUP**SET POINT 20C,3591,0.66,2,
2026-06-26T16:03:07.625222,WG,72103461,"$2,372.63","MANCHESTER, PA",07/1 12:00,"DOTHAN, AL",07/2 09:26,"2,654",937,PLEASE BE SURE YOU ARE IN RANGE WHEN YOU ARRIVE AT PICKUP**SET POINT 5C,3591,0.66,2,
2026-06-26T16:03:10.709321,WG,72105909,"$3,569.90","WHIPPANY, NJ",07/1 12:00,"NORTH CHARLESTON, SC",07/2 08:00,"2,790",755,NO NOTES,3545,1.01,3,
2026-06-26T16:03:13.424143,WG,72106980,$790.16,"LOCKBOURNE, OH",07/1 12:00,"GROVEPORT, OH",07/1 14:00,"2,283",7,IC7875: ENSURE THAT YOU HAVE THE ENTIRE BOL FILLED OUT AT THIS LOCATION.,2290,0.35,1,
2026-06-26T16:03:16.431407,WG,72102878,"$1,810.59","LA VERGNE, TN",07/1 12:00,"TROY, MI",07/2 09:00,"2,051",563,"CORD11: TRUCK MUST HAVE FULL AMOUNT OF USABLE SPACE FOR THE TRUCK SIZE REQUESTED, 20FT OF USABLE SPACE, 12FT OF USABLE SPACE, 53FT OF USABLE SPACE.",2614,0.69,2,
2026-06-26T16:03:28.154334,SE,72107786,"$3,317.78","MIDDLETOWN, PA",06/26 15:00,"KATY, TX",06/29 09:00,"2,649","1,501",NO NOTES,4150,0.80,3,
2026-06-26T16:21:28.899298,WG,72107826,"$3,885.68","BROOKS, KY",06/28 06:30,"PORT WASHINGTON, NY",06/29 09:00,"2,123",781,NO NOTES,2904,1.34,13,
2026-06-26T16:24:51.379861,SE,72107813,"$3,576.78","CALEXICO, CA",06/27 16:00,"KATY, TX",06/29 09:00,126,"1,342",NO NOTES,1468,2.44,43,
2026-06-26T16:28:28.784471,WG,72107314,"$2,307.18","SPARKS, NV",06/28 18:01,"TEMECULA, CA",06/29 11:00,630,510,NO NOTES,1140,2.02,31,
2026-06-26T16:31:26.504374,SE,72107814,$662.68,"CONNEAUT, OH",06/29 06:00,"GROVE CITY, OH",06/29 13:00,"2,465",225,NO NOTES,2690,0.25,1,
2026-06-26T16:31:35.290899,SE,72107841,$600.59,"GRAPEVINE, TX",06/29 09:00,"HOUSTON, TX",06/29 15:58,"1,354",257,NO NOTES,1611,0.37,1,
2026-06-26T16:35:28.089106,WG,72107790,$777.65,"LOCKBOURNE, OH",06/26 13:30,"SPRINGFIELD, OH",06/26 16:22,"2,283",65,NO NOTES,2348,0.33,1,
2026-06-26T16:36:04.084530,WG,72107828,"$1,668.44","KANSAS CITY, MO",06/29 14:00,"MOUNT PROSPECT, IL",06/30 10:00,"1,674",524,NO NOTES,2198,0.76,1,
2026-06-26T16:37:06.116346,WG,72107815,"$1,668.44","KANSAS CITY, MO",06/30 14:00,"MOUNT PROSPECT, IL",07/1 10:00,"1,674",524,NO NOTES,2198,0.76,1,
2026-06-26T16:51:13.529446,WG,72107833,"$3,495.45","OLIVE BRANCH, MS",06/30 16:00,"OLIVE BRANCH, MS",07/2 09:00,"1,843","1,110",NO NOTES,2953,1.18,8,
2026-06-26T17:09:59.073697,WG,72106752,"$1,895.14","LA VERGNE, TN",07/1 13:00,"ELK GROVE VILLAGE, IL",07/2 09:30,"2,051",511,NO NOTES,2562,0.74,2,
2026-06-26T17:10:02.184732,WG,72104986,"$1,492.85","LA VERGNE, TN",07/1 13:00,"COLUMBUS, OH",07/2 08:30,"2,051",393,NO NOTES,2444,0.61,1,
2026-06-26T17:10:07.307111,WG,72104372,$735.38,"LA VERNE, CA",07/1 13:00,"LA VERNE, CA",07/1 15:52,106,18,NO NOTES,124,5.93,71,
2026-06-26T17:10:30.645888,SE,72107689,$848.70,"WARREN, OH",06/29 09:00,"PITTSBURGH, PA",06/29 12:26,"2,440",91,NO NOTES,2531,0.34,1,
2026-06-26T17:11:42.078174,SE,72104649,"$1,578.62","COLUMBUS, OH",07/1 13:00,"LEWES, DE",07/2 10:00,"2,270",502,NO NOTES,2772,0.57,1,
2026-06-26T17:18:10.531131,SE,72102368,"$2,322.60","HOLLISTON, MA",07/1 13:00,"DAYTON, OH",07/2 08:00,"3,015",808,"PLEASE NOTE THAT WE ARE ON AN AIR FORCE BASE, SO WHOEVER PICKS UP THE JOB WILL EITHER NEED TO HAVE EXISTING BASE ACCESS, OR BE A US CITIZEN WITHOUT A CRIMINAL RECORD SO I CAN PUT IN A VISITOR PASS FOR THEM.",3823,0.61,2,
2026-06-26T17:30:43.870011,SE,72107782,"$1,073.36","RICHMOND, VA",06/29 07:00,"CLEVELAND, OH",06/30 08:00,"2,629",479,NO NOTES,3108,0.35,1,
2026-06-26T17:30:55.772555,SE,72107859,"$1,769.27","DOWNERS GROVE, IL",06/29 09:00,"ANNANDALE, NJ",06/30 08:00,"2,044",766,NO NOTES,2810,0.63,1,
2026-06-26T18:02:23.720759,WG,72102704,"$2,674.88","LA VERGNE, TN",07/1 14:00,"FAIRFIELD, NJ",07/2 10:03,"2,051",872,"CORD11: TRUCK MUST HAVE FULL AMOUNT OF USABLE SPACE FOR THE TRUCK SIZE REQUESTED, 20FT OF USABLE SPACE, 12FT OF USABLE SPACE, 53FT OF USABLE SPACE.",2923,0.92,2,
2026-06-26T18:09:12.502691,WG,72104308,$760.11,"MIRA LOMA, CA",07/1 14:00,"SANTA MONICA, CA",07/1 18:31,95,72,"L1145981: IF PICKING UP AT UPS MIRA LOMA, CA PU IS AT DOOR 2132.",167,4.55,71,
2026-06-26T18:14:55.639030,WG,72107895,"$1,641.45","OLIVE BRANCH, MS",06/30 09:00,"BROOKS, KY",06/30 18:27,"1,838",374,NO NOTES,2212,0.74,1,
2026-06-26T18:16:49.340894,SE,72107866,$820.37,"SMITHFIELD, RI",06/29 12:00,"BOSTON, MA",06/29 15:00,"2,984",56,NO NOTES,3040,0.27,1,
2026-06-26T18:29:24.946994,WG,72107758,"$1,322.42","CRANBURY, NJ",06/30 10:00,"CAMBRIDGE, MA",07/1 08:00,"2,777",260,NO NOTES,3037,0.44,1,
2026-06-26T18:35:49.032876,WG,72107918,"$3,188.32","WHITBY, ON",06/30 08:00,"HOBART, NY",07/1 04:00,"2,597",870,NO NOTES,3467,0.92,3,
2026-06-26T18:36:17.500222,WG,72107905,"$2,519.74","SAINT PETERSBURG, FL",06/30 11:00,"NEW BRUNSWICK, NJ",07/1 13:00,"2,427","1,116",BRCOAR: TRAILER MUST BE EMPTY OUTSIDE OF EQUIPMENT NEEDED TO SECURE. NO PLYWOOD IN TRAILER FLOORS ON REEFER LOADS.,3543,0.71,2,
2026-06-26T18:50:18.669837,WG,72107869,"$1,106.44","LA VERGNE, TN",06/30 12:00,"COLLIERVILLE, TN",06/30 18:09,"2,046",219,NO NOTES,2265,0.49,1,
2026-06-26T18:57:22.135888,WG,72107907,"$1,978.19","NEW BRUNSWICK, NJ",06/30 10:00,"CALEDONIA, MI",07/1 08:00,"2,781",733,BRCOAR: TRAILER MUST BE EMPTY OUTSIDE OF EQUIPMENT NEEDED TO SECURE. NO PLYWOOD IN TRAILER FLOORS ON REEFER LOADS.,3514,0.56,2,
2026-06-26T19:01:17.944160,WG,72107920,"$7,067.60","TONOPAH, AZ",06/30 11:00,"SPARTANBURG, SC",07/2 08:00,345,"2,072",NO NOTES,2417,2.92,60,
2026-06-26T19:02:21.189211,WG,72107580,"$1,017.86","MADISON, AL",07/1 15:00,"CINCINNATI, OH",07/2 08:00,"2,020",403,NO NOTES,2423,0.42,1,
2026-06-26T19:02:24.541891,WG,72103788,"$1,363.53","LOCKBOURNE, OH",07/1 15:00,"OLIVE BRANCH, MS",07/2 08:00,"2,277",594,NO NOTES,2871,0.47,1,
2026-06-26T19:09:02.082431,WG,72107926,$888.07,"CYPRESS, CA",06/30 16:00,"LOS ANGELES, CA",06/30 18:07,103,29,NO NOTES,132,6.73,71,
2026-06-26T19:09:41.649092,WG,72104415,"$1,986.94","LOCKBOURNE, OH",07/1 15:00,"DOTHAN, AL",07/2 09:00,"2,277",763,NO NOTES,3040,0.65,2,
2026-06-26T19:09:44.366119,WG,72103583,"$1,191.98","MOUNT VERNON, IN",07/1 15:00,"OLIVE BRANCH, MS",07/2 02:00,"1,999",302,PLEASE BE IN RANGE WHEN YOU ARRIVE AT SHIPPER**SET POINT 5C,2301,0.52,1,
2026-06-26T19:16:19.768748,SE,72107872,"$2,435.67","CALEXICO, CA",06/26 19:00,"DALLAS, TX",06/29 09:00,121,"1,256",NO NOTES,1377,1.77,24,
2026-06-26T19:23:21.520545,SE,72107873,"$5,151.11","CALEXICO, CA",06/26 19:00,"BALTIMORE, MD",06/29 08:00,121,"2,558",NO NOTES,2679,1.92,30,
2026-06-26T19:30:26.616962,SE,72107875,"$3,645.48","FRANKLIN PARK, IL",06/26 19:30,"EASTON, ME",06/28 02:38,"2,067","1,393",NO NOTES,3460,1.05,5,
2026-06-26T19:37:22.553845,WG,72107901,"$1,426.77","MEMPHIS, TN",07/1 15:00,"WHITESTOWN, IN",07/2 08:00,544,495,NO NOTES,1039,1.37,12,
2026-06-26T19:45:06.558617,SE,72107876,$764.06,"BOSTON, MA",07/1 09:00,"BOSTON, MA",07/1 14:00,930,54,NO NOTES,984,0.78,1,
2026-06-26T19:49:53.109206,WG,72107938,$947.26,"PHILADELPHIA, PA",06/30 10:00,"SOUDERTON, PA",06/30 12:12,628,33,NO NOTES,661,1.43,13,
2026-06-26T20:02:28.591792,WG,72102922,"$1,882.64","LA VERGNE, TN",07/1 16:00,"MONROEVILLE, PA",07/2 08:00,348,587,"CORD11: TRUCK MUST HAVE FULL AMOUNT OF USABLE SPACE FOR THE TRUCK SIZE REQUESTED, 20FT OF USABLE SPACE, 12FT OF USABLE SPACE, 53FT OF USABLE SPACE.",935,2.01,30,
2026-06-26T20:02:33.468879,WG,72107690,"$1,745.76","LA VERGNE, TN",07/1 16:00,"DES PLAINES, IL",07/2 07:27,348,514,NO NOTES,862,2.03,30,
2026-06-26T20:02:36.445019,WG,72102001,"$1,611.53","SHEPHERDSVILLE, KY",07/1 16:00,"DOTHAN, AL",07/2 09:00,389,538,NO NOTES,927,1.74,22,
2026-06-26T20:02:39.409189,WG,72102002,"$2,872.96","SHEPHERDSVILLE, KY",07/1 16:00,"DOTHAN, AL",07/2 09:00,389,538,NO NOTES,927,3.10,61,
2026-06-26T20:02:42.360458,WG,72105856,"$1,600.16","NEWARK, DE",07/1 16:00,"ALBANY, NY",07/2 08:00,576,274,ORDER NOTE: PALLET JACK NEEDED FOR DRIVER UNLOAD,850,1.88,26,
2026-06-26T20:16:23.660492,WG,72107379,"$1,469.80","LA VERGNE, TN",07/1 16:00,"COLUMBUS, OH",07/2 08:00,348,402,"CORD11: TRUCK MUST HAVE FULL AMOUNT OF USABLE SPACE FOR THE TRUCK SIZE REQUESTED, 20FT OF USABLE SPACE, 12FT OF USABLE SPACE, 53FT OF USABLE SPACE.",750,1.96,28,
2026-06-26T20:22:03.976164,WG,72107889,"$5,137.96","CARY, NC",06/30 08:00,"ASBESTOS, QC",07/1 08:00,231,"1,254",NO NOTES,1485,3.46,73,
2026-06-26T20:28:51.102026,WG,72107913,"$1,084.76","NORTH CHARLESTON, SC",06/30 07:00,"WILMINGTON, NC",06/30 12:17,196,178,NO NOTES,374,2.90,54,
2026-06-26T20:30:40.774948,SE,72107923,,,,,,,,NO NOTES,,,1,
2026-06-26T21:02:41.861821,WG,72098034,"$1,147.56","GROVE CITY, OH",07/1 17:00,"WARRENDALE, PA",07/2 08:00,456,203,"PR2297: IF PALLET JACK REQUESTED NEED TO MAKE SURE IT'S ACCESSIBLE TO OFFLOAD TRK. DRIVERS MAY NEED TO OFFLOAD TRK TO DOCK AT DELIVERIES, ESPECIALLY NC AND FL.",659,1.74,22,
2026-06-26T21:02:44.355893,WG,72103624,"$1,886.32","MOUNT VERNON, IN",07/1 17:00,"SHREVEPORT, LA",07/2 07:56,519,632,PLEASE ARRIVE AT THE PICKUP IN RANGE*SET POINT 5C,1151,1.64,19,
2026-06-26T21:09:32.171892,WG,72104830,"$1,960.22","ROANOKE, TX",07/1 17:00,"LITTLETON, CO",07/2 10:28,992,751,MUST BE US CITIZEN TEMP CONTROLLED HAZMAT,1743,1.12,5,
2026-06-26T21:16:41.309933,SE,72103297,"$5,993.83","WHITE RIVER JUNCTION, VT",06/27 09:00,"SEATTLE, WA",06/30 10:00,"2,982","2,989",NO NOTES,5971,1.00,5,
2026-06-26T21:21:39.439736,WG,72107941,"$3,522.48","NASHVILLE, TN",06/29 11:00,"PHILADELPHIA, PA",06/30 07:00,"2,032",812,NO NOTES,2844,1.24,10,
2026-06-26T21:22:10.949236,WG,72107916,"$3,941.96","BOCA RATON, FL",06/30 11:00,"CHARLOTTESVILLE, VA",07/1 08:30,680,930,ORDER NOTE: PLEASE HAVE 4 EXTRA LONG STRAPS TO SECURE THE LOAD.,1610,2.45,44,
2026-06-26T21:31:41.074797,SE,72107943,$781.95,"BOSTON, MA",07/1 09:00,"BOSTON, MA",07/1 09:02,930,92,CSAFE RKN SHIPMENT TO PICK UP FREIGHT. WILL NEED TO FOLLOW SHIPPER ORIGIN INSTRUCTIONS AT ALL LOCATIONS. INSTRUCTIONS WILL BE EMAILED TO YOU,1022,0.77,1,
2026-06-26T21:37:45.518053,WG,72105750,"$2,211.85","GROVE CITY, OH",07/1 17:30,"CHARLOTTE, NC",07/2 08:00,456,434,"ORDER NOTE: PALLET JACK NEEDED FOR DRIVER UNLOAD, OR SHIPMENT MAY BE REFUSED",890,2.49,43,
2026-06-26T21:37:48.260871,WG,72098035,"$1,147.56","GROVE CITY, OH",07/1 17:30,"WARRENDALE, PA",07/2 08:00,456,203,"PR2297: IF PALLET JACK REQUESTED NEED TO MAKE SURE IT'S ACCESSIBLE TO OFFLOAD TRK. DRIVERS MAY NEED TO OFFLOAD TRK TO DOCK AT DELIVERIES, ESPECIALLY NC AND FL.",659,1.74,22,
2026-06-26T21:44:26.445685,SE,72107944,"$4,455.62","CALEXICO, CA",06/27 14:00,"MONROE, NC",06/29 16:33,121,"2,306",NO NOTES,2427,1.84,27,
2026-06-26T22:02:32.283578,WG,72101657,"$1,120.96","LA VERGNE, TN",07/1 18:00,"SAINT CHARLES, MO",07/2 08:00,348,348,UP TO 10 PALLETS,696,1.61,18,
2026-06-26T22:10:55.575213,SE,72106322,$719.16,"BROOKS, KY",07/1 18:00,"LOCKBOURNE, OH",07/2 07:00,421,222,IC7875: ENSURE THAT YOU HAVE THE ENTIRE BOL FILLED OUT AT THIS LOCATION.,643,1.12,4,
2026-06-26T22:15:04.117817,WG,72107948,"$2,603.05","DAYVILLE, CT",06/30 10:00,"COLUMBUS, OH",07/1 09:00,872,706,NO NOTES,1578,1.65,20,
2026-06-26T22:21:50.285212,WG,72061769,"$1,226.68","ROCHESTER, NY",06/30 08:00,"CARTERET, NJ",06/30 09:00,"2,661",329,NO NOTES,2990,0.41,1,
2026-06-26T22:23:46.934614,SE,72107949,$477.14,"SAVANNAH, GA",06/29 09:00,"SAVANNAH, GA",06/29 10:44,"2,391",11,NO NOTES,2402,0.20,1,
2026-06-26T22:30:28.634990,SE,72107959,"$5,234.33","CALEXICO, CA",06/27 13:00,"BLOOMSBURG, PA",06/30 08:00,121,"2,568",NO NOTES,2689,1.95,31,
2026-06-26T22:35:24.077879,WG,72107734,"$2,798.13","DES PLAINES, IL",06/28 12:00,"PHILADELPHIA, PA",06/29 08:00,"2,074",794,NO NOTES,2868,0.98,2,
2026-06-26T23:02:51.111837,WG,72103780,"$1,173.92","BROOKS, KY",07/1 19:00,"OLIVE BRANCH, MS",07/2 07:00,421,374,NO NOTES,795,1.48,14,
2026-06-26T23:02:54.254628,WG,72105260,$902.38,"LA VERGNE, TN",07/1 19:00,"LOUISVILLE, KY",07/2 08:00,348,196,"CORD11: TRUCK MUST HAVE FULL AMOUNT OF USABLE SPACE FOR THE TRUCK SIZE REQUESTED, 20FT OF USABLE SPACE, 12FT OF USABLE SPACE, 53FT OF USABLE SPACE.",544,1.66,19,
2026-06-26T23:16:35.803254,SE,72107950,"$2,746.51","VALENCIA, CA",06/27 17:54,"FORT WORTH, TX",06/29 01:52,157,"1,432",NO NOTES,1589,1.73,23,
2026-06-26T23:30:58.814193,SE,72107964,"$1,968.11","BROWNSBURG, IN",06/30 09:00,"PHILADELPHIA, PA",07/1 09:00,543,669,NO NOTES,1212,1.62,19,
2026-06-26T23:36:05.875006,WG,72107953,$782.62,"SAN DIEGO, CA",06/30 10:00,"SAN DIEGO, CA",06/30 12:00,"2,319",10,ORDER NOTE: DATA LOGGERS ARE ON A 1-HOUR TIMED DELAY. DRIVER MUST REMAIN ONSITE FOR 1 HOUR PRIOR TO DEPARTURE.,2329,0.34,1,
2026-06-26T23:52:07.298554,SE,72107954,$990.35,"VISALIA, CA",06/30 09:00,"IRVINE, CA",06/30 15:28,"2,442",234,NO NOTES,2676,0.37,1,
2026-06-27T00:02:37.458108,WG,72104398,"$1,237.58","LOCKBOURNE, OH",07/1 20:00,"LA VERGNE, TN",07/2 07:00,449,396,NO NOTES,845,1.46,14,
2026-06-27T00:02:40.897552,WG,72102266,"$1,973.12","TEMPE, AZ",07/1 20:00,"CERRITOS, CA",07/2 12:00,"2,016",374,NO NOTES,2390,0.83,2,
2026-06-27T00:09:38.892499,WG,72104409,"$1,929.67","LOCKBOURNE, OH",07/1 20:00,"OVERLAND PARK, KS",07/2 12:03,449,684,NO NOTES,1133,1.70,21,
2026-06-27T00:09:41.706086,WG,72106717,"$1,604.47","BROOKS, KY",07/1 20:00,"CORAOPOLIS, PA",07/2 13:35,421,403,IC7875: ENSURE THAT YOU HAVE THE ENTIRE BOL FILLED OUT AT THIS LOCATION.,824,1.95,28,
2026-06-27T00:49:59.583885,WG,72108000,"$3,129.78","VERONA, WI",06/30 10:00,"PEPPERELL, MA",07/1 11:59,867,"1,151",NO NOTES,2018,1.55,18,
2026-06-27T01:00:43.721044,WG,72108001,$906.46,"MOUNT VERNON, IN",06/30 08:00,"LA VERGNE, TN",06/30 13:26,519,185,PLEASE BE IN RANGE WHEN YOU ARRIVE AT PICKUP**SET POINT 20C,704,1.29,9,
2026-06-27T01:49:37.506972,WG,72107581,"$1,006.82","LA VERGNE, TN",06/29 13:00,"LA VERGNE, TN",06/29 13:00,"2,046",0,"CORD11: TRUCK MUST HAVE FULL AMOUNT OF USABLE SPACE FOR THE TRUCK SIZE REQUESTED, 20FT OF USABLE SPACE, 12FT OF USABLE SPACE, 53FT OF USABLE SPACE.",2046,0.49,1,
2026-06-27T02:01:27.239296,WG,72107584,"$1,006.82","LA VERGNE, TN",06/30 13:00,"LA VERGNE, TN",06/30 13:00,348,0,"CORD11: TRUCK MUST HAVE FULL AMOUNT OF USABLE SPACE FOR THE TRUCK SIZE REQUESTED, 20FT OF USABLE SPACE, 12FT OF USABLE SPACE, 53FT OF USABLE SPACE.",348,2.89,54,
2026-06-27T05:51:52.119375,SE,72108003,"$3,813.18","NOGALES, AZ",06/27 11:00,"WEST JEFFERSON, NC",06/29 07:54,468,"2,040",NO NOTES,2508,1.52,18,
2026-06-27T07:08:29.841435,WG,72107982,"$2,349.52","BLOOMINGTON, IN",06/30 13:00,"RENSSELAER, NY",07/1 08:30,508,837,NO NOTES,1345,1.75,23,
2026-06-27T07:15:03.156216,WG,72108006,"$6,024.24","NEWARK, DE",06/30 09:00,"JACKSON, WY",07/2 11:00,576,"2,115",NO NOTES,2691,2.24,40,
2026-06-27T08:44:12.319834,WG,72107983,"$2,307.89","WILMINGTON, NC",07/1 14:00,"BROOKS, KY",07/2 07:00,284,694,NO NOTES,978,2.36,40,
2026-06-27T09:31:07.342257,SE,72108008,$748.07,"DULLES, VA",06/28 08:00,"DURHAM, NC",06/28 23:26,"2,677",267,CAN USE STRAIGHT TRUCK,2944,0.25,1,
2026-06-27T09:37:55.909378,SE,72108010,"$1,380.20","DULLES, VA",06/28 08:00,"LAFAYETTE, IN",06/28 23:26,"2,677",628,FREIGHT CAN BE PICKED UP UNTIL 2200,3305,0.42,1,
2026-06-27T10:15:28.008421,WG,72107986,$913.98,"WEST SACRAMENTO, CA",06/30 12:00,"SOUTH SAN FRANCISCO, CA",06/30 15:26,"2,626",91,NO NOTES,2717,0.34,1,
2026-06-27T10:15:33.253460,WG,72107985,$913.98,"WEST SACRAMENTO, CA",06/30 12:00,"SOUTH SAN FRANCISCO, CA",06/30 15:26,"2,626",91,NO NOTES,2717,0.34,1,
2026-06-27T11:52:08.874977,SE,72107991,"$1,035.89","DANVILLE, IL",06/27 12:00,"KENTWOOD, MI",06/29 06:00,"2,060",273,NO NOTES,2333,0.44,1,
2026-06-27T12:07:53.593788,WG,72105962,"$7,179.46","SAN DIEGO, CA",06/29 17:00,"CLINTON, TN",07/1 18:00,"2,322","2,209",NO NOTES,4531,1.58,23,
2026-06-27T12:10:03.931618,WG,72107999,$864.50,"LOUISVILLE, KY",07/2 08:00,"BROOKS, KY",07/2 11:00,414,13,"I WILL ADVISE ONCE WE HAVE FDA RELEASE FOR CUSTOMS, SO PLEASE STANDBY UNTIL GREENLIGHT RECEIVED FROM US TO PROCEED WITH PICKUP.",427,2.02,29,
2026-06-27T12:37:49.907445,WG,72107022,"$1,203.61","FREDERICK, MD",07/2 08:30,"PITTSBURGH, PA",07/2 12:59,478,194,NO NOTES,672,1.79,23,
2026-06-27T12:50:01.660945,WG,72107993,"$4,739.88","MOUNT VERNON, IN",06/30 10:00,"SOUTH SAN FRANCISCO, CA",07/2 11:00,519,"2,216",BRCOAR: TRAILER MUST BE EMPTY OUTSIDE OF EQUIPMENT NEEDED TO SECURE. NO PLYWOOD IN TRAILER FLOORS ON REEFER LOADS.,2735,1.73,25,
2026-06-27T13:09:51.603452,WG,72104385,"$1,171.12","BEDFORD, MA",07/2 09:00,"NORTHBOROUGH, MA",07/2 11:08,927,30,NO NOTES,957,1.22,7,
2026-06-27T13:09:54.634904,WG,72105810,"$1,375.91","ALLENTOWN, PA",07/2 09:00,"RENSSELAER, NY",07/2 15:08,617,218,NO NOTES,835,1.65,19,
2026-06-27T13:09:57.782511,WG,72105800,"$1,440.85","PHILADELPHIA, PA",07/2 09:00,"RENSSELAER, NY",07/2 15:07,628,217,NO NOTES,845,1.71,21,
2026-06-27T14:51:55.502476,SE,72107972,"$1,570.67","ELMIRA, NY",06/29 08:00,"HARRODSBURG, KY",06/30 08:00,"2,710",673,NO NOTES,3383,0.46,1,
2026-06-27T15:02:48.474442,WG,72107125,$928.19,"LOCKBOURNE, OH",07/2 11:00,"LOCKBOURNE, OH",07/2 12:31,449,1,IC7875: ENSURE THAT YOU HAVE THE ENTIRE BOL FILLED OUT AT THIS LOCATION.,450,2.06,30,
2026-06-27T16:02:57.916935,WG,72106751,$734.59,"BROOKS, KY",07/2 12:00,"BROOKS, KY",07/2 13:30,421,1,IC7875: ENSURE THAT YOU HAVE THE ENTIRE BOL FILLED OUT AT THIS LOCATION.,422,1.74,21,
2026-06-27T16:09:41.789206,WG,72106808,$734.59,"BROOKS, KY",07/2 12:00,"BROOKS, KY",07/2 13:30,421,1,IC7875: ENSURE THAT YOU HAVE THE ENTIRE BOL FILLED OUT AT THIS LOCATION.,422,1.74,21,
2026-06-27T18:10:42.921828,SE,72106466,"$5,721.46","CHARLOTTESVILLE, VA",07/2 14:00,"FORT LEWIS, WA",07/6 12:00,349,"2,833",NO NOTES,3182,1.80,27,
2026-06-27T18:49:56.814823,WG,72108037,"$2,636.58","MISSISSAUGA, ON",06/30 09:00,"MOUNT PROSPECT, IL",07/1 08:00,809,528,NO NOTES,1337,1.97,29,
2026-06-27T19:23:20.240375,WG,72107501,"$1,003.48","RICHLAND, MS",07/2 15:15,"MEMPHIS, TN",07/2 21:15,556,207,NO NOTES,763,1.32,10,
2026-06-27T20:02:55.594630,WG,72107928,$960.40,"LOS ANGELES, CA",07/2 16:00,"SAN DIEGO, CA",07/2 19:55,"2,365",114,NO NOTES,2479,0.39,1,
2026-06-27T20:07:37.755822,WG,72108041,$989.41,"BROOKS, KY",06/29 19:00,"GROVE CITY, OH",06/30 08:30,"2,022",211,IC7875: ENSURE THAT YOU HAVE THE ENTIRE BOL FILLED OUT AT THIS LOCATION.,2233,0.44,1,
2026-06-27T20:09:28.178627,WG,72107691,"$1,745.76","LA VERGNE, TN",07/2 16:00,"DES PLAINES, IL",07/3 07:27,348,514,NO NOTES,862,2.03,30,
2026-06-27T22:02:42.340786,WG,72107595,"$1,377.50","SHEPHERDSVILLE, KY",07/2 18:00,"DOTHAN, AL",07/3 09:00,389,538,BAX5100: MUST HAVE TEAM DRIVERS FOR ALL RUNS NO MATTER WHAT THE MILEAGE IS.,927,1.49,15,
2026-06-27T23:02:36.023274,WG,72107912,"$10,045.73","PALO ALTO, CA",07/2 19:00,"ALEXANDRIA, VA",07/6 10:00,"2,621","2,852",NO NOTES,5473,1.84,32,
2026-06-28T13:28:34.955419,WG,72108021,"$2,230.65","MALVERN, PA",06/30 08:00,"FORT ATKINSON, WI",07/1 09:00,611,850,NO NOTES,1461,1.53,17,
2026-06-28T14:15:21.089556,WG,72108012,"$2,099.19","SANFORD, NC",06/30 14:00,"PORTAGE, MI",07/1 09:30,201,723,NO NOTES,924,2.27,37,
2026-06-28T15:08:11.540337,WG,72108022,"$4,818.36","MEMPHIS, TN",06/30 11:00,"NEW YORK, NY",07/1 12:09,545,"1,112",NO NOTES,1657,2.91,58,
2026-06-29T01:15:37.909019,WG,72108072,$901.02,"MOUNT VERNON, IN",07/1 09:00,"MOUNT VERNON, IN",07/1 09:00,519,0,STAGING LOAD-DESTINATION UNKNOWN-TEAMS ONLY,519,1.74,21,
2026-06-29T05:28:41.852916,WG,72107973,"$1,055.44","DRAPER, UT",06/30 10:00,"SALT LAKE CITY, UT",06/30 11:58,406,22,NO NOTES,428,2.47,42,
2026-06-29T10:51:16.904437,SE,72108046,"$5,141.09","WILMINGTON, NC",06/29 08:30,"SAN JOSE, CA",07/2 10:00,276,"2,854",NO NOTES,3130,1.64,23,
2026-06-29T11:42:27.203687,WG,72108050,$816.37,"BREINIGSVILLE, PA",06/29 09:00,"SOMERSET, NJ",06/29 10:01,"2,454",73,NO NOTES,2527,0.32,1,
2026-06-29T11:42:34.903974,WG,72108051,$833.19,"BREINIGSVILLE, PA",06/30 09:00,"SOMERSET, NJ",06/30 10:01,"2,454",73,NO NOTES,2527,0.33,1,
2026-06-29T12:15:16.437977,WG,72108015,"$3,378.92","HUNTSVILLE, AL",06/30 13:00,"SAN ANTONIO, TX",07/1 10:31,345,941,RADMT UN2913 NO HAZMAT REROUTE,1286,2.63,49,
2026-06-29T12:29:58.964238,WG,72108080,$834.33,"CRANBURY, NJ",07/1 10:00,"RARITAN, NJ",07/1 12:07,660,29,00046768: ALL TEMP CONTROL LOADS MUST BE TVAL,689,1.21,7,
2026-06-29T12:30:03.789894,WG,72108079,$834.33,"CRANBURY, NJ",07/1 10:00,"RARITAN, NJ",07/1 12:37,660,29,00046768: ALL TEMP CONTROL LOADS MUST BE TVAL,689,1.21,7,
2026-06-29T12:31:13.599199,SE,72108054,"$2,088.77","GLENWOOD, IL",06/30 14:00,"HARRISON, NJ",07/1 08:19,688,767,NO NOTES,1455,1.44,14,
2026-06-29T12:43:43.770088,WG,72108081,"$1,982.57","BLOOMINGTON, IN",07/1 13:00,"SWIFTWATER, PA",07/2 05:28,508,704,NO NOTES,1212,1.64,19,
2026-06-29T13:21:52.798733,WG,72108056,$843.92,"TRENTON, NJ",06/30 11:30,"HORSHAM, PA",06/30 13:43,650,34,NO NOTES,684,1.23,7,
2026-06-29T13:23:23.416237,SE,72108098,$630.36,"SALEM, OH",06/29 11:22,"WARRENDALE, PA",06/29 16:07,"2,129",53,4 PCS 3000# 2 ARE 48X36X68 AND 2 ARE 60X36X50,2182,0.29,1,
2026-06-29T13:49:39.048466,WG,72108139,$874.25,"NEW BRUNSWICK, NJ",06/30 09:00,"LEBANON, NJ",06/30 11:30,"2,514",25,ORDER NOTE: PLEASE MAKE SURE TEMP RANGE IS BETWEEN 15 TO 25C WITH SET POINT AT 20C.,2539,0.34,1,
2026-06-29T14:01:36.436797,WG,72108102,$782.62,"SAN DIEGO, CA",07/1 10:00,"SAN DIEGO, CA",07/1 12:00,"2,319",10,ORDER NOTE: DATA LOGGERS ARE ON A 1-HOUR TIMED DELAY. DRIVER MUST REMAIN ONSITE FOR 1 HOUR PRIOR TO DEPARTURE.,2329,0.34,1,
2026-06-29T14:02:22.012285,SE,72108103,"$2,205.03","CALVERT CITY, KY",06/29 13:00,"KENEDY, TX",06/30 10:46,"1,709",953,NO NOTES,2662,0.83,2,
2026-06-29T14:14:24.746576,WG,72108123,"$1,118.89","INDIANAPOLIS, IN",06/30 08:00,"NORTH CHICAGO, IL",06/30 14:21,531,228,NO NOTES,759,1.47,14,
2026-06-29T14:14:30.301368,WG,72108142,$922.28,"VANDALIA, OH",06/30 08:00,"SEYMOUR, IN",06/30 12:28,482,140,NO NOTES,622,1.48,14,
2026-06-29T14:29:39.266334,WG,72108146,"$1,855.10","MORRISVILLE, NC",07/1 09:00,"BLOOMINGTON, IN",07/2 08:00,226,643,NO NOTES,869,2.13,33,
2026-06-29T14:37:09.091807,SE,72108140,"$3,853.25","MENOMINEE, MI",06/29 15:00,"EAGLE PASS, TX",07/1 09:00,978,"1,596",NO NOTES,2574,1.50,17,
2026-06-29T14:58:26.294238,SE,72108130,"$1,600.97","EVANSVILLE, IN",06/29 13:00,"OSHKOSH, WI",06/30 00:15,"1,761",459,NO NOTES,2220,0.72,1,
2026-06-29T15:00:29.930461,WG,72108129,"$1,712.40","MACUNGIE, PA",06/30 08:00,"LOCKBOURNE, OH",07/1 08:00,619,448,NO NOTES,1067,1.60,18,
2026-06-29T15:02:19.512269,SE,72108106,$630.36,"SALEM, OH",06/29 12:00,"WARRENDALE, PA",06/29 15:00,"2,129",53,NO NOTES,2182,0.29,1,
2026-06-29T15:07:49.624228,WG,72108131,"$1,712.40","MACUNGIE, PA",06/30 10:00,"LOCKBOURNE, OH",07/1 18:00,619,448,NO NOTES,1067,1.60,18,
2026-06-29T15:10:28.084892,SE,72108149,"$3,705.51","ANDOVER, MA",07/1 15:00,"NEW IBERIA, LA",07/3 04:00,936,"1,664",NO NOTES,2600,1.43,15,
2026-06-29T15:14:25.443231,WG,72108132,"$2,567.13","SAN ANTONIO, TX",06/30 08:00,"DULUTH, GA",07/1 07:13,"1,166","1,021","L1163385: TRAILERS MUST BE CLEAN, EMPTY, DRY, FREE OF STRUCTURAL DAMAGE AND NO ODORS FROM PRIOR FREIGHT. MUST HAVE TWO LOAD LOCKS IN EACH TRAILER AND FUEL TANKS 3/4 FULL PRIOR TO PICKUP ARRIVAL.",2187,1.17,7,
2026-06-29T15:15:18.576814,WG,72108107,"$1,100.03","KANKAKEE, IL",07/1 08:30,"SAINT LOUIS, MO",07/1 15:22,681,253,NO NOTES,934,1.18,6,
2026-06-29T15:16:14.470793,SE,72108108,"$1,482.98","CONCORD, OH",06/29 13:00,"BEDFORD, MA",06/30 07:00,"2,106",612,NO NOTES,2718,0.55,1,
2026-06-29T15:16:23.738167,SE,72108151,$849.53,"MECHANICSBURG, PA",06/29 16:00,"MILLBURN, NJ",06/30 09:00,"2,370",163,NO NOTES,2533,0.34,1,
2026-06-29T15:37:08.107822,WG,72103470,"$6,793.29","CARBONDALE, CO",07/2 15:00,"BROOKLYN, NY",07/6 09:00,"1,671","1,958",NO NOTES,3629,1.87,30,
2026-06-29T15:50:17.112093,WG,72108156,"$3,384.36","CRANBURY, NJ",07/1 12:00,"MOUNT PROSPECT, IL",07/2 09:00,660,828,NO NOTES,1488,2.27,39,
2026-06-29T15:50:25.003921,WG,72108115,"$2,752.56","RENSSELAER, NY",07/1 13:00,"SAINT LOUIS, MO",07/2 12:24,834,"1,030",NO NOTES,1864,1.48,16,
2026-06-29T15:51:11.191254,SE,72108159,"$2,702.92","TWO RIVERS, WI",06/29 17:00,"ATHENS, GA",06/30 15:00,894,955,NO NOTES,1849,1.46,15,
2026-06-29T15:51:24.499116,SE,72108177,$705.56,"AMESBURY, MA",06/30 12:00,"WINDSOR, CT",06/30 16:18,957,132,NO NOTES,1089,0.65,1,
2026-06-29T15:57:01.959131,WG,72108198,$943.95,"BROOKS, KY",06/30 17:00,"CHESTERFIELD, MO",07/1 00:54,421,301,IC7875: ENSURE THAT YOU HAVE THE ENTIRE BOL FILLED OUT AT THIS LOCATION.,722,1.31,9,
2026-06-29T15:59:14.037966,SE,72108179,$449.49,"DALLAS, TX",07/1 10:00,"FORT WORTH, TX",07/1 12:09,978,31,NO NOTES,1009,0.45,1,
2026-06-29T16:28:34.252893,WG,72108184,$834.33,"CRANBURY, NJ",06/30 10:00,"RARITAN, NJ",06/30 12:07,660,29,00046768: ALL TEMP CONTROL LOADS MUST BE TVAL,689,1.21,7,
2026-06-29T16:42:25.627884,WG,72108162,"$1,878.97","MORRISVILLE, PA",06/29 14:00,"CINCINNATI, OH",06/30 03:52,"2,501",582,NO NOTES,3083,0.61,2,
2026-06-29T17:01:11.286250,WG,72108200,"$4,353.07","HORSHAM, PA",07/1 08:00,"LONGMONT, CO",07/3 09:00,632,"1,751",NO NOTES,2383,1.83,27,
2026-06-29T17:07:51.064894,WG,72108187,"$1,806.99","SILVER SPRING, MD",06/30 13:00,"DANBURY, CT",06/30 20:33,485,285,NO NOTES,770,2.35,39,
2026-06-29T17:15:47.762310,WG,72104684,"$2,351.43","HOUSTON, TX",07/2 10:00,"BOULDER, CO",07/3 12:24,967,"1,078",NO NOTES,2045,1.15,6,
2026-06-29T17:22:51.839834,WG,72108188,"$1,273.69","MEMPHIS, TN",07/2 09:30,"GROVEPORT, OH",07/2 23:30,544,588,"L1228142: TRACTOR SHIPMENTS MUST BE ABLE TO ACCOMODATE 26 PALLETS, NEED TO HAVE 53' OF SPACE, NO PALLET JACKS",1132,1.13,5,
2026-06-29T17:35:32.090818,WG,72108224,"$1,268.06","PEABODY, MA",06/29 14:28,"YORKTOWN HEIGHTS, NY",06/29 20:14,"2,741",201,NO NOTES,2942,0.43,1,
2026-06-29T17:57:12.174995,WG,72108192,"$1,735.34","PHILADELPHIA, PA",07/1 12:00,"BROOKS, KY",07/2 07:00,628,698,NO NOTES,1326,1.31,10,
2026-06-29T17:58:07.355130,SE,72108226,$817.77,"PITTSBURGH, PA",06/30 07:00,"CRESTLINE, OH",06/30 12:26,526,185,NO NOTES,711,1.15,5,
2026-06-29T18:09:10.279229,SE,72108178,,,,,,,,NO NOTES,,,1,
2026-06-29T18:16:06.359875,SE,72108229,$701.19,"MOORESTOWN, NJ",06/30 08:00,"BRIDGEPORT, NJ",06/30 10:03,"2,493",26,NO NOTES,2519,0.28,1,
2026-06-29T18:28:46.775125,WG,72108196,"$1,208.12","ERIE, PA",06/30 14:30,"INDIANAPOLIS, IN",07/1 08:00,637,407,NO NOTES,1044,1.16,5,
2026-06-29T18:29:14.019747,WG,72108212,"$4,591.93","TAMPA, FL",07/1 13:00,"SOUDERTON, PA",07/2 13:15,577,"1,070",NO NOTES,1647,2.79,54,
2026-06-29T19:08:23.071322,WG,72108236,"$2,824.99","LOUISVILLE, KY",07/1 15:30,"FORT WORTH, TX",07/2 11:25,417,866,NO NOTES,1283,2.20,36,
2026-06-29T19:30:01.628451,SE,72108242,$712.69,"LIBERTYVILLE, IL",06/30 10:00,"INDIANAPOLIS, IN",06/30 16:30,"1,764",235,NO NOTES,1999,0.36,1,
2026-06-29T19:44:39.543565,SE,72108186,$779.26,"BOSTON, MA",07/1 09:00,"BOSTON, MA",07/1 13:38,"2,728",77,NO NOTES,2805,0.28,1,
2026-06-29T20:43:04.761953,WG,72108288,"$1,950.40","SPRINGBORO, OH",07/1 15:00,"LENOIR, NC",07/2 08:00,"1,964",442,NO NOTES,2406,0.81,2,
2026-06-29T20:56:36.983031,WG,72108255,$853.62,"WEST GREENWICH, RI",07/1 08:00,"CAMBRIDGE, MA",07/1 11:04,"2,675",74,"***EQUIPMENT MUST BE 48' OR SMALLER. DRIVER UNLOAD REQUIRED - PALLET JACK ON SITE*** DEDICATED TEMP CONTROL, SET TEMP 5C AND RANGE 2-8C. NO WOOD FLOORS. IF SEALED LOAD, SHIPPER TO AFFIX SEAL. SEAL TO BE BROKEN BY RECEIVER- DRIVER NEVER TO BREAK SEAL. TRAILER MUST BE AT SET TEMP PRIOR ARRIVING AT SHIPPER. MINIMUM 2 STRAPS/ LOAD BARS REQUIRED TO SECURE FREIGHT. PADLOCK REQUIRED AT ALL TIMES.",2749,0.31,1,
2026-06-29T21:35:25.229549,WG,72107292,"$1,605.69","MEMPHIS, TN",06/29 21:31,"HOUSTON, TX",06/30 11:33,"1,597",589,"L1228142: TRACTOR SHIPMENTS MUST BE ABLE TO ACCOMODATE 26 PALLETS, NEED TO HAVE 53' OF SPACE, NO PALLET JACKS",2186,0.73,1,
2026-06-29T21:49:35.669010,WG,72108283,"$1,140.73","MEMPHIS, TN",06/30 20:00,"CHESTERFIELD, MO",07/1 08:00,"1,597",344,"L1228142: TRACTOR SHIPMENTS MUST BE ABLE TO ACCOMODATE 26 PALLETS, NEED TO HAVE 53' OF SPACE, NO PALLET JACKS",1941,0.59,1,
2026-06-29T22:01:02.154487,WG,72108338,$604.33,"COLUMBUS, OH",07/1 13:00,"GROVEPORT, OH",07/1 15:30,"2,002",16,"BICOCT: TRAILERS MUST BE CLEAN, EMPTY, DRY, FREE OF STRUCTURAL DAMAGE AND NO ODORS FROM PRIOR FREIGHT. MUST HAVE TWO LOAD LOCKS IN EACH TRAILER AND FUEL TANKS 3/4 FULL PRIOR TO PICKUP ARRIVAL. ANY SHIPMENTS WITH VA-Q-TEC CONTAINERS, PLEASE MAKE SURE CONTAINERS ARE OFFLOADED AND COMPLETELY EMPTIED AT DELIVERY BEFORE BEING RELOADED ONTO TRUCK FOR RETURN TO VA-Q-TEC.",2018,0.30,1,
2026-06-30T00:22:16.461151,SE,72108335,"$1,283.88","NORTH CLARENDON, VT",06/30 08:00,"BEACHWOOD, OH",07/1 08:00,"2,610",530,NO NOTES,3140,0.41,1,
2026-06-30T00:50:20.090679,SE,72101439,$666.03,"UNION CITY, CA",06/30 21:30,"SANTA CLARA, CA",07/1 13:36,409,25,PCS & WGT MAY VARY/ MUST BE ABLE TO HAUL 42000 LBS/ SOME STOPS MAY BE REMOVED,434,1.53,15,
2026-06-30T03:29:04.131582,WG,72108268,"$2,141.48","LOUISVILLE, KY",07/1 17:30,"CARY, NC",07/2 09:00,"2,088",557,NO NOTES,2645,0.81,2,
2026-06-30T06:50:35.235178,SE,72108347,$654.00,"DULLES, VA",07/1 08:00,"DURHAM, NC",07/1 15:40,"2,648",267,IF IN A STRAIGHT TRUCK WILL NEED TO LOAD FREIGHT.,2915,0.22,1,
2026-06-30T06:50:37.647775,SE,72108346,"$1,298.40","DULLES, VA",07/1 08:00,"LAFAYETTE, IN",07/1 22:30,"2,648",635,IF IN A STRAIGHT TRUCK DRIVER WILL NEED TO LOAD.,3283,0.40,1,
2026-06-30T07:01:19.993502,WG,72108351,"$1,293.37","MEMPHIS, TN",07/2 10:00,"GROVEPORT, OH",07/2 23:30,"1,805",588,"L1228142: TRACTOR SHIPMENTS MUST BE ABLE TO ACCOMODATE 26 PALLETS, NEED TO HAVE 53' OF SPACE, NO PALLET JACKS",2393,0.54,1,
2026-06-30T11:08:04.085075,WG,72108397,$672.81,"COLUMBUS, OH",07/2 09:00,"LOCKBOURNE, OH",07/2 11:00,"2,234",19,"BICOCT: TRAILERS MUST BE CLEAN, EMPTY, DRY, FREE OF STRUCTURAL DAMAGE AND NO ODORS FROM PRIOR FREIGHT. MUST HAVE TWO LOAD LOCKS IN EACH TRAILER AND FUEL TANKS 3/4 FULL PRIOR TO PICKUP ARRIVAL. ANY SHIPMENTS WITH VA-Q-TEC CONTAINERS, PLEASE MAKE SURE CONTAINERS ARE OFFLOADED AND COMPLETELY EMPTIED AT DELIVERY BEFORE BEING RELOADED ONTO TRUCK FOR RETURN TO VA-Q-TEC.",2253,0.30,1,
2026-06-30T11:42:33.360642,WG,72108380,"$3,234.80","WHIPPANY, NJ",07/1 12:00,"BLOOMINGTON, IN",07/2 08:00,"2,758",747,NO NOTES,3505,0.92,3,
2026-06-30T12:01:13.595569,WG,72108383,"$1,293.37","MEMPHIS, TN",07/2 11:00,"GROVEPORT, OH",07/3 01:00,"1,805",588,"L1228142: TRACTOR SHIPMENTS MUST BE ABLE TO ACCOMODATE 26 PALLETS, NEED TO HAVE 53' OF SPACE, NO PALLET JACKS",2393,0.54,1,
2026-06-30T12:22:21.042879,SE,72108400,$748.63,"MOORESTOWN, NJ",06/30 10:00,"BRIDGEPORT, NJ",06/30 12:03,"2,705",26,NO NOTES,2731,0.27,1,
2026-06-30T12:42:30.201816,WG,72108403,$863.81,"BREINIGSVILLE, PA",06/30 09:00,"SOMERSET, NJ",06/30 10:01,"2,695",73,NO NOTES,2768,0.31,1,
2026-06-30T13:35:52.785224,WG,72108391,"$1,268.13","MALVERN, PA",07/1 14:00,"SOLON, OH",07/2 07:00,"2,689",383,NO NOTES,3072,0.41,1,
2026-06-30T14:08:08.437940,SE,72108147,"$1,543.37","PAOLA, KS",06/30 16:00,"BATTLE CREEK, MI",07/1 08:19,"1,630",697,NO NOTES,2327,0.66,1,
2026-06-30T14:15:26.971446,SE,72108375,"$1,572.32","DALLAS, TX",06/30 15:00,"LAFAYETTE, IN",07/1 12:31,"1,423",941,NO NOTES,2364,0.67,1,
2026-06-30T14:29:22.179468,SE,72108345,"$3,571.05","QUINCY, IL",06/30 15:15,"LOS ANGELES, CA",07/2 12:00,"1,837","1,845",NO NOTES,3682,0.97,3,
2026-06-30T14:43:06.756118,SE,72108384,"$2,252.41","TITUSVILLE, FL",06/30 12:00,"MONTVILLE, NJ",07/1 12:22,"2,536","1,075",NO NOTES,3611,0.62,2,
2026-06-30T15:14:33.835499,WG,72108420,"$1,232.09","NEW BRUNSWICK, NJ",07/1 11:30,"DEVENS, MA",07/1 18:07,"2,756",241,NO NOTES,2997,0.41,1,
2026-06-30T15:21:38.101225,WG,72108416,"$4,394.77","ALLENTOWN, PA",07/1 10:00,"OLIVE BRANCH, MS",07/2 09:00,"1,903","1,009",NO NOTES,2912,1.51,18,
2026-06-30T15:28:23.878947,WG,72108424,"$1,309.78","WARTBURG, TN",06/30 12:20,"COLLEGE PARK, GA",06/30 18:30,"2,142",219,HAS TO BE ATEAM ON THE LOAD,2361,0.55,1,
2026-06-30T15:42:56.199718,WG,72108427,"$1,005.65","ALLENTOWN, PA",07/2 09:00,"NEW BRUNSWICK, NJ",07/2 12:36,"1,903",71,BRCOAR: TRAILER MUST BE EMPTY OUTSIDE OF EQUIPMENT NEEDED TO SECURE. NO PLYWOOD IN TRAILER FLOORS ON REEFER LOADS.,1974,0.51,1,
2026-06-30T15:49:35.880880,WG,72108457,"$2,197.74","DENTON, TX",07/1 09:00,"KETTERING, OH",07/2 08:00,613,998,"DRIVER REQUIREMENT: IT IS PREFERRED THAT THE DRIVER BE A US CITIZEN WITH ALL PROPER ID IN HAND. IF DRIVER IS NOT A US CITIZEN THEY MUST HAVE A VALID DRIVER'S LICENSE, GREEN CARD, PASSPORT AND ALL PROPER ID IN HAND. FAILURE TO PROVIDE ALL PROPER ID WILL RESULT IN DRIVER BEING TURNED AWAY AT THE GATE.",1611,1.36,12,
2026-06-30T15:50:30.378519,SE,72108428,,,,,,,,NO NOTES,,,1,
2026-06-30T15:50:50.641091,SE,72108443,"$1,703.47","IOWA CITY, IA",07/1 09:00,"ADDISON, TX",07/3 00:00,"1,095",787,NO NOTES,1882,0.91,1,
2026-06-30T15:50:54.436022,SE,72108462,"$2,726.87","IOWA CITY, IA",07/1 17:00,"NEWARK, DE",07/2 14:41,"1,095",949,NO NOTES,2044,1.33,12,
2026-06-30T15:50:58.521021,SE,72108429,$597.24,"INDIANAPOLIS, IN",07/2 09:00,"INDIANAPOLIS, IN",07/2 13:00,"1,273",106,CSAFE RKN SHIPMENT TO PICK UP FREIGHT. WILL NEED TO FOLLOW SHIPPER ORIGIN INSTRUCTIONS AT ALL LOCATIONS. INSTRUCTIONS WILL BE EMAILED TO YOU,1379,0.43,1,
2026-06-30T16:15:19.299877,SE,72108435,"$2,877.84","SAINT PAUL, MN",06/30 15:00,"ENFIELD, CT",07/2 08:00,"1,930","1,304",NO NOTES,3234,0.89,2,
2026-06-30T16:50:34.638578,SE,72108493,"$1,703.47","IOWA CITY, IA",07/2 15:00,"ADDISON, TX",07/3 09:14,"1,095",787,NO NOTES,1882,0.91,1,
2026-06-30T17:15:23.171861,SE,72108355,"$1,651.10","CLINTON, TN",07/1 08:00,"CHARLOTTE, NC",07/1 15:01,"1,389",260,NO NOTES,1649,1.00,1,
2026-06-30T17:28:36.657898,WG,72108474,"$1,355.04","ROCHESTER, NY",07/1 08:00,"CARTERET, NJ",07/1 14:30,"1,848",329,NO NOTES,2177,0.62,1,
2026-06-30T18:00:59.716504,WG,72108520,"$3,370.15","KANSAS CITY, MO",07/1 14:00,"WESCOSVILLE, PA",07/2 15:05,783,"1,109",NO NOTES,1892,1.78,25,
2026-06-30T18:01:09.444586,WG,72108306,"$2,655.29","LA VERGNE, TN",07/5 14:00,"WEATHERFORD, TX",07/6 09:00,"1,234",750,NO NOTES,1984,1.34,12,
2026-06-30T18:50:01.449408,WG,72108583,"$1,119.49","CAPITOL HEIGHTS, MD",07/2 03:00,"SNOWSHOE, WV",07/2 09:32,"1,887",237,NO NOTES,2124,0.53,1,
2026-06-30T19:01:01.657753,WG,72108307,"$2,958.80","LA VERGNE, TN",07/5 15:00,"AUSTIN, TX",07/6 11:04,"1,234",873,NO NOTES,2107,1.40,14,
2026-06-30T19:01:13.587098,SE,72108604,"$3,169.02","PEEBLES, OH",06/30 18:30,"OGDEN, UT",07/2 08:30,"2,241","1,716",NO NOTES,3957,0.80,3,
2026-06-30T19:36:32.206301,SE,72107077,"$1,147.56","COLUMBUS, OH",07/5 15:30,"LOUISVILLE, KY",07/5 21:22,"1,456",206,NO NOTES,1662,0.69,1,
2026-06-30T20:21:53.067057,WG,72108527,"$2,603.95","NASHVILLE, TN",07/5 07:00,"MOUNT PROSPECT, IL",07/6 09:00,"1,220",503,NO NOTES,1723,1.51,17,
2026-06-30T21:00:57.875494,WG,72107306,"$2,051.08","SHEPHERDSVILLE, KY",07/5 17:00,"WARRENDALE, PA",07/6 08:00,"1,315",417,BAX5100: ALL TAKEDA LOADS THAT ARE TEMP SHOULD BE TVAL,1732,1.18,7,
2026-06-30T21:07:49.214258,WG,72108529,"$1,054.63","GARNER, NC",07/2 09:00,"WILMINGTON, NC",07/2 13:04,"1,760",121,NO NOTES,1881,0.56,1,
2026-06-30T22:07:47.979779,WG,72108530,"$2,185.12","MECHANICSBURG, PA",07/2 11:00,"LOCKBOURNE, OH",07/2 20:10,"1,819",361,NO NOTES,2180,1.00,2,
2026-06-30T22:35:24.061349,WG,72108697,"$1,079.97","HICKSVILLE, NY",07/1 08:00,"JAMAICA, NY",07/1 10:00,"2,034",22,NO NOTES,2056,0.53,1,
2026-06-30T22:50:15.804227,SE,72108596,"$3,310.65","RICHLAND HILLS, TX",07/2 11:00,"BROOKLYN, NY",07/7 09:00,623,"1,595",NO NOTES,2218,1.49,17,
2026-06-30T22:50:19.135648,SE,72108594,"$3,310.65","RICHLAND HILLS, TX",07/2 11:00,"BROOKLYN, NY",07/7 09:00,623,"1,595",NO NOTES,2218,1.49,17,
2026-06-30T22:50:21.755885,SE,72108595,"$3,310.65","RICHLAND HILLS, TX",07/2 11:00,"BROOKLYN, NY",07/7 09:00,623,"1,595",NO NOTES,2218,1.49,17,
2026-06-30T22:50:24.428165,SE,72108293,"$3,310.65","RICHLAND HILLS, TX",07/2 11:00,"BROOKLYN, NY",07/7 09:00,623,"1,595",NO NOTES,2218,1.49,17,
2026-06-30T23:01:25.011716,SE,72066366,"$3,191.79","SAINT PAUL, MN",07/5 19:00,"BUFFALO, NY",07/6 16:22,"1,227",934,NO NOTES,2161,1.48,16,
2026-07-01T00:01:18.080489,SE,72086948,"$2,068.36","PAPILLION, NE",07/5 20:00,"INDIANAPOLIS, IN",07/6 10:38,865,618,DRIVER MAY NEED TO ASSIST WITH LOADING/UNLOADING,1483,1.39,13,
2026-07-01T02:36:02.642778,SE,72084512,"$3,577.75","EL PASO, TX",07/5 22:30,"WEST SACRAMENTO, CA",07/5 23:31,268,"1,183",BASEBALL EQ/ PCS & WGT VARY/ MAY HAVE TO ASSIST WITH LOADING/UNLOADING,1451,2.47,44,
2026-07-01T03:01:02.065473,SE,72055139,"$2,188.34","NASHVILLE, TN",07/5 23:00,"JACKSONVILLE, FL",07/6 13:13,"1,217",598,BASEBALL EQUIPMENT// 20FT TRUCK REQ,1815,1.21,8,
2026-07-01T03:07:53.347715,SE,72078121,"$3,609.87","TACOMA, WA",07/5 23:00,"LAS VEGAS, NV",07/7 00:54,"1,473","1,147",BASEBALL EQ PCS & WEIGHT WILL VARY/ MAY HAVE TO HELP WITH LOADING/UNLOADING EQUIPMENT,2620,1.38,14,
2026-07-01T04:35:53.357928,SE,72070451,$798.98,"ROUND ROCK, TX",07/6 00:30,"SUGAR LAND, TX",07/6 06:03,696,167,BASEBALL EQ PCS & WGT VARIES DRIVER MAY HAVE TO HELP WITH LOADING/UNLOADING,863,0.93,1,
2026-07-01T04:35:56.050382,SE,72072797,"$2,414.13","EL PASO, TX",07/6 00:30,"OKLAHOMA CITY, OK",07/6 06:00,268,674,BASEBALL EQ PCS & WGT MAY VARIE . MAY NEED TO ASSIST IN LOADING/UNLOADING,942,2.56,46,
2026-07-01T04:35:58.991891,SE,72082051,"$1,728.16","SOUTH JORDAN, UT",07/6 00:30,"LAS VEGAS, NV",07/6 10:57,613,421,L1131164: DRIVER MAY BE REQUESTED TO HELP WITH LOADING/UNLOADING.,1034,1.67,20,
2026-07-01T11:08:01.845955,SE,72108101,"$6,376.91","WALKERSVILLE, MD",07/6 07:00,"SOUTH SAN FRANCISCO, CA",07/8 19:32,"1,819","2,775",NO NOTES,4594,1.39,17,
2026-07-01T11:14:31.414704,WG,72108534,$843.05,"BROOKS, KY",07/2 07:00,"WEST CHESTER, OH",07/2 11:19,"1,310",133,NO NOTES,1443,0.58,1,
2026-07-01T11:35:44.387907,WG,72061110,"$1,185.93","LOUISVILLE, KY",07/6 07:30,"LA VERGNE, TN",07/6 14:23,"1,306",183,NO NOTES,1489,0.80,1,
2026-07-01T11:36:16.923666,SE,72104705,$950.78,"BALTIMORE, MD",07/6 07:30,"LEWES, DE",07/6 11:21,"1,862",111,NO NOTES,1973,0.48,1,
2026-07-01T12:00:36.162764,WG,72105159,"$1,192.47","GROVE CITY, OH",07/6 08:00,"WHITESTOWN, IN",07/6 14:00,"1,461",198,"PR2297: IF PALLET JACK REQUESTED NEED TO MAKE SURE IT'S ACCESSIBLE TO OFFLOAD TRK. DRIVERS MAY NEED TO OFFLOAD TRK TO DOCK AT DELIVERIES, ESPECIALLY NC AND FL.",1659,0.72,1,
2026-07-01T12:00:39.279995,WG,72108421,"$4,564.30","WHIPPANY, NJ",07/6 08:00,"CLEARWATER, FL",07/7 10:00,"1,977","1,152",NO NOTES,3129,1.46,17,
2026-07-01T12:00:42.635933,WG,72108426,"$4,167.18","CLEARWATER, FL",07/6 08:00,"LITTLETON, CO",07/8 01:52,"1,714","1,898",NO NOTES,3612,1.15,8,
2026-07-01T12:00:50.481946,SE,72108765,"$4,211.84","COATESVILLE, PA",07/1 12:30,"POMONA, MO",07/2 12:19,"1,888","1,049",NO NOTES,2937,1.43,16,
2026-07-01T12:07:40.129914,WG,72108557,"$3,605.75","KINGSPORT, TN",07/6 08:00,"HOUSTON, TX",07/7 12:40,"1,496","1,014",DRIVER PLEASE CALL IN WE NEED TO SEND DLV DOC MUST BE IN HAND TO MAKE DELIVERY,2510,1.44,15,
2026-07-01T12:07:48.617396,WG,72108366,"$2,072.11","PENNSVILLE, NJ",07/6 08:00,"SAINT ALBANS, VT",07/7 08:00,"1,920",433,NO NOTES,2353,0.88,2,
2026-07-01T12:14:30.584212,WG,72108704,"$1,053.55","ROBBINSVILLE, NJ",07/2 10:00,"SOUDERTON, PA",07/3 11:30,"1,957",49,NO NOTES,2006,0.53,1,
2026-07-01T12:35:51.693944,WG,72108369,$944.96,"MOUNT VERNON, IN",07/6 08:30,"BROOKS, KY",07/7 14:30,"1,192",153,**PLEASE BE SURE YOU ARE IN RANGE WHEN YOU ARRIVE* SET POINT 20C**,1345,0.70,1,
2026-07-01T12:42:23.308139,WG,72108767,"$1,569.20","NEW BRUNSWICK, NJ",07/1 10:00,"CALEDONIA, MI",07/2 08:00,"1,974",733,BRCOAR: TRAILER MUST BE EMPTY OUTSIDE OF EQUIPMENT NEEDED TO SECURE. NO PLYWOOD IN TRAILER FLOORS ON REEFER LOADS.,2707,0.58,1,
2026-07-01T13:00:56.167732,WG,72105801,"$1,602.70","PHILADELPHIA, PA",07/6 09:00,"RENSSELAER, NY",07/6 15:07,"1,937",217,NO NOTES,2154,0.74,1,
2026-07-01T13:00:59.813935,WG,72108289,"$2,644.46","MISSISSAUGA, ON",07/6 09:00,"MOUNT PROSPECT, IL",07/7 08:00,"1,775",528,NO NOTES,2303,1.15,6,
2026-07-01T13:01:02.801309,WG,72107914,"$3,505.07","LIBERTYVILLE, IL",07/6 09:00,"NORTH CHARLESTON, SC",07/7 09:00,"1,355",950,NO NOTES,2305,1.52,18,
2026-07-01T13:01:06.501052,WG,72108687,"$1,075.01","LOCKBOURNE, OH",07/6 09:00,"BROOKS, KY",07/6 15:12,"1,470",221,IC7875: ENSURE THAT YOU HAVE THE ENTIRE BOL FILLED OUT AT THIS LOCATION.,1691,0.64,1,
2026-07-01T13:01:09.753473,WG,72102682,"$2,656.41","LA VERGNE, TN",07/6 09:00,"FAIRFIELD, NJ",07/7 05:03,"1,234",872,"CORD11: TRUCK MUST HAVE FULL AMOUNT OF USABLE SPACE FOR THE TRUCK SIZE REQUESTED, 20FT OF USABLE SPACE, 12FT OF USABLE SPACE, 53FT OF USABLE SPACE.",2106,1.26,10,
2026-07-01T13:01:13.667327,WG,72105811,"$1,519.14","ALLENTOWN, PA",07/6 09:00,"RENSSELAER, NY",07/6 15:08,"1,903",218,NO NOTES,2121,0.72,1,
2026-07-01T13:07:50.931604,WG,72108376,"$2,074.07","LOCKBOURNE, OH",07/6 09:00,"CAMBRIDGE, ON",07/6 19:19,"1,470",391,NO NOTES,1861,1.11,5,
2026-07-01T13:08:00.997108,WG,72102550,"$1,331.90","CAMBRIDGE, MA",07/6 09:00,"WALLOPS ISLAND, VA",07/7 08:00,"2,216",478,NO NOTES,2694,0.49,1,
2026-07-01T13:08:04.894545,WG,72105858,"$3,209.35","KINGSPORT, TN",07/6 09:00,"CATOOSA, OK",07/7 09:00,"1,496",887,NO NOTES,2383,1.35,12,
2026-07-01T13:08:42.111819,SE,72106676,$597.29,"KANSAS CITY, MO",07/6 09:00,"KANSAS CITY, MO",07/6 13:42,790,65,RKN# TBD,855,0.70,1,
2026-07-01T13:14:54.161669,WG,72108612,"$3,017.88","HILL AFB, UT",07/6 09:00,"COSTA MESA, CA",07/7 11:00,652,716,NO NOTES,1368,2.21,36,
2026-07-01T13:36:29.252371,WG,72060307,"$2,150.44","LOUISVILLE, KY",07/6 09:30,"OLIVE BRANCH, MS",07/7 07:00,"1,306",382,"TVAL 36-46 C SP 40 C, DRIVER SECURE, NON HAZ PHARMACEUTICALS",1688,1.27,9,
2026-07-01T13:43:04.907395,WG,72108793,"$1,551.42","SAINT LOUIS, MO",07/6 09:30,"CARTERSVILLE, GA",07/6 21:58,"1,034",516,NO NOTES,1550,1.00,1,
2026-07-01T13:57:26.161274,SE,72108658,"$5,343.60","LINDEN, NJ",07/3 08:00,"POST FALLS, ID",07/6 11:00,"1,987","2,556",NO NOTES,4543,1.18,10,
2026-07-01T14:01:11.331841,WG,72108525,"$2,303.08","NEW BRUNSWICK, NJ",07/6 10:00,"MOUNT VERNON, IN",07/7 09:00,"1,974",852,BRCOAR: TRAILER MUST BE EMPTY OUTSIDE OF EQUIPMENT NEEDED TO SECURE. NO PLYWOOD IN TRAILER FLOORS ON REEFER LOADS.,2826,0.81,2,
2026-07-01T14:01:14.783191,WG,72108528,"$2,303.08","NEW BRUNSWICK, NJ",07/6 10:00,"MOUNT VERNON, IN",07/7 09:00,"1,974",852,BRCOAR: TRAILER MUST BE EMPTY OUTSIDE OF EQUIPMENT NEEDED TO SECURE. NO PLYWOOD IN TRAILER FLOORS ON REEFER LOADS.,2826,0.81,2,
2026-07-01T14:01:18.709782,WG,72108402,"$3,346.27","ROCKVILLE, MD",07/6 10:00,"ROCKFORD, IL",07/7 08:00,"1,838",765,NO NOTES,2603,1.29,11,
2026-07-01T14:01:22.281532,WG,72108771,"$2,628.17","SAINT LOUIS, MO",07/6 10:00,"FORT COLLINS, CO",07/7 06:38,"1,034",900,NO NOTES,1934,1.36,12,
2026-07-01T14:01:26.147158,WG,72108233,"$2,550.07","CHARLES CITY, IA",07/6 10:00,"LOCKBOURNE, OH",07/7 12:00,"1,128",680,NO NOTES,1808,1.41,14,
2026-07-01T14:01:29.499172,WG,72108757,"$2,303.08","NEW BRUNSWICK, NJ",07/6 10:00,"MOUNT VERNON, IN",07/7 09:00,"1,974",852,BRCOAR: TRAILER MUST BE EMPTY OUTSIDE OF EQUIPMENT NEEDED TO SECURE. NO PLYWOOD IN TRAILER FLOORS ON REEFER LOADS.,2826,0.81,2,
2026-07-01T14:01:33.348932,WG,72108536,"$2,208.80","BLOOMINGTON, IN",07/6 10:00,"TARRYTOWN, NY",07/7 08:00,"1,267",805,NO NOTES,2072,1.07,4,
2026-07-01T14:08:01.523032,WG,72107903,"$2,340.89","PHILADELPHIA, PA",07/6 08:00,"MOUNT VERNON, IN",07/7 09:00,"1,937",821,BRCOAR: TRAILER MUST BE EMPTY OUTSIDE OF EQUIPMENT NEEDED TO SECURE. NO PLYWOOD IN TRAILER FLOORS ON REEFER LOADS.,2758,0.85,2,
2026-07-01T14:08:21.309507,WG,72108458,$847.97,"BETHLEHEM, PA",07/6 10:00,"BREINIGSVILLE, PA",07/6 12:04,"1,924",27,NO NOTES,1951,0.43,1,
2026-07-01T14:08:24.268864,WG,72108225,"$1,386.24","ALLENTOWN, PA",07/6 10:00,"LOCKBOURNE, OH",07/7 10:00,"1,903",448,NO NOTES,2351,0.59,1,
2026-07-01T14:08:34.521132,WG,72100133,"$4,812.35","SAN ANTONIO, NM",07/6 10:00,"HUNTSVILLE, AL",07/7 15:19,92,"1,308","LOAD: 1 X 20KW FIREFLY 91""L X 53""W X 89""H, 2700LBS (LITHIUM ION BATTERY STORED IN UNIT WITH SHUTOFF SWITCH AND NO WAY THE POWER CAN TURN ON DURING SHIPMENT) 1 X 10KW 53""L X 53""W X 84""H, 1700LBS (LITHIUM ION BATTERY STORED IN UNIT WITH SHUTOFF SWITCH AND NO WAY THE POWER CAN TURN ON DURING SHIPMENT) 2 X STANDARD 4 X 4 PALLETS 300LBS (TOOLING AND SPARE TESTING EQUIPMENT)",1400,3.44,72,
2026-07-01T14:09:20.232271,SE,72108558,"$1,389.89","CLEARWATER, FL",07/6 10:00,"NEW ORLEANS, LA",07/7 09:00,"1,714",613,NO NOTES,2327,0.60,1,
2026-07-01T14:15:32.642884,WG,72108756,"$1,048.25","BALTIMORE, MD",07/6 10:00,"PHILADELPHIA, PA",07/6 14:26,"1,861",115,NO NOTES,1976,0.53,1,
2026-07-01T14:15:39.458014,WG,72107466,"$1,454.28","WEBSTER, TX",07/6 10:00,"DALLAS, TX",07/7 11:00,909,298,NO NOTES,1207,1.20,7,
2026-07-01T14:15:42.124432,WG,72108334,"$1,570.55","ALLENTOWN, PA",07/6 10:00,"LOCKBOURNE, OH",07/7 14:00,"1,903",448,L1244392: TEAM DRIVERS ONLY FOR ALL TAKEDA RUNS,2351,0.67,1,
2026-07-01T14:21:40.216977,WG,72108492,"$1,173.16","BILLERICA, MA",07/6 07:30,"FAIRFIELD, NJ",07/6 14:00,"2,223",233,NO NOTES,2456,0.48,1,
2026-07-01T14:36:23.686984,WG,72108389,"$3,003.33","MALVERN, PA",07/6 10:30,"MEMPHIS, TN",07/7 11:21,"1,906","1,027",NO NOTES,2933,1.02,3,
2026-07-01T14:36:26.742699,WG,72104386,"$1,133.02","NORTHBOROUGH, MA",07/6 10:30,"BEDFORD, MA",07/6 12:39,"2,188",31,NO NOTES,2219,0.51,1,
2026-07-01T14:37:09.752892,SE,72104647,"$1,368.87","ROCHESTER, NY",07/6 10:30,"WORCESTER, MA",07/6 19:31,"1,850",354,NO NOTES,2204,0.62,1,
2026-07-01T14:42:34.300856,WG,72108803,"$1,079.97","HICKSVILLE, NY",07/2 10:00,"JAMAICA, NY",07/2 11:58,"2,034",22,NO NOTES,2056,0.53,1,
2026-07-01T14:57:34.596920,SE,72108715,"$1,125.20","ERIE, PA",07/1 14:00,"LAFAYETTE, IN",07/2 00:15,"1,685",412,NO NOTES,2097,0.54,1,
2026-07-01T15:01:51.736220,WG,72102670,$902.86,"LA VERGNE, TN",07/6 11:00,"MEMPHIS, TN",07/6 16:58,"1,234",210,UP TO 6 PALLETS,1444,0.63,1,
2026-07-01T15:01:54.974934,WG,72108359,"$4,282.70","SHEPHERDSVILLE, KY",07/6 11:00,"TEMPE, AZ",07/8 12:00,"1,315","1,728",BAX5100: ALL TAKEDA LOADS THAT ARE TEMP SHOULD BE TVAL,3043,1.41,15,
2026-07-01T15:02:00.147965,WG,72108418,"$1,977.36","NORTHBOROUGH, MA",07/6 11:00,"PHILADELPHIA, PA",07/7 09:00,"2,188",269,NO NOTES,2457,0.80,2,
2026-07-01T15:08:48.361298,WG,72107978,"$1,772.72","KANSAS CITY, MO",07/6 11:00,"ROCKFORD, IL",07/6 22:00,783,482,NO NOTES,1265,1.40,13,
2026-07-01T15:08:58.827780,SE,72108808,$891.97,"MECHANICSBURG, PA",07/1 16:00,"MILLBURN, NJ",07/2 09:00,"1,819",163,NO NOTES,1982,0.45,1,
2026-07-01T15:14:34.965550,WG,72108240,"$1,295.28","MALVERN, PA",07/2 09:00,"RARITAN, NJ",07/2 11:52,"1,906",65,NO NOTES,1971,0.66,1,
2026-07-01T15:30:14.813678,WG,72108810,"$3,866.68","BOCA RATON, FL",07/6 11:00,"LA VERGNE, TN",07/7 12:00,"1,907",855,ORDER NOTE: APPT. CONFIRMATION 46556532 @11AM,2762,1.40,15,
2026-07-01T16:01:20.955252,WG,72108526,"$3,443.00","KANSAS CITY, MO",07/6 12:00,"SOUDERTON, PA",07/7 13:38,783,"1,135",NO NOTES,1918,1.80,25,
2026-07-01T16:01:25.690743,WG,72108259,"$5,438.32","CRANBURY, NJ",07/6 12:00,"OAKDALE, MN",07/7 15:12,"1,970","1,196",NO NOTES,3166,1.72,25,
2026-07-01T16:01:30.203130,WG,72108463,"$1,919.11","DURHAM, NC",07/6 12:00,"PHILADELPHIA, PA",07/7 08:00,"1,732",404,FED EX DRIVER(S) WILL UNLOAD SHIPMENT AND DELIVER TO THE 13TH FLOOR. THE FREIGHT ELEVATORS MUST BE USED.,2136,0.90,2,
2026-07-01T16:08:29.504222,WG,72108378,"$7,207.69","BIRMINGHAM, AL",07/6 12:00,"SAN DIEGO, CA",07/8 11:00,"1,240","1,996",NO NOTES,3236,2.23,41,
2026-07-01T16:08:32.561276,WG,72108308,"$1,448.58","ALLENTOWN, PA",07/6 12:00,"LOCKBOURNE, OH",07/7 13:00,"1,903",448,L1244392: TEAM DRIVERS ONLY FOR ALL TAKEDA RUNS,2351,0.62,1,
2026-07-01T16:08:42.296348,WG,72108467,$740.51,"SHEPHERDSVILLE, KY",07/6 12:00,"GROVE CITY, OH",07/7 08:00,"1,315",216,BAX5100: MUST HAVE TEAM DRIVERS FOR ALL RUNS NO MATTER WHAT THE MILEAGE IS.,1531,0.48,1,
2026-07-01T16:29:45.329193,SE,72108815,"$2,161.96","RALEIGH, NC",07/1 15:00,"SALEM, NH",07/2 08:00,"1,755",724,NO NOTES,2479,0.87,2,
2026-07-01T17:01:11.005614,WG,72108333,"$2,744.50","LA VERGNE, TN",07/6 13:00,"HOUSTON, TX",07/7 10:00,"1,234",800,NO NOTES,2034,1.35,12,
2026-07-01T17:01:14.486016,WG,72108607,"$1,483.48","LA VERGNE, TN",07/6 13:00,"COLUMBUS, OH",07/7 08:30,"1,234",393,NO NOTES,1627,0.91,1,
2026-07-01T17:01:20.242734,WG,72108466,"$1,195.21","SHEPHERDSVILLE, KY",07/6 13:00,"SIMPSONVILLE, SC",07/7 08:00,"1,315",398,BAX5100: ALL TAKEDA LOADS THAT ARE TEMP SHOULD BE TVAL,1713,0.70,1,
2026-07-01T17:01:24.523350,WG,72107706,"$1,354.40","CALEDONIA, MI",07/6 13:00,"ROCKFORD, IL",07/7 09:00,"1,490",272,NO NOTES,1762,0.77,1,
2026-07-01T17:01:29.049496,WG,72108350,"$1,753.34","MEMPHIS, TN",07/6 13:00,"ORLANDO, FL",07/7 07:01,"1,023",757,"L1228142: TRACTOR SHIPMENTS MUST BE ABLE TO ACCOMODATE 26 PALLETS, NEED TO HAVE 53' OF SPACE, NO PALLET JACKS",1780,0.99,1,
2026-07-01T17:01:33.255288,WG,72108332,"$2,087.04","LA VERGNE, TN",07/6 13:00,"LONGVIEW, TX",07/7 09:00,"1,234",595,NO NOTES,1829,1.14,6,
2026-07-01T17:01:37.783963,WG,72009221,"$2,104.97","EAGLE LAKE, TX",07/6 13:00,"EAST CAMDEN, AR",07/7 09:00,872,429,"THE DRIVER NEEDS TO BE PROVIDED WITH THE PAPERWORK IN HARD COPY SINCE THEY'LL BE TRANSPORTING EXPLOSIVES. HE'LL NEED THREE THINGS, THE BOL, IHC, AND DOT-SP-15448. THE PICK UP LOCATION WILL NEED A 1 HOUR CALL IN ADVANCE AS WELL",1301,1.62,19,
2026-07-01T17:15:11.356122,WG,72107663,"$1,418.21","SHEPHERDSVILLE, KY",07/6 13:00,"DOTHAN, AL",07/7 09:00,"1,315",538,BAX5100: MUST HAVE TEAM DRIVERS FOR ALL RUNS NO MATTER WHAT THE MILEAGE IS.,1853,0.77,1,
2026-07-01T17:16:15.981127,SE,72108836,"$5,608.63","MOJAVE, CA",07/6 12:30,"PATUXENT RIVER, MD",07/9 00:00,749,"2,634",NO NOTES,3383,1.66,23,
2026-07-01T17:22:42.611281,WG,72105203,$997.65,"RICHLAND, MS",07/6 13:15,"MEMPHIS, TN",07/6 21:15,"1,054",207,NO NOTES,1261,0.79,1,
2026-07-01T17:23:18.812997,SE,72108722,"$5,233.04","PISCATAWAY, NJ",07/6 03:00,"LAS VEGAS, NV",07/8 11:00,"1,973","2,515",LVBILL2: ALL DRIVERS MUST READ AND FOLLOW THESE SECURITY MEASURES ON ALL LOUIS VUITTON SHIPMENTS,4488,1.17,9,
2026-07-01T18:01:32.147710,WG,72107774,"$2,016.54","WILMINGTON, OH",07/6 14:00,"ALLENTOWN, PA",07/7 08:00,"1,428",501,NO NOTES,1929,1.05,3,
2026-07-01T18:01:35.183105,WG,72108342,"$1,577.35","LA VERGNE, TN",07/6 14:00,"KERNERSVILLE, NC",07/7 08:00,"1,234",443,NO NOTES,1677,0.94,1,
2026-07-01T18:01:38.459716,WG,72102660,"$1,869.58","LA VERGNE, TN",07/6 14:00,"MONROEVILLE, PA",07/7 08:00,"1,234",587,"CORD11: TRUCK MUST HAVE FULL AMOUNT OF USABLE SPACE FOR THE TRUCK SIZE REQUESTED, 20FT OF USABLE SPACE, 12FT OF USABLE SPACE, 53FT OF USABLE SPACE.",1821,1.03,2,
2026-07-01T18:01:41.481134,WG,72102600,"$1,675.69","LA VERGNE, TN",07/6 14:00,"RALEIGH, NC",07/7 08:00,"1,234",522,"CORD11: TRUCK MUST HAVE FULL AMOUNT OF USABLE SPACE FOR THE TRUCK SIZE REQUESTED, 20FT OF USABLE SPACE, 12FT OF USABLE SPACE, 53FT OF USABLE SPACE.",1756,0.95,1,
2026-07-01T18:01:44.479396,WG,72108341,"$3,082.85","LA VERGNE, TN",07/6 14:00,"SAN ANTONIO, TX",07/7 11:45,"1,234",952,NO NOTES,2186,1.41,14,
2026-07-01T18:08:48.899479,WG,72108122,"$2,175.68","BETHLEHEM, PA",07/6 14:00,"INDIANAPOLIS, IN",07/7 07:00,"1,924",652,NO FREIGHT PICKING UP HERE. CHECK IN AT TECHNOLOGY CENTER GUARD STATION - THIS DELIVER FIRST - THEY WILL SEND YOU TO THE 1223 SOUTH HARDING ST TO DELIVER,2576,0.84,2,
2026-07-01T18:14:28.827718,WG,72108873,"$1,267.30","ERIE, PA",07/6 08:00,"INDIANAPOLIS, IN",07/6 18:09,"1,696",407,NO NOTES,2103,0.60,1,
2026-07-01T18:21:24.922293,WG,72108850,$839.97,"BALTIMORE, MD",07/2 07:00,"GAITHERSBURG, MD",07/2 09:23,"1,862",42,NO NOTES,1904,0.44,1,
2026-07-01T18:30:16.911263,SE,72108851,"$1,442.14","TAYLORSVILLE, MS",07/5 23:00,"DECATUR, GA",07/6 09:00,"1,110",393,NO NOTES,1503,0.96,1,
2026-07-01T18:35:27.894197,WG,72108852,$803.06,"BALTIMORE, MD",07/2 09:00,"GAITHERSBURG, MD",07/2 11:00,"1,862",42,TRUCK SEAL REQ,1904,0.42,1,
2026-07-01T18:36:58.260507,WG,72095751,"$3,135.88","GLENCOE, MN",07/6 14:30,"BRANCHBURG, NJ",07/7 18:12,"1,200","1,232",FRT IS PIG SKINS/TVAL/TEAM DRIVERS/BE PREPARED TO DELIVER STRAIGHT THRU,2432,1.29,11,
2026-07-01T18:49:52.832765,WG,72108881,"$2,339.03","PENDLETON, SC",07/6 09:00,"ROCHESTER, NY",07/7 08:30,"1,507",831,ORDER NOTE: PICK-UP NUMBER C01-045413,2338,1.00,2,
2026-07-01T19:02:13.557939,WG,72107740,"$2,238.38","LOGAN, UT",07/6 15:00,"BOTHELL, WA",07/7 11:00,706,793,NO NOTES,1499,1.49,16,
2026-07-01T19:02:16.873175,WG,72102693,"$1,688.97","LA VERGNE, TN",07/6 15:00,"MOUNT PROSPECT, IL",07/7 07:00,"1,234",516,UP TO 6 PALLETS,1750,0.97,1,
2026-07-01T19:02:20.431370,WG,72104009,"$1,943.35","SHEPHERDSVILLE, KY",07/6 15:00,"NEWARK, DE",07/7 08:00,"1,315",678,SHIPPER WILL HAVE AN ESCORT TRUCK FOLLOW FOR FIRST 100 MILES.OR THE WHOLE TRIP;CONF #:,1993,0.98,2,
2026-07-01T19:02:23.057200,WG,72104656,"$1,184.34","MOUNT VERNON, IN",07/6 15:00,"OLIVE BRANCH, MS",07/7 02:00,"1,192",302,PLEASE BE IN RANGE WHEN YOU ARRIVE AT SHIPPER**SET POINT 5C,1494,0.79,1,
2026-07-01T19:02:26.029138,WG,72107775,"$2,176.75","WILMINGTON, OH",07/6 15:00,"PHILADELPHIA, PA",07/7 07:00,"1,428",536,NO NOTES,1964,1.11,5,
2026-07-01T19:02:28.971712,WG,72106894,"$4,271.00","FORT WORTH, TX",07/6 15:00,"RENO, NV",07/8 11:00,612,"1,639",TRUCK WILL NEED TO BE PRE-COOLED PRIOR TO ARRIVING FOR PICKUP AND CONTINUOUSLY RUN,2251,1.90,29,
2026-07-01T19:02:31.899418,WG,72108343,"$3,752.51","LA VERGNE, TN",07/6 15:00,"DENVER, CO",07/7 17:22,"1,234","1,169",NO NOTES,2403,1.56,19,
2026-07-01T19:09:14.818799,WG,72106573,"$3,465.21","AUDUBON, PA",07/6 15:00,"LA VERGNE, TN",07/7 10:00,"1,916",806,NO NOTES,2722,1.27,11,
2026-07-01T19:09:34.056882,WG,72106422,"$1,597.81","BROOKS, KY",07/6 15:00,"KERNERSVILLE, NC",07/7 08:00,"1,310",472,NO NOTES,1782,0.90,1,
2026-07-01T19:15:46.621435,WG,72108886,$698.43,"CARY, NC",07/6 14:00,"RALEIGH, NC",07/6 15:55,"1,747",20,NO NOTES,1767,0.40,1,
2026-07-01T19:16:25.085330,WG,72105646,"$1,927.26","MEMPHIS, TN",07/6 15:00,"CANFIELD, OH",07/7 08:32,"1,023",754,"L1228142: TRACTOR SHIPMENTS MUST BE ABLE TO ACCOMODATE 26 PALLETS, NEED TO HAVE 53' OF SPACE, NO PALLET JACKS",1777,1.08,4,
2026-07-01T19:28:27.790133,WG,72108888,$912.47,"BOSTON, MA",07/2 09:00,"BOSTON, MA",07/2 14:05,"2,221",98,CSAFE RKN SHIPMENT TO DELIVER FREIGHT. WILL NEED TO FOLLOW DESTINATION DRIVER INSTRUCTIONS. INSTRUCTIONS WILL BE EMAILED TO YOU TEMP TRUCK SET POINT 5CAND RANGE 2-8C,2319,0.39,1,
2026-07-01T19:28:33.990384,WG,72108855,"$2,569.51","CARMEL, IN",07/2 15:00,"WICHITA, KS",07/3 08:00,"1,301",693,"L1065293: 12' OR 20' TRUCK - DOCK HIGH - LIFTGATE REQUIRED - STRAPS / BARS, NO TEMP REQUIRED",1994,1.29,10,
2026-07-01T19:35:29.368190,WG,72108856,"$2,194.87","CARMEL, IN",07/2 10:00,"BALTIMORE, MD",07/3 07:00,"1,301",581,"L1065293: 12' OR 20' TRUCK - DOCK HIGH - LIFTGATE REQUIRED - STRAPS / BARS, NO TEMP REQUIRED",1882,1.17,7,
2026-07-01T19:37:14.041990,WG,72108522,"$1,626.35","BROOKS, KY",07/6 15:30,"CHARLOTTE, NC",07/7 08:30,"1,310",479,NO NOTES,1789,0.91,1,
2026-07-01T20:00:31.865939,WG,72108904,"$1,570.98","SPARKS, NV",07/5 15:00,"TEMECULA, CA",07/6 11:00,"1,025",510,NO NOTES,1535,1.02,2,
2026-07-01T20:02:44.057885,WG,72105274,$912.88,"LA VERGNE, TN",07/6 16:00,"OLIVE BRANCH, MS",07/7 09:00,"1,234",233,"CORD11: TRUCK MUST HAVE FULL AMOUNT OF USABLE SPACE FOR THE TRUCK SIZE REQUESTED, 20FT OF USABLE SPACE, 12FT OF USABLE SPACE, 53FT OF USABLE SPACE.",1467,0.62,1,
2026-07-01T20:02:47.658741,WG,72108360,"$1,492.27","MEMPHIS, TN",07/6 16:00,"WHITESTOWN, IN",07/7 08:00,"1,023",495,"L1228142: TRACTOR SHIPMENTS MUST BE ABLE TO ACCOMODATE 26 PALLETS, NEED TO HAVE 53' OF SPACE, NO PALLET JACKS",1518,0.98,1,
2026-07-01T20:03:32.340489,SE,72107707,"$4,762.78","LOGAN, UT",07/6 16:00,"PORTSMOUTH, NH",07/9 08:00,706,"2,415",NO NOTES,3121,1.53,19,
2026-07-01T20:37:20.909911,SE,72108906,"$5,868.63","SHARON HILL, PA",07/2 10:00,"TRACY, CA",07/6 11:00,"1,925","2,861",NO NOTES,4786,1.23,12,
2026-07-01T20:44:33.782535,SE,72108943,"$2,772.22","RICHLAND, WA",07/6 11:00,"COLORADO SPRINGS, CO",07/7 14:28,"1,259","1,197",NO NOTES,2456,1.13,6,
2026-07-01T21:02:13.593268,WG,72107301,"$1,180.69","SHEPHERDSVILLE, KY",07/6 17:00,"WARRENDALE, PA",07/7 08:00,"1,315",417,BAX5100: ALL TAKEDA LOADS THAT ARE TEMP SHOULD BE TVAL,1732,0.68,1,
2026-07-01T21:02:17.041741,WG,72105269,$885.86,"LA VERGNE, TN",07/6 17:00,"SHEPHERDSVILLE, KY",07/7 07:00,"1,234",171,"CORD11: TRUCK MUST HAVE FULL AMOUNT OF USABLE SPACE FOR THE TRUCK SIZE REQUESTED, 20FT OF USABLE SPACE, 12FT OF USABLE SPACE, 53FT OF USABLE SPACE.",1405,0.63,1,
2026-07-01T21:02:20.309235,WG,72104823,"$3,997.22","ROANOKE, TX",07/6 17:00,"SUNNYVALE, CA",07/8 11:00,611,"1,661","FOR NOVEMBER 27TH, 2024, OUR DOCK HOURS WILL BE 6AM-12PM PST FOR HAZMAT.",2272,1.76,25,
2026-07-01T21:02:23.021120,WG,72104119,"$2,115.34","LOCKBOURNE, OH",07/6 17:00,"OLIVE BRANCH, MS",07/7 09:00,"1,470",594,IC7875: ENSURE THAT YOU HAVE THE ENTIRE BOL FILLED OUT AT THIS LOCATION.,2064,1.02,2,
2026-07-01T21:09:02.624902,WG,72100125,"$1,452.77","BROOKS, KY",07/6 17:00,"OLIVE BRANCH, MS",07/7 08:59,"1,310",377,IC7875: ENSURE THAT YOU HAVE THE ENTIRE BOL FILLED OUT AT THIS LOCATION.,1687,0.86,1,
2026-07-01T21:09:08.107569,WG,72108546,"$1,568.18","MEMPHIS, TN",07/6 17:00,"ORLAND PARK, IL",07/7 10:00,"1,023",533,"L1228142: TRACTOR SHIPMENTS MUST BE ABLE TO ACCOMODATE 26 PALLETS, NEED TO HAVE 53' OF SPACE, NO PALLET JACKS",1556,1.01,2,
2026-07-01T22:02:29.855826,WG,72105164,"$1,962.49","GROVE CITY, OH",07/6 18:00,"BURR RIDGE, IL",07/7 08:30,"1,462",330,ORDER NOTE: DRIVER UNLOAD,1792,1.10,4,
2026-07-01T22:02:32.693906,WG,72102610,"$6,283.04","LA VERGNE, TN",07/6 18:00,"REDLANDS, CA",07/8 13:45,348,"1,986",ORDER NOTE: FDCC TO CONTACT 909-796-7171 TO CONFIRM DELIVERY DATE/TIME.,2334,2.69,53,
2026-07-01T22:09:01.102469,WG,72100121,"$1,055.40","BROOKS, KY",07/6 18:00,"LA VERGNE, TN",07/7 07:00,"1,312",176,IC7875: ENSURE THAT YOU HAVE THE ENTIRE BOL FILLED OUT AT THIS LOCATION.,1488,0.71,1,
2026-07-01T22:09:03.615168,WG,72100050,"$1,218.30","BROOKS, KY",07/6 18:00,"ELK GROVE VILLAGE, IL",07/7 09:00,"1,312",337,IC7875: ENSURE THAT YOU HAVE THE ENTIRE BOL FILLED OUT AT THIS LOCATION.,1649,0.74,1,
2026-07-01T22:09:08.700995,WG,72108422,"$5,240.36","LOCKBOURNE, OH",07/6 18:00,"MONTCLAIR, CA",07/8 18:54,449,"2,228",BAX5100: MUST HAVE TEAM DRIVERS FOR ALL RUNS NO MATTER WHAT THE MILEAGE IS.,2677,1.96,31,
2026-07-01T23:02:43.127935,WG,72100116,"$1,771.46","BROOKS, KY",07/6 19:00,"DOTHAN, AL",07/7 09:00,"1,312",543,IC7875: ENSURE THAT YOU HAVE THE ENTIRE BOL FILLED OUT AT THIS LOCATION.,1855,0.95,1,
2026-07-01T23:02:45.969382,WG,72105257,"$1,891.86","LA VERGNE, TN",07/6 19:00,"CANFIELD, OH",07/7 08:26,"1,235",561,"CORD11: TRUCK MUST HAVE FULL AMOUNT OF USABLE SPACE FOR THE TRUCK SIZE REQUESTED, 20FT OF USABLE SPACE, 12FT OF USABLE SPACE, 53FT OF USABLE SPACE.",1796,1.05,3,
2026-07-01T23:09:44.895580,WG,72107052,"$1,709.46","KERNERSVILLE, NC",07/6 19:00,"VALDOSTA, GA",07/7 08:00,"1,662",501,DO NOT ARRIVE MORE THAN 30 MINUTES PRIOR TO SCHEDULED PICK UP TIME,2163,0.79,1,
2026-07-02T02:51:13.694648,SE,72108913,"$3,777.62","SANTA ANA, CA",07/5 08:00,"PONDERAY, ID",07/6 15:36,779,"1,415",NO NOTES,2194,1.72,24,
2026-07-02T10:02:20.637239,WG,72108871,"$1,577.57","WILMINGTON, DE",07/7 06:00,"CENTRAL ISLIP, NY",07/7 11:21,"1,912",181,TRUCK MUST BE FULLY BRANDED,2093,0.75,1,
2026-07-02T11:02:23.738112,WG,72107529,$843.05,"BROOKS, KY",07/7 07:00,"WEST CHESTER, OH",07/7 11:19,"1,312",133,NO NOTES,1445,0.58,1,
2026-07-02T12:02:32.538426,WG,72105829,"$4,789.52","GROVE CITY, OH",07/7 08:00,"BOCA RATON, FL",07/8 09:08,456,"1,111","ORDER NOTE: DRIVER UNLOAD, PALLET JACK NEEDED OR SHIPMENT MAY BE REFUSED",1567,3.06,62,
2026-07-02T12:02:35.718974,WG,72106997,"$10,335.09","EAST WINDSOR, NJ",07/7 08:00,"RANCHO CORDOVA, CA",07/10 11:00,658,"2,825",NO NOTES,3483,2.97,64,
2026-07-02T12:02:38.756617,WG,72108822,"$1,468.60","PLAINSBORO, NJ",07/7 08:00,"ANDOVER, MA",07/7 15:27,662,277,NO NOTES,939,1.56,17,
2026-07-02T12:02:41.872161,WG,72103725,"$1,098.22","LOCKBOURNE, OH",07/7 08:00,"BROOKS, KY",07/7 14:12,449,221,NO NOTES,670,1.64,19,
2026-07-02T12:37:49.186466,SE,72108944,"$1,777.70","ATLANTA, GA",07/2 12:00,"SAPULPA, OK",07/3 08:00,"1,381",786,NO NOTES,2167,0.82,1,
2026-07-02T12:44:31.863732,SE,72108336,"$1,841.87","JAMAICA, NY",07/2 11:00,"WATERFORD, NY",07/2 16:10,"2,020",173,NO NOTES,2193,0.84,2,
2026-07-02T13:02:35.122953,WG,72106684,"$4,846.61","LYNCHBURG, VA",07/7 09:00,"LYNCHBURG, VA",07/9 06:30,275,"1,711",MUST BE TWO DRIVERS THAT ARE US CITIZENS WITH NO DUAL CITIZENSHIP.,1986,2.44,45,
2026-07-02T13:02:38.710851,WG,72108280,"$2,725.63","EAST GREENBUSH, NY",07/7 09:00,"HOLLY SPRINGS, NC",07/8 07:30,840,664,NO NOTES,1504,1.81,25,
2026-07-02T13:02:41.742396,WG,72108959,"$3,698.84","SAINT PETERSBURG, FL",07/7 09:00,"KANSAS CITY, MO",07/8 13:41,589,"1,278",NO NOTES,1867,1.98,31,
2026-07-02T13:07:22.527957,WG,72108238,"$1,112.60","PHILADELPHIA, PA",07/2 10:00,"SOUDERTON, PA",07/2 12:12,"1,939",33,NO NOTES,1972,0.56,1,
2026-07-02T13:09:32.215277,WG,72064162,"$14,797.93","MIAMI, FL",07/7 09:00,"SEATTLE, WA",07/10 12:00,728,"3,341",ART LOAD / TEMP 70F / DUAL DRIVER SECURE,4069,3.64,83,
2026-07-02T13:10:05.371325,SE,72108880,"$1,271.64","ROCHESTER, NY",07/7 09:00,"STERLING, VA",07/8 07:00,789,374,NO NOTES,1163,1.09,4,
2026-07-02T13:38:00.610713,WG,72108556,"$1,109.64","PATASKALA, OH",07/7 09:30,"JEFFERSONVILLE, IN",07/7 15:48,485,226,NO NOTES,711,1.56,17,
2026-07-02T13:51:52.073971,SE,72109044,,,,,,,,NO NOTES,,,1,
2026-07-02T14:02:41.437699,WG,72108882,"$3,317.34","WHIPPANY, NJ",07/7 10:00,"MEMPHIS, TN",07/8 10:03,691,"1,060",ORDER NOTE: TO-2026-133,1751,1.89,28,
2026-07-02T14:02:44.578500,WG,72108893,"$1,032.26","NEW BRUNSWICK, NJ",07/7 10:00,"BREINIGSVILLE, PA",07/7 11:30,"1,975",77,BRCOAR: TRAILER MUST BE EMPTY OUTSIDE OF EQUIPMENT NEEDED TO SECURE. NO PLYWOOD IN TRAILER FLOORS ON REEFER LOADS.,2052,0.50,1,
2026-07-02T14:02:51.016153,WG,72108235,"$2,547.43","CHARLES CITY, IA",07/7 10:00,"LOCKBOURNE, OH",07/8 08:00,"1,019",680,NO NOTES,1699,1.50,16,
2026-07-02T14:02:54.795754,WG,72107931,"$7,022.14","SAN DIEGO, CA",07/7 10:00,"ALLENTOWN, PA",07/10 08:00,"2,319","2,716",NO NOTES,5035,1.39,17,
2026-07-02T14:09:42.316694,WG,72108144,"$3,668.80","TAMPA, FL",07/7 10:00,"BROOKS, KY",07/8 08:15,577,868,NO NOTES,1445,2.54,46,
2026-07-02T14:09:49.855405,WG,72107771,"$3,933.86","FORT WORTH, TX",07/7 10:00,"RENO, NV",07/9 11:00,998,"1,639","L1163385: TRAILERS MUST BE CLEAN, EMPTY, DRY, FREE OF STRUCTURAL DAMAGE AND NO ODORS FROM PRIOR FREIGHT. MUST HAVE TWO LOAD LOCKS IN EACH TRAILER AND FUEL TANKS 3/4 FULL PRIOR TO PICKUP ARRIVAL.",2637,1.49,17,
2026-07-02T14:09:52.245813,WG,72109042,"$2,144.37","BROOKS, KY",07/7 10:00,"PISCATAWAY, NJ",07/8 08:00,421,728,NO NOTES,1149,1.87,26,
2026-07-02T14:09:55.049557,WG,72108769,"$1,207.42","GREENVILLE, NC",07/7 10:00,"ALLENTOWN, PA",07/8 08:30,319,451,NO NOTES,770,1.57,17,
2026-07-02T14:10:02.993229,WG,72108521,"$1,091.24","DURHAM, NC",07/7 10:00,"WINSTON SALEM, NC",07/7 13:21,216,87,NO NOTES,303,3.60,71,
2026-07-02T14:10:10.248449,SE,72109079,"$6,390.34","CRANSTON, RI",07/2 12:00,"TUALATIN, OR",07/6 11:00,"2,176","3,075",NO NOTES,5251,1.22,12,
2026-07-02T14:16:31.155859,WG,72104438,"$10,507.72","OLIVE BRANCH, MS",07/7 09:00,"OLIVE BRANCH, MS",07/13 09:00,535,"3,814",NO NOTES,4349,2.42,49,
2026-07-02T14:16:56.666076,WG,72109058,$622.38,"INDIANAPOLIS, IN",07/7 10:00,"BLOOMINGTON, IN",07/7 12:52,537,65,NO NOTES,602,1.03,1,
2026-07-02T14:17:07.630209,WG,72109057,$909.13,"BLOOMINGTON, IN",07/7 10:00,"BLOOMINGTON, IN",07/7 11:37,"1,269",6,NO NOTES,1275,0.71,1,
2026-07-02T14:17:10.762577,WG,72108898,"$2,144.37","BROOKS, KY",07/7 10:00,"PISCATAWAY, NJ",07/8 09:00,421,728,IC7875: ENSURE THAT YOU HAVE THE ENTIRE BOL FILLED OUT AT THIS LOCATION.,1149,1.87,26,
2026-07-02T14:17:25.940455,WG,72106675,"$3,717.17","ANDOVER, MA",07/7 10:00,"CHESTERFIELD, MO",07/8 13:17,936,"1,212",NO NOTES,2148,1.73,24,
2026-07-02T14:23:23.472248,WG,72109068,$696.25,"RALEIGH, NC",07/7 09:00,"RALEIGH, NC",07/7 11:00,"1,754",15,TRUCK MUST PROVIDE SEAL,1769,0.39,1,
2026-07-02T14:35:33.316889,WG,72109080,"$1,290.10","WARTBURG, TN",07/6 09:30,"COLLEGE PARK, GA",07/6 16:09,"1,361",219,HAS TO BE ATEAM ON THE LOAD,1580,0.82,1,
2026-07-02T15:03:13.951737,WG,72108883,$915.88,"TRENTON, NJ",07/7 11:00,"SOMERSET, NJ",07/7 13:17,650,37,NO NOTES,687,1.33,10,
2026-07-02T15:03:18.119960,WG,72102291,"$4,478.09","TEMPE, AZ",07/7 11:00,"CARROLLTON, TX",07/8 11:09,"2,016","1,065",NO NOTES,3081,1.45,17,
2026-07-02T15:03:22.784758,WG,72104937,"$3,702.48","MOUNT VERNON, IN",07/7 11:00,"TEMPE, AZ",07/9 12:00,519,"1,684",PLEASE ARRIVE AT PICKUP IN RANGE**SET POINT 5C,2203,1.68,22,
2026-07-02T15:09:09.408859,WG,72109075,"$2,412.96","SKOKIE, IL",07/7 10:00,"ALLENTOWN, PA",07/8 11:00,727,729,NO NOTES,1456,1.66,20,
2026-07-02T15:30:54.288411,SE,72109098,$569.28,"MORRIS, IL",07/2 15:30,"CLINTON, IA",07/2 19:33,"1,277",120,NO NOTES,1397,0.41,1,
2026-07-02T15:52:16.009775,SE,72109056,$604.66,"MIAMI, FL",07/6 09:00,"MULBERRY, FL",07/6 15:05,"1,961",216,NO NOTES,2177,0.28,1,
2026-07-02T16:02:44.791907,WG,72108517,"$9,982.73","RANCHO CORDOVA, CA",07/7 12:00,"MALVERN, PA",07/10 07:00,"2,616","2,752",NO NOTES,5368,1.86,33,
2026-07-02T16:08:44.019471,WG,72109100,"$1,042.19","PHILADELPHIA, PA",07/7 09:00,"BREINIGSVILLE, PA",07/7 14:00,628,63,NO NOTES,691,1.51,15,
2026-07-02T16:37:58.305825,WG,72108830,"$2,824.83","ROUND ROCK, TX",07/7 12:30,"INDIANAPOLIS, IN",07/9 08:00,"1,078","1,070",WILL BE IN DRY ICE 792LBS DRIVERS WILL NEED APAD LOCK TO SECURE THE TRUCK,2148,1.32,11,
2026-07-02T16:38:05.091705,SE,72109097,"$4,700.77","MILWAUKEE, WI",07/2 23:00,"CALGARY, AB",07/4 10:20,"1,412","1,603",CUST WILL SEND OVER BOL NEEDED IN HAND FOR PICKUP,3015,1.56,20,
2026-07-02T17:00:36.556325,WG,72105410,"$5,886.51","BRAMPTON, ON",07/6 10:00,"WEBSTER, TX",07/8 08:30,811,"1,543",NO NOTES,2354,2.50,47,
2026-07-02T17:42:59.912881,WG,72109153,"$1,081.64","LA VERGNE, TN",07/6 18:00,"BROOKS, KY",07/7 08:00,"1,235",176,NO NOTES,1411,0.77,1,
2026-07-02T17:43:02.405134,WG,72109154,"$6,286.13","LA VERGNE, TN",07/6 20:00,"MONTCLAIR, CA",07/8 15:46,348,"1,987",NO NOTES,2335,2.69,53,
2026-07-02T17:50:38.869905,WG,72109155,,,,,,,,NO NOTES,,,1,
2026-07-02T17:51:31.374609,SE,72109162,$541.98,"MEMPHIS, TN",07/6 09:50,"MEMPHIS, TN",07/6 14:00,"1,020",8,NO NOTES,1028,0.53,1,
2026-07-02T18:02:17.381059,WG,72105234,"$3,157.00","LA VERGNE, TN",07/7 14:00,"LUBBOCK, TX",07/8 14:00,348,"1,044","CORD11: TRUCK MUST HAVE FULL AMOUNT OF USABLE SPACE FOR THE TRUCK SIZE REQUESTED, 20FT OF USABLE SPACE, 12FT OF USABLE SPACE, 53FT OF USABLE SPACE.",1392,2.27,38,
2026-07-02T18:09:02.593112,WG,72108916,"$2,302.98","BROOKS, KY",07/7 14:00,"LAKEWOOD, NJ",07/8 08:00,421,739,IC7875: ENSURE THAT YOU HAVE THE ENTIRE BOL FILLED OUT AT THIS LOCATION.,1160,1.99,30,
2026-07-02T18:09:08.303478,WG,72107893,"$2,436.07","CHARLOTTESVILLE, VA",07/7 14:00,"LA VERGNE, TN",07/8 07:30,342,541,MUST BE IN RANGE OR THEY WILL NOT LOAD THE FREIGHT,883,2.76,51,
2026-07-02T18:50:21.476023,WG,72109197,$828.57,"LOCKBOURNE, OH",07/7 10:00,"BROOKS, KY",07/7 16:12,449,221,IC7875: ENSURE THAT YOU HAVE THE ENTIRE BOL FILLED OUT AT THIS LOCATION.,670,1.24,7,
2026-07-02T19:02:01.607817,WG,72109151,"$1,934.70","SPRINGBORO, OH",07/7 15:00,"LENOIR, NC",07/8 08:00,461,442,NO NOTES,903,2.14,34,
2026-07-02T19:02:09.406130,WG,72108869,"$4,097.25","LONG ISLAND CITY, NY",07/7 15:00,"MIAMI, FL",07/8 14:03,729,"1,295",NO NOTES,2024,2.02,32,
2026-07-02T19:21:37.333147,WG,72107806,"$7,923.98","CLIFTON, NJ",07/6 13:00,"LOS ANGELES, CA",07/9 11:00,711,"2,780",PU AND DEL ARE CLOSED ON FRIDAY 7/3 FOR THE HOLIDAY,3491,2.27,43,
2026-07-02T19:35:31.452894,WG,72109205,"$1,106.82","CLINTON, TN",07/6 10:00,"LOUISVILLE, KY",07/7 07:00,"1,391",234,NO NOTES,1625,0.68,1,
2026-07-02T19:37:22.167499,WG,72108551,"$2,811.97","PATASKALA, OH",07/7 15:30,"OVERLAND PARK, KS",07/8 08:15,485,694,NO NOTES,1179,2.39,41,
2026-07-02T19:37:24.904297,WG,72103759,"$1,098.22","BROOKS, KY",07/7 15:30,"GROVEPORT, OH",07/7 22:00,421,221,NO NOTES,642,1.71,21,
2026-07-02T19:56:32.397504,WG,72109208,$912.58,"BOSTON, MA",07/6 09:00,"WEST HAVEN, CT",07/6 17:30,"2,231",162,NO NOTES,2393,0.38,1,
2026-07-02T20:02:04.955375,WG,72109207,"$8,119.64","COSTA MESA, CA",07/7 12:00,"LA VERGNE, TN",07/9 08:31,"2,350","2,022",LOAD PALLETS CENTERLINE TO AVOID SHIFTING DURING TRANSIT,4372,1.86,31,
2026-07-02T20:02:55.488930,WG,72102827,"$5,374.69","LA VERGNE, TN",07/7 16:00,"LAS VEGAS, NV",07/9 07:55,348,"1,806","CORD11: TRUCK MUST HAVE FULL AMOUNT OF USABLE SPACE FOR THE TRUCK SIZE REQUESTED, 20FT OF USABLE SPACE, 12FT OF USABLE SPACE, 53FT OF USABLE SPACE.",2154,2.50,47,
2026-07-02T20:02:58.505456,WG,72105650,"$1,380.41","MEMPHIS, TN",07/7 16:00,"LOCKBOURNE, OH",07/8 06:30,544,588,"TRACTOR SHIPMENTS MUST BE ABLE TO ACCOMODATE 26 PALLETS, NEED TO HAVE 53' OF SPACE",1132,1.22,7,
2026-07-02T20:09:32.170487,WG,72107007,"$2,790.94","ATLANTA, GA",07/7 16:00,"MEMPHIS, TN",07/8 20:00,183,864,"***MUST BE A 12FT TRUCK, NO MORE THAN 23FT TOTAL***",1047,2.67,49,
2026-07-02T20:29:16.640441,WG,72109212,"$3,228.35","BATON ROUGE, LA",07/7 08:30,"BARTOW, FL",07/8 07:30,704,727,NO NOTES,1431,2.26,38,
2026-07-02T20:30:27.541378,WG,72109191,"$2,133.47","MORRISVILLE, NC",07/7 15:00,"ALLENTOWN, PA",07/8 08:00,226,447,NO NOTES,673,3.17,63,
2026-07-02T20:35:51.541705,WG,72109215,"$3,469.23","BILLERICA, MA",07/7 07:30,"LEWIS CENTER, OH",07/8 08:00,932,758,NO NOTES,1690,2.05,32,
2026-07-02T20:43:09.485754,WG,72107977,"$7,711.38","SCOTTSDALE, AZ",07/7 09:00,"PETOSKEY, MI",07/9 07:00,"1,964","2,069",NO NOTES,4033,1.91,32,
2026-07-02T20:43:56.934701,WG,72108712,"$2,192.15","HERNDON, VA",07/7 14:00,"LEXINGTON, MA",07/8 08:00,438,460,NO NOTES,898,2.44,42,
2026-07-02T21:02:43.327481,WG,72108875,"$5,507.41","IRVINE, CA",07/7 17:00,"INDIANAPOLIS, IN",07/9 14:37,"2,346","2,074",NO NOTES,4420,1.25,12,
2026-07-02T21:09:44.973749,WG,72102141,$934.15,"BROOKS, KY",07/7 17:00,"COLUMBUS, OH",07/8 09:00,421,219,IC7875: ENSURE THAT YOU HAVE THE ENTIRE BOL FILLED OUT AT THIS LOCATION.,640,1.46,14,
2026-07-02T21:09:50.512202,WG,72108717,"$2,470.72","LOCKBOURNE, OH",07/7 17:00,"CROYDON, PA",07/8 08:00,449,485,NO NOTES,934,2.65,48,
2026-07-02T22:02:43.002626,WG,72105892,"$1,392.71","NEWARK, DE",07/7 18:00,"HAMMONTON, NJ",07/8 11:03,576,175,ORDER NOTE: PALLET JACK NEEDED FOR DRIVER UNLOAD OR SHIPMENT MAY BE REFUSED,751,1.85,25,
2026-07-02T23:02:47.224804,WG,72103767,"$2,445.29","BROOKS, KY",07/7 19:00,"MEMPHIS, TN",07/8 08:31,421,355,NO NOTES,776,3.15,62,
2026-07-03T00:02:56.271054,WG,72105267,"$2,260.35","LA VERGNE, TN",07/7 20:00,"FORT WORTH, TX",07/8 12:46,348,718,"CORD11: TRUCK MUST HAVE FULL AMOUNT OF USABLE SPACE FOR THE TRUCK SIZE REQUESTED, 20FT OF USABLE SPACE, 12FT OF USABLE SPACE, 53FT OF USABLE SPACE.",1066,2.12,33,
2026-07-03T00:09:52.236808,WG,72106292,$808.96,"BROOKS, KY",07/7 20:00,"LA VERGNE, TN",07/8 07:00,421,176,IC7875: ENSURE THAT YOU HAVE THE ENTIRE BOL FILLED OUT AT THIS LOCATION.,597,1.36,11,
2026-07-03T00:28:25.646202,WG,72109243,$820.46,"LOUISVILLE, KY",07/6 07:30,"LOUISVILLE, KY",07/6 15:00,"1,310",33,NO NOTES,1343,0.61,1,
2026-07-03T02:30:48.080848,SE,72109248,"$5,430.97","EDISON, NJ",07/3 09:00,"QUEEN CREEK, AZ",07/6 11:00,"2,137","2,400",NO NOTES,4537,1.20,10,
2026-07-03T03:09:54.636639,SE,72109249,"$1,128.32","POCONO SUMMIT, PA",07/3 06:00,"NEW HAVEN, CT",07/3 11:04,"2,075",168,POC: BLOOD BANK LABORATORY 203-688-2443. DRIVER WILL NEED TO CALL THIS NUMBER WHEN THEY ARRIVE AT THIS LOCATION.,2243,0.50,1,
2026-07-03T09:38:09.165414,SE,72109255,"$1,252.62","DULLES, VA",07/6 08:00,"LAFAYETTE, IN",07/6 22:00,"2,099",628,"***WILL SEND PAPERWORK DRIVER WILL NEED TO PROVIDE FOR PICKUP*** PREFERRED THAT DRIVER IS A US CITIZEN WITH PROPER ID IN HAND.  IF DRIVER IS NOT A US CITIZEN, THEY MUST HAVE THEIR DRIVER'S LICENSE, GREEN CARD, PASSPORT AND ALL PROPER ID ON THEM OR THEY WILL BE TURNED AWAY AT THE GATE. AIR RIDE NOT REQUIRED",2727,0.46,1,
2026-07-03T10:02:52.487895,WG,72108878,"$1,535.15","WILMINGTON, DE",07/8 06:00,"BROOKHAVEN, NY",07/8 11:42,587,198,NO NOTES,785,1.96,28,
2026-07-03T11:23:55.217203,WG,72108138,"$6,639.98","WALKERSVILLE, MD",07/8 07:15,"MIRA LOMA, CA",07/10 15:29,483,"2,573",NO NOTES,3056,2.17,39,
2026-07-03T12:03:19.033913,WG,72109190,"$2,059.90","GREENVILLE, NC",07/8 08:00,"BROOKS, KY",07/9 08:00,319,647,NO NOTES,966,2.13,33,
2026-07-03T12:03:21.906923,WG,72108181,"$3,110.80","BLOOMINGTON, IN",07/8 08:00,"ALLENTOWN, PA",07/9 08:30,503,676,NO NOTES,1179,2.64,49,
2026-07-03T12:03:57.939622,SE,72108958,"$1,331.18","PATRICK AFB, FL",07/8 08:00,"COURTLAND, AL",07/9 09:00,549,687,NO NOTES,1236,1.08,3,
2026-07-03T12:10:10.751846,WG,72109103,"$3,545.62","BEDFORD, NH",07/8 08:00,"LA VERGNE, TN",07/9 08:00,958,"1,129",NO NOTES,2087,1.70,23,
2026-07-03T12:38:13.738778,WG,72104948,$892.12,"MOUNT VERNON, IN",07/8 08:30,"BROOKS, KY",07/8 13:15,519,153,PLEASE ARRIVE AT PICKUP IN RANGE*SET POINT 5C,672,1.33,10,
2026-07-03T13:03:36.676311,WG,72109179,$769.72,"PARSIPPANY, NJ",07/8 09:00,"ELMIRA, NY",07/8 14:50,692,204,NO NOTES,896,0.86,1,
2026-07-03T13:04:11.078346,SE,72109232,$771.76,"BOSTON, MA",07/8 09:00,"BOSTON, MA",07/8 14:19,930,77,NO NOTES,1007,0.77,1,
2026-07-03T13:10:10.515594,WG,72108838,"$3,088.27","NEWARK, DE",07/8 09:00,"WINDERMERE, FL",07/9 09:00,576,965,NO NOTES,1541,2.00,31,
2026-07-03T13:10:13.848743,WG,72108910,$972.22,"BALTIMORE, MD",07/8 09:00,"PHILADELPHIA, PA",07/8 13:00,515,115,NO NOTES,630,1.54,16,
2026-07-03T13:10:18.545610,WG,72108905,"$2,173.02","PHILADELPHIA, PA",07/8 09:00,"MOUNT VERNON, IN",07/9 10:00,628,821,INBOND,1449,1.50,16,
2026-07-03T13:10:52.882090,SE,72107942,$761.14,"BOSTON, MA",07/8 09:00,"BOSTON, MA",07/8 09:02,930,54,CSAFE RKN SHIPMENT TO PICK UP FREIGHT. WILL NEED TO FOLLOW SHIPPER ORIGIN INSTRUCTIONS AT ALL LOCATIONS. INSTRUCTIONS WILL BE EMAILED TO YOU,984,0.77,1,
2026-07-03T13:38:19.605474,WG,72108448,"$3,228.77","HARRISBURG, PA",07/8 09:30,"SHREVEPORT, LA",07/9 13:53,547,"1,264",NO NOTES,1811,1.78,25,
2026-07-03T13:38:22.690812,WG,72108600,"$1,109.64","PATASKALA, OH",07/8 09:30,"JEFFERSONVILLE, IN",07/8 15:48,485,226,NO NOTES,711,1.56,17,
2026-07-03T14:10:39.717633,WG,72108277,"$2,547.43","CHARLES CITY, IA",07/8 10:00,"LOCKBOURNE, OH",07/9 08:00,"1,019",680,NO NOTES,1699,1.50,16,
2026-07-03T14:38:33.944190,WG,72109181,"$4,809.16","SALT LAKE CITY, UT",07/8 10:30,"BROOKS, KY",07/10 13:00,"1,980","1,599",NO NOTES,3579,1.34,14,
2026-07-03T15:03:44.149963,WG,72103774,$637.99,"LOCKBOURNE, OH",07/8 11:00,"LOCKBOURNE, OH",07/8 12:31,449,1,NO NOTES,450,1.42,12,
2026-07-03T15:03:47.214698,WG,72102954,"$2,490.71","LA VERGNE, TN",07/8 11:00,"TAMPA, FL",07/9 13:07,348,768,UP TO 6 SKIDS,1116,2.23,37,
2026-07-03T15:03:50.294375,WG,72060206,"$4,233.25","LOUISVILLE, KY",07/8 11:00,"BYFIELD, MA",07/9 09:49,417,"1,002",NO NOTES,1419,2.98,59,
2026-07-03T15:03:56.696841,WG,72107129,"$1,115.67","MIRA LOMA, CA",07/8 11:00,"SAN DIEGO, CA",07/8 14:31,"2,312",95,NO NOTES,2407,0.46,1,
2026-07-03T15:10:08.212374,WG,72108635,"$3,532.75","PHILADELPHIA, PA",07/8 11:00,"LA VERGNE, TN",07/9 07:30,628,812,NO NOTES,1440,2.45,44,
2026-07-03T15:38:15.130484,WG,72109148,$945.76,"MOORESTOWN, NJ",07/8 11:30,"PHILADELPHIA, PA",07/8 13:16,627,13,ORDER NOTE: XERIMIS SHIPMENT REFERENCE 5290101.,640,1.48,14,
2026-07-03T16:03:28.817720,WG,72107243,"$3,951.81","ANDOVER, MA",07/8 12:00,"CHESTERFIELD, MO",07/9 15:17,936,"1,212",NO NOTES,2148,1.84,27,
2026-07-03T16:03:32.365074,WG,72109156,"$4,109.66","KANSAS CITY, MO",07/8 12:00,"RAHWAY, NJ",07/9 14:51,906,"1,192",NO NOTES,2098,1.96,30,
2026-07-03T16:03:51.251822,SE,72109259,"$1,977.06","PORTSMOUTH, VA",07/3 16:00,"ROCHESTER, NH",07/6 07:30,"2,143",640,NO NOTES,2783,0.71,2,
2026-07-03T16:10:08.039641,WG,72107936,"$1,799.49","ROCKFORD, IL",07/8 12:00,"BROOKS, KY",07/9 09:00,795,395,NO NOTES,1190,1.51,16,
2026-07-03T16:45:22.282699,SE,72109261,$635.79,"INDIANAPOLIS, IN",07/6 09:00,"INDIANAPOLIS, IN",07/6 13:40,"1,507",102,NO NOTES,1609,0.40,1,
2026-07-03T17:03:35.959267,WG,72107242,"$1,293.97","ANDOVER, MA",07/8 13:00,"ALLENTOWN, PA",07/9 07:30,936,321,NO NOTES,1257,1.03,2,
2026-07-03T17:03:39.319298,WG,72109043,"$2,116.97","PARSIPPANY, NJ",07/8 13:00,"BROOKS, KY",07/9 09:00,692,732,ORDER NOTE: PLEASE ENSURE THAT AN APPOINTMENT IS MADE AT ICS THROUGH THE DESCARTES PORTAL,1424,1.49,15,
2026-07-03T17:38:29.108358,WG,72109224,"$1,946.25","PITTSBURGH, PA",07/8 13:30,"BROOKS, KY",07/9 08:00,516,403,NO NOTES,919,2.12,33,
2026-07-03T18:03:50.360013,WG,72102705,"$2,656.41","LA VERGNE, TN",07/8 14:00,"FAIRFIELD, NJ",07/9 10:03,348,872,"CORD11: TRUCK MUST HAVE FULL AMOUNT OF USABLE SPACE FOR THE TRUCK SIZE REQUESTED, 20FT OF USABLE SPACE, 12FT OF USABLE SPACE, 53FT OF USABLE SPACE.",1220,2.18,35,
2026-07-03T18:03:53.466427,WG,72108110,"$2,763.41","ROCKVILLE, MD",07/8 14:00,"BLOOMINGTON, IN",07/9 10:00,483,612,NO NOTES,1095,2.52,45,
2026-07-03T18:03:57.381063,WG,72109227,"$3,946.54","CHASKA, MN",07/8 14:00,"FRANKLIN, TN",07/9 11:08,"1,144",923,PHARMAUTICALS 5C SET 2-8C RANGE,2067,1.91,29,
2026-07-03T19:03:41.498326,WG,72103789,"$1,297.50","LOCKBOURNE, OH",07/8 15:00,"OLIVE BRANCH, MS",07/9 08:00,449,594,NO NOTES,1043,1.24,8,
2026-07-03T19:03:44.545054,WG,72108831,"$1,195.78","MADISON, AL",07/8 15:00,"CINCINNATI, OH",07/9 08:00,354,403,NO NOTES,757,1.58,17,
2026-07-03T19:10:32.886643,WG,72108814,"$2,402.84","SHEPHERDSVILLE, KY",07/8 15:00,"LENEXA, KS",07/9 09:00,389,544,BAX5100: MUST HAVE TEAM DRIVERS FOR ALL RUNS NO MATTER WHAT THE MILEAGE IS.,933,2.58,46,
2026-07-03T19:10:40.968833,WG,72107380,"$7,248.36","LA VERGNE, TN",07/8 15:00,"SAN LEANDRO, CA",07/10 17:22,348,"2,297","CORD11: TRUCK MUST HAVE FULL AMOUNT OF USABLE SPACE FOR THE TRUCK SIZE REQUESTED, 20FT OF USABLE SPACE, 12FT OF USABLE SPACE, 53FT OF USABLE SPACE.",2645,2.74,55,
2026-07-03T20:03:42.727137,WG,72102923,"$1,869.58","LA VERGNE, TN",07/8 16:00,"MONROEVILLE, PA",07/9 08:00,348,587,"CORD11: TRUCK MUST HAVE FULL AMOUNT OF USABLE SPACE FOR THE TRUCK SIZE REQUESTED, 20FT OF USABLE SPACE, 12FT OF USABLE SPACE, 53FT OF USABLE SPACE.",935,2.00,30,
2026-07-03T21:10:44.029348,WG,72104851,"$1,944.05","ROANOKE, TX",07/8 17:00,"LITTLETON, CO",07/9 10:28,992,751,7 DIFFERENT SMALL LIMITTED QUANTITY PIECES THAT ARE HAZMAT 2 ACETONE UN1090 HC3 1 UN1193 HC3 1 UN1219 HC 3 1 UN3288 HC 6.1 1 UN2789 HC 8(3) 1 UN2320 UN2320 HC 8,1743,1.12,5,
2026-07-03T22:04:22.565245,SE,72106323,$713.04,"BROOKS, KY",07/8 18:00,"LOCKBOURNE, OH",07/9 07:00,421,222,IC7875: ENSURE THAT YOU HAVE THE ENTIRE BOL FILLED OUT AT THIS LOCATION.,643,1.11,4,
2026-07-04T00:11:00.546495,WG,72106719,"$2,895.58","BROOKS, KY",07/8 20:00,"CORAOPOLIS, PA",07/9 13:35,421,403,IC7875: ENSURE THAT YOU HAVE THE ENTIRE BOL FILLED OUT AT THIS LOCATION.,824,3.51,72,
2026-07-04T01:53:02.781119,SE,72109295,"$1,366.37","DULLES, VA",07/5 10:00,"LAFAYETTE, IN",07/6 01:00,"2,099",628,NO NOTES,2727,0.50,1,
2026-07-04T11:10:45.881456,WG,72108535,$790.21,"BROOKS, KY",07/9 07:00,"WEST CHESTER, OH",07/9 11:19,421,133,NO NOTES,554,1.43,13,
2026-07-04T12:11:01.431332,WG,72108788,"$1,153.31","MORRISVILLE, NC",07/9 08:00,"CLINTON, TN",07/9 17:22,226,370,NO NOTES,596,1.94,27,
2026-07-04T12:11:04.405284,WG,72106882,"$2,729.46","PHILADELPHIA, PA",07/9 08:00,"BROOKS, KY",07/10 10:30,628,698,NO NOTES,1326,2.06,32,
2026-07-04T12:11:31.511628,SE,72109114,$722.25,"ROCKVILLE, MD",07/9 08:00,"WASHINGTON, DC",07/9 09:55,486,20,NO NOTES,506,1.43,12,
2026-07-04T13:10:55.244765,WG,72095617,"$4,598.98","CLEVELAND, OH",07/9 09:00,"DALLAS, TX",07/10 11:50,585,"1,191",NO NOTES,1776,2.59,49,
2026-07-04T13:10:58.641245,WG,72105802,"$1,434.83","PHILADELPHIA, PA",07/9 09:00,"RENSSELAER, NY",07/9 15:07,628,217,NO NOTES,845,1.70,21,
2026-07-04T13:53:28.688899,SE,72108608,$771.76,"BOSTON, MA",07/9 09:41,"BOSTON, MA",07/9 14:19,930,77,NO NOTES,1007,0.77,1,
2026-07-04T14:11:28.460871,WG,72103539,"$3,192.48","BRIDGEWATER, NJ",07/9 10:00,"CHICAGO, IL",07/10 08:00,675,763,NO NOTES,1438,2.22,37,
2026-07-04T14:11:59.546353,SE,72107857,$761.14,"BOSTON, MA",07/9 09:56,"BOSTON, MA",07/9 14:04,930,54,NO NOTES,984,0.77,1,
2026-07-04T14:39:20.527379,WG,72107868,"$1,719.57","CINCINNATI, OH",07/9 10:30,"ROCKFORD, IL",07/10 08:00,436,388,NO NOTES,824,2.09,32,
2026-07-04T16:10:56.627331,WG,72106759,$732.68,"BROOKS, KY",07/9 12:00,"BROOKS, KY",07/9 13:30,421,1,IC7875: ENSURE THAT YOU HAVE THE ENTIRE BOL FILLED OUT AT THIS LOCATION.,422,1.74,21,
2026-07-04T16:10:59.481308,WG,72106636,"$5,152.00","BOULDER, CO",07/9 12:00,"QUINCY, WA",07/10 15:21,"1,524","1,215",NO NOTES,2739,1.88,29,
2026-07-04T16:11:01.882738,WG,72109238,"$1,944.40","MEMPHIS, TN",07/9 12:00,"LAKELAND, FL",07/10 08:00,544,762,"L1228142: TRACTOR SHIPMENTS MUST BE ABLE TO ACCOMODATE 26 PALLETS, NEED TO HAVE 53' OF SPACE, NO PALLET JACKS",1306,1.49,15,
2026-07-04T16:11:33.600418,SE,72108045,"$2,882.60","BURLINGTON, MA",07/9 12:00,"ROCHESTER, MN",07/10 18:09,929,"1,347",NO NOTES,2276,1.27,10,
2026-07-04T16:39:05.483953,WG,72109239,"$1,913.93","MEMPHIS, TN",07/9 12:30,"WILLIAMSTON, MI",07/10 08:00,544,746,"L1228142: TRACTOR SHIPMENTS MUST BE ABLE TO ACCOMODATE 26 PALLETS, NEED TO HAVE 53' OF SPACE, NO PALLET JACKS",1290,1.48,15,
2026-07-04T17:11:12.650779,WG,72109242,"$1,960.50","MEMPHIS, TN",07/9 13:00,"ORLANDO, FL",07/10 08:00,544,761,"L1228142: TRACTOR SHIPMENTS MUST BE ABLE TO ACCOMODATE 26 PALLETS, NEED TO HAVE 53' OF SPACE, NO PALLET JACKS",1305,1.50,16,
2026-07-04T17:11:15.439991,WG,72107708,"$2,531.58","FORT WORTH, TX",07/9 13:00,"CAROL STREAM, IL",07/10 11:00,998,940,"SHIPMENT WILL REQUIRE A VALIDATED REFER TRUCK WITH RANGE OF 35F-45F (2-8C) WITH SET POINT OF 40F (5C), TRUCK WILL NEED TO BE PRE-COOLED PRIOR TO ARRIVING FOR PICKUP AND CONTINUOUSLY RUN.",1938,1.31,11,
2026-07-04T18:11:14.218220,WG,72108014,"$1,219.84","INDIANAPOLIS, IN",07/9 14:00,"ERIE, PA",07/10 08:00,522,409,NO NOTES,931,1.31,10,
2026-07-04T19:11:43.923409,WG,72104416,"$1,917.70","LOCKBOURNE, OH",07/9 15:00,"DOTHAN, AL",07/10 09:00,449,763,NO NOTES,1212,1.58,18,
2026-07-04T19:11:46.875099,WG,72108861,"$3,191.46","AUDUBON, PA",07/9 15:00,"LA VERGNE, TN",07/10 10:00,623,806,NO NOTES,1429,2.23,37,
2026-07-04T19:11:49.888881,WG,72107776,"$1,963.70","WILMINGTON, OH",07/9 15:00,"ALLENTOWN, PA",07/10 08:00,472,501,NO NOTES,973,2.02,30,
2026-07-04T19:46:38.963384,WG,72109077,$997.65,"RICHLAND, MS",07/9 15:15,"MEMPHIS, TN",07/9 21:15,556,207,NO NOTES,763,1.31,9,
2026-07-04T20:11:29.836251,WG,72105873,"$1,593.06","NEWARK, DE",07/9 16:00,"ALBANY, NY",07/10 08:00,576,274,ORDER NOTE: PALLET JACK NEEDED FOR DRIVER UNLOAD,850,1.87,26,
2026-07-04T22:18:49.298348,WG,72106766,"$1,427.89","BROOKS, KY",07/9 17:00,"KERNERSVILLE, NC",07/10 08:00,421,472,IC7875: ENSURE THAT YOU HAVE THE ENTIRE BOL FILLED OUT AT THIS LOCATION.,893,1.60,18,
2026-07-04T22:18:51.778860,WG,72105871,"$2,201.70","GROVE CITY, OH",07/9 17:30,"CHARLOTTE, NC",07/10 08:00,456,434,"ORDER NOTE: PALLET JACK NEEDED FOR DRIVER UNLOAD, OR SHIPMENT MAY BE REFUSED",890,2.47,43,
2026-07-05T01:07:56.972879,WG,72107406,"$2,047.44","MISSISSAUGA, ON",07/6 10:30,"MOUNT VERNON, IN",07/7 15:30,809,737,BRCOAR: TRAILER MUST BE EMPTY OUTSIDE OF EQUIPMENT NEEDED TO SECURE. NO PLYWOOD IN TRAILER FLOORS ON REEFER LOADS.,1546,1.32,11,
2026-07-05T01:08:00.374754,WG,72108792,$852.45,"SAINT LOUIS, MO",07/7 07:00,"CHICAGO, IL",07/7 14:49,658,297,NO NOTES,955,0.89,1,
2026-07-05T01:08:02.835927,WG,72109228,$914.70,"PEABODY, MA",07/7 08:00,"DEVENS, MA",07/7 10:00,"2,468",46,BRCOAR: TRAILER MUST BE EMPTY OUTSIDE OF EQUIPMENT NEEDED TO SECURE. NO PLYWOOD IN TRAILER FLOORS ON REEFER LOADS.,2514,0.36,1,
2026-07-05T01:08:07.113163,WG,72109216,"$2,822.95","NORTH CHICAGO, IL",07/7 08:00,"BELLAIRE, TX",07/8 09:32,759,"1,130",MAX BOX LENGTH IS 18FT,1889,1.49,16,
2026-07-05T01:08:09.541153,WG,72107676,"$1,658.18","RICHMOND, VA",07/7 08:00,"WESTBOROUGH, MA",07/7 20:58,354,539,HAZ REROUTE IS 26 MILES TOTAL: NEAR BALTIMORE: TAKE 95 TO 695 THEN BACK ONTO 95 NEAR WILMINGTON: TAKE 95 TO 495 TO 476 TO 276 TO 95 EXTENTION AND THEN BACK ON 95,893,1.86,25,
2026-07-05T01:08:11.967939,WG,72109167,"$1,290.78","NEW BRUNSWICK, NJ",07/7 08:00,"PEPPERELL, MA",07/7 14:52,674,253,BRCOAR: TRAILER MUST BE EMPTY OUTSIDE OF EQUIPMENT NEEDED TO SECURE. NO PLYWOOD IN TRAILER FLOORS ON REEFER LOADS.,927,1.39,12,
2026-07-05T01:08:14.585910,WG,72109251,"$3,476.10","ROCHESTER, NY",07/7 09:00,"PALM BAY, FL",07/8 13:23,791,"1,264",NO NOTES,2055,1.69,22,
2026-07-05T01:08:16.938302,WG,72109112,$901.04,"MOUNT VERNON, IN",07/7 09:00,"LA VERGNE, TN",07/7 14:26,519,185,BRCOAR: TRAILER MUST BE EMPTY OUTSIDE OF EQUIPMENT NEEDED TO SECURE. NO PLYWOOD IN TRAILER FLOORS ON REEFER LOADS.,704,1.28,9,
2026-07-05T01:08:19.901952,WG,72104934,"$4,212.70","MOUNT VERNON, IN",07/7 09:00,"MONTCLAIR, CA",07/9 12:30,519,"1,957",PLEASE ARRIVE AT PICKUP IN RANGE*SET POINT 5C,2476,1.70,23,
2026-07-05T01:08:22.918246,WG,72109101,$881.86,"PHILADELPHIA, PA",07/7 09:00,"BREINIGSVILLE, PA",07/7 14:00,628,63,NO NOTES,691,1.28,8,
2026-07-05T01:08:25.609917,WG,72108301,"$1,647.92","LOCKBOURNE, OH",07/7 09:00,"NEWARK, DE",07/8 08:00,449,467,IC7875: ENSURE THAT YOU HAVE THE ENTIRE BOL FILLED OUT AT THIS LOCATION.,916,1.80,24,
2026-07-05T01:08:28.103157,WG,72108100,"$1,426.76","INDIANAPOLIS, IN",07/7 09:00,"CONCORD, NC",07/8 08:00,529,587,"L1218217: TRAILER MUST BE EMPTY AND NO PERSONAL ITEMS, OR PALLET JACK, SECUREMENT ITEMS ONLY",1116,1.28,9,
2026-07-05T01:08:30.574342,WG,72108845,"$2,590.53","MOUNT VERNON, IN",07/7 10:00,"FORT LAUDERDALE, FL",07/8 13:30,519,"1,071",BRCOAR: TRAILER MUST BE EMPTY OUTSIDE OF EQUIPMENT NEEDED TO SECURE. NO PLYWOOD IN TRAILER FLOORS ON REEFER LOADS.,1590,1.63,20,
2026-07-05T01:08:32.981997,WG,72106534,"$2,336.34","BLOOMINGTON, IN",07/7 10:00,"RENSSELAER, NY",07/8 07:00,503,839,DOCK HIGH / SEALABLE TRUCK REQUIRED - VANS ARE NOT ACCEPTABLE,1342,1.74,23,
2026-07-05T01:08:35.393256,WG,72109244,$840.46,"CINCINNATI, OH",07/7 10:00,"BROOKS, KY",07/7 12:30,428,121,NO NOTES,549,1.53,15,
2026-07-05T01:08:37.895366,WG,72100836,"$2,365.17","SHEPHERDSVILLE, KY",07/7 10:30,"MONTCLAIR, CA",07/9 11:00,389,"2,072",NO NOTES,2461,0.96,2,
2026-07-05T01:08:40.385090,WG,72109152,$893.16,"SAINT LOUIS, MO",07/7 11:00,"KANKAKEE, IL",07/7 17:54,658,254,NO NOTES,912,0.98,1,
2026-07-05T01:08:42.800072,WG,72109020,"$1,053.12","DRAPER, UT",07/7 11:00,"SALT LAKE CITY, UT",07/7 12:58,"1,986",22,NO NOTES,2008,0.52,1,
2026-07-05T01:08:45.240493,WG,72108776,"$1,013.42","SHEPHERDSVILLE, KY",07/7 11:00,"BURR RIDGE, IL",07/8 09:00,389,325,BAX5100: MUST HAVE TEAM DRIVERS FOR ALL RUNS NO MATTER WHAT THE MILEAGE IS.,714,1.42,13,
2026-07-05T01:08:47.984717,WG,72108772,"$2,402.85","SAINT LOUIS, MO",07/7 11:30,"WILLIAMSBURG, VA",07/8 07:26,658,867,NO NOTES,1525,1.58,18,
2026-07-05T01:08:50.413125,WG,72109157,"$1,150.83","SHEPHERDSVILLE, KY",07/7 12:00,"OLIVE BRANCH, MS",07/8 09:00,389,369,BAX5100: MUST HAVE TEAM DRIVERS FOR ALL RUNS NO MATTER WHAT THE MILEAGE IS.,758,1.52,15,
2026-07-05T01:08:52.835542,WG,72108854,"$2,329.41","ATHENS, GA",07/7 12:00,"LAKEWOOD, NJ",07/8 08:00,127,801,00046768: ALL TEMP CONTROL LOADS MUST BE TVAL,928,2.51,44,
2026-07-05T01:08:55.256979,WG,72109233,$906.74,"WEST SACRAMENTO, CA",07/7 12:00,"SOUTH SAN FRANCISCO, CA",07/7 15:26,"2,626",91,NO NOTES,2717,0.33,1,
2026-07-05T01:08:58.062743,WG,72108811,$652.37,"SHEPHERDSVILLE, KY",07/7 12:00,"CINCINNATI, OH",07/7 16:22,389,135,BAX5100: MUST HAVE TEAM DRIVERS FOR ALL RUNS NO MATTER WHAT THE MILEAGE IS.,524,1.24,7,
2026-07-05T01:09:00.808918,WG,72105246,"$2,385.63","LA VERGNE, TN",07/7 13:00,"OMAHA, NE",07/8 09:00,348,760,"CORD11: TRUCK MUST HAVE FULL AMOUNT OF USABLE SPACE FOR THE TRUCK SIZE REQUESTED, 20FT OF USABLE SPACE, 12FT OF USABLE SPACE, 53FT OF USABLE SPACE.",1108,2.15,34,
2026-07-05T01:09:03.212055,WG,72109165,"$6,149.11","BOTHELL, WA",07/7 13:00,"SUMMIT, NJ",07/10 08:00,"2,783","2,848",BRCOAR: TRAILER MUST BE EMPTY OUTSIDE OF EQUIPMENT NEEDED TO SECURE. NO PLYWOOD IN TRAILER FLOORS ON REEFER LOADS.,5631,1.09,8,
2026-07-05T01:09:05.921457,WG,72108828,$777.13,"SHEPHERDSVILLE, KY",07/7 13:00,"HUNTSVILLE, AL",07/8 09:00,389,261,BAX5100: MUST HAVE TEAM DRIVERS FOR ALL RUNS NO MATTER WHAT THE MILEAGE IS.,650,1.20,6,
2026-07-05T01:09:08.322924,WG,72100981,"$2,226.36","SAINT PAUL, MN",07/7 14:00,"LIBERTYVILLE, IL",07/8 09:00,"1,117",371,PALLET COUNT MAY BE FROM 1-8 PALLETS,1488,1.50,16,
2026-07-05T01:09:10.785267,WG,72109188,"$4,677.67","KANSAS CITY, MO",07/7 14:00,"SAN DIEGO, CA",07/9 11:00,906,"1,675",NO NOTES,2581,1.81,27,
2026-07-05T01:09:13.677573,WG,72106546,$787.60,"WORCESTER, MA",07/7 14:00,"CRANBURY, NJ",07/8 09:00,890,226,NO NOTES,1116,0.71,1,
2026-07-05T01:09:16.215521,WG,72108914,"$1,112.14","SHEPHERDSVILLE, KY",07/7 14:00,"OLIVE BRANCH, MS",07/8 07:00,389,369,BAX5100: MUST HAVE TEAM DRIVERS FOR ALL RUNS NO MATTER WHAT THE MILEAGE IS.,758,1.47,14,
2026-07-05T01:09:18.947535,WG,72108807,"$2,207.64","CALEDONIA, MI",07/7 14:00,"RENSSELAER, NY",07/8 08:00,747,770,NO NOTES,1517,1.46,15,
2026-07-05T01:09:21.302897,WG,72102718,"$3,359.25","LA VERGNE, TN",07/7 15:00,"MILFORD, MA",07/8 15:27,348,"1,079","CORD11: TRUCK MUST HAVE FULL AMOUNT OF USABLE SPACE FOR THE TRUCK SIZE REQUESTED, 20FT OF USABLE SPACE, 12FT OF USABLE SPACE, 53FT OF USABLE SPACE.",1427,2.35,41,
2026-07-05T01:09:23.667429,WG,72105236,"$1,833.78","LA VERGNE, TN",07/7 15:00,"CORAOPOLIS, PA",07/8 08:00,348,575,"CORD11: TRUCK MUST HAVE FULL AMOUNT OF USABLE SPACE FOR THE TRUCK SIZE REQUESTED, 20FT OF USABLE SPACE, 12FT OF USABLE SPACE, 53FT OF USABLE SPACE.",923,1.99,29,
2026-07-05T01:09:26.054073,WG,72104007,"$1,395.03","SHEPHERDSVILLE, KY",07/7 15:00,"PITTSBURGH, PA",07/8 09:00,389,403,PLEASE TRANSFER TO SECURECOMM ONCE THE SHIPPER DEPART CALL IS COMPLETE. SECURECOMM MUST SPEAK TO THE DRIVERS BEFORE THEY DEPART THE SHIPPER. SCC/MZC,792,1.76,22,
2026-07-05T01:09:28.487573,WG,72108945,"$1,741.91","MOUNT VERNON, IN",07/7 15:00,"FREDERICK, MD",07/8 08:00,519,697,BRCOAR: TRAILER MUST BE EMPTY OUTSIDE OF EQUIPMENT NEEDED TO SECURE. NO PLYWOOD IN TRAILER FLOORS ON REEFER LOADS.,1216,1.43,14,
2026-07-05T01:09:33.057164,WG,72108912,"$2,413.38","BROOKS, KY",07/7 16:00,"PORT WASHINGTON, NY",07/8 10:07,421,781,IC7875: ENSURE THAT YOU HAVE THE ENTIRE BOL FILLED OUT AT THIS LOCATION.,1202,2.01,30,
2026-07-05T01:09:35.761081,WG,72102867,"$1,866.60","LA VERGNE, TN",07/7 16:00,"LENEXA, KS",07/8 09:00,348,586,"CORD11: TRUCK MUST HAVE FULL AMOUNT OF USABLE SPACE FOR THE TRUCK SIZE REQUESTED, 20FT OF USABLE SPACE, 12FT OF USABLE SPACE, 53FT OF USABLE SPACE.",934,2.00,30,
2026-07-05T01:09:38.308092,WG,72062682,"$1,119.10","LOUISVILLE, KY",07/7 16:30,"OLIVE BRANCH, MS",07/8 09:00,417,381,DRIVER NEEDS TO REFERENCE DELIVERY# 232733997 AT PICKUP,798,1.40,12,
2026-07-05T01:09:40.727710,WG,72102856,"$2,218.58","LA VERGNE, TN",07/7 17:00,"FLOWER MOUND, TX",07/8 09:28,348,704,"CORD11: TRUCK MUST HAVE FULL AMOUNT OF USABLE SPACE FOR THE TRUCK SIZE REQUESTED, 20FT OF USABLE SPACE, 12FT OF USABLE SPACE, 53FT OF USABLE SPACE.",1052,2.11,33,
2026-07-05T01:09:43.077341,WG,72108862,"$2,062.70","RENO, NV",07/7 17:00,"MONTCLAIR, CA",07/8 11:00,"2,494",552,NO NOTES,3046,0.68,2,
2026-07-05T01:09:45.515030,WG,72108860,"$2,761.79","RENO, NV",07/7 17:00,"TEMPE, AZ",07/8 12:00,"2,494",783,NO NOTES,3277,0.84,2,
2026-07-05T01:09:47.947283,WG,72103763,"$1,098.22","BROOKS, KY",07/7 18:00,"LOCKBOURNE, OH",07/8 00:12,421,221,NO NOTES,642,1.71,21,
2026-07-05T01:09:50.330017,WG,72105290,"$1,890.17","LA VERGNE, TN",07/7 18:00,"CARY, NC",07/8 08:00,348,529,"CORD11: TRUCK MUST HAVE FULL AMOUNT OF USABLE SPACE FOR THE TRUCK SIZE REQUESTED, 20FT OF USABLE SPACE, 12FT OF USABLE SPACE, 53FT OF USABLE SPACE.",877,2.16,34,
2026-07-05T01:09:52.684368,WG,72106296,"$1,443.06","BROOKS, KY",07/7 18:30,"GROVEPORT, OH",07/8 07:00,421,222,IC7875: ENSURE THAT YOU HAVE THE ENTIRE BOL FILLED OUT AT THIS LOCATION.,643,2.24,36,
2026-07-05T01:09:55.190735,WG,72109237,"$5,501.72","LOCKBOURNE, OH",07/7 19:00,"TEMPE, AZ",07/9 12:33,449,"1,883",IC7875: ENSURE THAT YOU HAVE THE ENTIRE BOL FILLED OUT AT THIS LOCATION.,2332,2.36,43,
2026-07-05T01:09:57.614526,WG,72105255,$906.78,"LA VERGNE, TN",07/7 19:00,"COLLIERVILLE, TN",07/8 09:00,348,219,"CORD11: TRUCK MUST HAVE FULL AMOUNT OF USABLE SPACE FOR THE TRUCK SIZE REQUESTED, 20FT OF USABLE SPACE, 12FT OF USABLE SPACE, 53FT OF USABLE SPACE.",567,1.60,17,
2026-07-05T01:10:00.030115,WG,72109108,$864.79,"MEMPHIS, TN",07/7 20:00,"CHESTERFIELD, MO",07/8 09:00,544,313,"L1228142: TRACTOR SHIPMENTS MUST BE ABLE TO ACCOMODATE 26 PALLETS, NEED TO HAVE 53' OF SPACE, NO PALLET JACKS",857,1.01,1,
2026-07-05T01:10:02.708236,WG,72109149,"$1,003.94","MEMPHIS, TN",07/7 21:00,"CHESTERFIELD, MO",07/8 09:00,544,313,"L1228142: TRACTOR SHIPMENTS MUST BE ABLE TO ACCOMODATE 26 PALLETS, NEED TO HAVE 53' OF SPACE, NO PALLET JACKS",857,1.17,6,
2026-07-05T01:10:05.116264,WG,72109195,"$1,078.52","JOHNSTOWN, PA",07/8 08:00,"MIDDLETOWN, PA",07/8 12:26,539,138,NO NOTES,677,1.59,17,
2026-07-05T01:10:07.541379,WG,72108117,"$1,701.86","INDIANAPOLIS, IN",07/8 09:00,"GREENVILLE, NC",07/9 08:00,529,714,"L1218217: TRAILER MUST BE EMPTY AND NO PERSONAL ITEMS, OR PALLET JACK, SECUREMENT ITEMS ONLY",1243,1.37,12,
2026-07-05T01:10:09.965985,WG,72045923,"$3,312.30","BELLINGHAM, WA",07/8 11:00,"CHICO, CA",07/9 11:00,"2,859",767,"TR30SU: PLEASE USE STRAPS AT ALL TIMES, CALL TCI WITH ANY EXCEPTIONS DURING BUSINESS HOURS ONLY",3626,0.91,3,
2026-07-05T01:10:12.408618,WG,72106711,"$1,450.40","BROOKS, KY",07/8 11:00,"AURORA, IL",07/9 08:00,421,341,IC7875: ENSURE THAT YOU HAVE THE ENTIRE BOL FILLED OUT AT THIS LOCATION.,762,1.90,26,
2026-07-05T01:10:14.834049,WG,72105253,$904.17,"LA VERGNE, TN",07/8 11:00,"MEMPHIS, TN",07/8 17:01,348,213,"CORD11: TRUCK MUST HAVE FULL AMOUNT OF USABLE SPACE FOR THE TRUCK SIZE REQUESTED, 20FT OF USABLE SPACE, 12FT OF USABLE SPACE, 53FT OF USABLE SPACE.",561,1.61,18,
2026-07-05T01:10:17.599567,WG,72106202,"$2,334.29","LOCKBOURNE, OH",07/8 11:00,"DOTHAN, AL",07/9 09:00,449,763,IC7875: ENSURE THAT YOU HAVE THE ENTIRE BOL FILLED OUT AT THIS LOCATION.,1212,1.93,28,
2026-07-05T01:10:20.362643,WG,72102880,"$1,797.99","LA VERGNE, TN",07/8 12:00,"TROY, MI",07/9 09:00,348,563,"CORD11: TRUCK MUST HAVE FULL AMOUNT OF USABLE SPACE FOR THE TRUCK SIZE REQUESTED, 20FT OF USABLE SPACE, 12FT OF USABLE SPACE, 53FT OF USABLE SPACE.",911,1.97,29,
2026-07-05T01:10:22.775004,WG,72104292,"$2,187.20","MANCHESTER, PA",07/8 12:00,"DOTHAN, AL",07/9 09:26,559,937,ALL DRIVERS SHOULD CHECK IN AT DOOR A150 AFTER CLEARING THE WELCOME CENTER AND THEY WILL BE ASSIGNED A DOOR FROM THERE ONCE THEY HAVE CHECKED IN,1496,1.46,15,
2026-07-05T01:10:25.165735,WG,72109198,"$1,568.34","KENNEDY SPACE CENTER, FL",07/8 12:00,"HUNTSVILLE, AL",07/9 09:00,523,685,NO NOTES,1208,1.30,10,
2026-07-05T01:10:27.861981,WG,72108796,"$2,502.47","SAINT LOUIS, MO",07/8 12:00,"JACKSONVILLE, FL",07/9 09:24,658,912,NO NOTES,1570,1.59,19,
2026-07-05T01:10:30.603865,WG,72104291,"$2,187.20","MANCHESTER, PA",07/8 12:00,"DOTHAN, AL",07/9 09:26,559,937,PLEASE BE SURE YOU ARE IN RANGE WHEN YOU ARRIVE AT PICKUP**SET POINT 5C,1496,1.46,15,
2026-07-05T01:10:33.682572,WG,72104373,$662.49,"LA VERNE, CA",07/8 13:00,"MONTCLAIR, CA",07/8 14:41,"2,318",9,NO NOTES,2327,0.28,1,
2026-07-05T01:10:36.636037,WG,72109160,"$1,950.82","MEMPHIS, TN",07/8 13:00,"LAKELAND, FL",07/9 07:01,544,765,"L1228142: TRACTOR SHIPMENTS MUST BE ABLE TO ACCOMODATE 26 PALLETS, NEED TO HAVE 53' OF SPACE, NO PALLET JACKS",1309,1.49,15,
2026-07-05T01:10:39.316594,WG,72104309,$760.25,"MIRA LOMA, CA",07/8 14:00,"SANTA MONICA, CA",07/8 18:31,"2,312",72,"L1145981: IF PICKING UP AT UPS MIRA LOMA, CA PU IS AT DOOR 2132.",2384,0.32,1,
2026-07-05T01:10:42.015940,WG,72105286,"$2,400.26","LA VERGNE, TN",07/8 15:00,"LEWISVILLE, TX",07/9 09:00,348,700,"CORD11: TRUCK MUST HAVE FULL AMOUNT OF USABLE SPACE FOR THE TRUCK SIZE REQUESTED, 20FT OF USABLE SPACE, 12FT OF USABLE SPACE, 53FT OF USABLE SPACE.",1048,2.29,38,
2026-07-05T01:10:45.077139,WG,72109178,"$2,631.82","SAINT LOUIS, MO",07/8 16:00,"SAINT PETERSBURG, FL",07/9 15:38,666,"1,041",NO NOTES,1707,1.54,17,
2026-07-05T01:10:47.812462,WG,72107783,"$1,460.26","LA VERGNE, TN",07/8 16:00,"COLUMBUS, OH",07/9 08:00,348,402,"CORD11: TRUCK MUST HAVE FULL AMOUNT OF USABLE SPACE FOR THE TRUCK SIZE REQUESTED, 20FT OF USABLE SPACE, 12FT OF USABLE SPACE, 53FT OF USABLE SPACE.",750,1.95,28,
2026-07-05T01:10:50.522764,WG,72108447,"$1,599.40","SHEPHERDSVILLE, KY",07/8 16:00,"DOTHAN, AL",07/9 09:00,389,538,NO NOTES,927,1.73,22,
2026-07-05T01:10:53.257068,WG,72068271,"$2,569.70","LOUISVILLE, KY",07/8 16:00,"OVERLAND PARK, KS",07/9 09:00,417,527,NO NOTES,944,2.72,50,
2026-07-05T01:10:55.975084,WG,72105244,$966.21,"LA VERGNE, TN",07/8 16:30,"BOGART, GA",07/9 08:00,348,279,"CORD11: TRUCK MUST HAVE FULL AMOUNT OF USABLE SPACE FOR THE TRUCK SIZE REQUESTED, 20FT OF USABLE SPACE, 12FT OF USABLE SPACE, 53FT OF USABLE SPACE.",627,1.54,16,
2026-07-05T01:10:59.014728,WG,72105137,"$1,141.81","GROVE CITY, OH",07/8 17:00,"WARRENDALE, PA",07/9 08:00,456,203,"PR2297: IF PALLET JACK REQUESTED NEED TO MAKE SURE IT'S ACCESSIBLE TO OFFLOAD TRK. DRIVERS MAY NEED TO OFFLOAD TRK TO DOCK AT DELIVERIES, ESPECIALLY NC AND FL.",659,1.73,21,
2026-07-05T01:11:02.085864,WG,72105336,"$1,872.41","MOUNT VERNON, IN",07/8 17:00,"SHREVEPORT, LA",07/9 07:56,519,632,PLEASE ARRIVE AT THE PICKUP IN RANGE*SET POINT 5C,1151,1.63,19,
2026-07-05T01:11:04.906781,WG,72105142,"$1,141.81","GROVE CITY, OH",07/8 17:30,"WARRENDALE, PA",07/9 08:00,456,203,"PR2297: IF PALLET JACK REQUESTED NEED TO MAKE SURE IT'S ACCESSIBLE TO OFFLOAD TRK. DRIVERS MAY NEED TO OFFLOAD TRK TO DOCK AT DELIVERIES, ESPECIALLY NC AND FL.",659,1.73,21,
2026-07-05T01:11:08.266722,WG,72103729,"$1,176.69","BROOKS, KY",07/8 18:00,"SHELBY TOWNSHIP, MI",07/9 08:00,421,401,NO NOTES,822,1.43,13,
2026-07-05T01:11:11.309177,WG,72103730,$833.66,"LOCKBOURNE, OH",07/8 18:00,"SHELBY TOWNSHIP, MI",07/9 08:00,449,240,NO NOTES,689,1.21,6,
2026-07-05T01:11:14.072855,WG,72106316,"$1,207.69","BROOKS, KY",07/8 18:00,"COLLIERVILLE, TN",07/9 09:30,421,360,IC7875: ENSURE THAT YOU HAVE THE ENTIRE BOL FILLED OUT AT THIS LOCATION.,781,1.55,16,
2026-07-05T01:11:17.182514,WG,72101658,"$1,112.44","LA VERGNE, TN",07/8 18:00,"SAINT CHARLES, MO",07/9 08:00,348,348,UP TO 10 PALLETS,696,1.60,18,
2026-07-05T01:11:19.956011,WG,72106310,"$1,359.06","BROOKS, KY",07/8 18:00,"ELK GROVE VILLAGE, IL",07/9 09:30,421,337,IC7875: ENSURE THAT YOU HAVE THE ENTIRE BOL FILLED OUT AT THIS LOCATION.,758,1.79,23,
2026-07-05T01:11:22.468796,WG,72103751,"$1,203.71","LOCKBOURNE, OH",07/8 19:00,"CHESTERFIELD, MO",07/9 09:00,449,463,NO NOTES,912,1.32,10,
2026-07-05T01:11:25.133601,WG,72103781,"$1,164.92","BROOKS, KY",07/8 19:00,"OLIVE BRANCH, MS",07/9 07:00,421,374,NO NOTES,795,1.47,14,
2026-07-05T01:11:27.799429,WG,72104399,"$1,228.16","LOCKBOURNE, OH",07/8 20:00,"LA VERGNE, TN",07/9 07:00,449,396,NO NOTES,845,1.45,14,
2026-07-05T01:11:30.534163,WG,72108269,"$1,168.65","BEDFORD, MA",07/9 09:00,"NORTHBOROUGH, MA",07/9 11:08,927,30,NO NOTES,957,1.22,7,
2026-07-05T01:11:33.236047,WG,72105812,"$1,369.87","ALLENTOWN, PA",07/9 09:00,"RENSSELAER, NY",07/9 15:08,617,218,NO NOTES,835,1.64,19,
2026-07-05T01:11:36.414387,WG,72106536,"$2,336.34","BLOOMINGTON, IN",07/9 10:00,"RENSSELAER, NY",07/10 07:00,503,839,DOCK HIGH / SEALABLE TRUCK REQUIRED - VANS ARE NOT ACCEPTABLE,1342,1.74,23,
2026-07-05T01:11:38.853553,WG,72107809,"$1,790.73","ALLENTOWN, PA",07/9 10:00,"MILTON, ON",07/10 09:15,617,401,NO NOTES,1018,1.76,23,
2026-07-05T01:11:41.267208,WG,72108371,$980.54,"LEVITTOWN, PA",07/9 10:00,"BALTIMORE, MD",07/10 12:05,640,228,TRUCK MUST PROVIDE SEAL,868,1.13,4,
2026-07-05T01:11:43.687871,WG,72108471,"$2,817.21","SYRACUSE, NY",07/9 10:30,"BROOKS, KY",07/10 08:00,791,695,DRIVER MUST HAVE A SEAL,1486,1.90,28,
2026-07-05T01:11:46.420036,WG,72108461,"$2,731.09","RENSSELAER, NY",07/9 13:00,"SAINT LOUIS, MO",07/10 12:24,834,"1,030",NO NOTES,1864,1.47,15,
2026-07-05T01:11:48.916015,WG,72108965,"$1,806.70","TAYLOR, PA",07/9 14:00,"WEST JEFFERSON, OH",07/10 10:12,658,488,UNPACK PALLET || DEL INSIDE TO 2ND FLOOR || DISPOSE OF PALLET AND TRASH || NEED HAND TRUCK,1146,1.58,18,
2026-07-05T01:11:51.315618,WG,72104657,"$1,131.50","MOUNT VERNON, IN",07/9 15:00,"OLIVE BRANCH, MS",07/10 02:00,519,302,PLEASE BE IN RANGE WHEN YOU ARRIVE AT SHIPPER**SET POINT 5C,821,1.38,11,
2026-07-05T01:11:54.031011,WG,72108237,"$2,395.07","CHICAGO, IL",07/9 17:00,"COLUMBUS, OH",07/10 01:49,734,344,ART LOAD WITH COURIER- DAVID HOLM  NO PETS NO SMOKING,1078,2.22,36,
2026-07-05T01:11:56.428441,WG,72107644,"$1,365.37","SHEPHERDSVILLE, KY",07/9 18:00,"DOTHAN, AL",07/10 09:00,389,538,BAX5100: MUST HAVE TEAM DRIVERS FOR ALL RUNS NO MATTER WHAT THE MILEAGE IS.,927,1.47,14,
2026-07-05T01:11:58.854479,WG,72105902,"$1,828.56","NEWARK, DE",07/9 18:00,"SHREWSBURY, MA",07/10 08:00,576,313,ORDER NOTE: PALLET JACK NEEDED FOR DRIVER UNLOAD,889,2.06,31,
2026-07-05T01:12:01.589950,WG,72104410,"$1,914.78","LOCKBOURNE, OH",07/9 20:00,"OVERLAND PARK, KS",07/10 12:03,449,684,NO NOTES,1133,1.69,21,
2026-07-05T01:12:07.693087,SE,72109329,"$2,021.24","TOLEDO, OH",07/5 19:00,"DES MOINES, IA",07/6 10:00,"1,742",563,NO NOTES,2305,0.88,2,
2026-07-05T01:12:10.046378,SE,72108605,"$2,764.11","WASHINGTON, DC",07/6 13:00,"COLORADO SPRINGS, CO",07/8 10:00,471,"1,653",NO NOTES,2124,1.30,11,
2026-07-05T01:12:12.425876,SE,72097285,"$1,683.40","ANDOVER, MA",07/7 08:00,"SAXONBURG, PA",07/8 08:00,936,579,NO NOTES,1515,1.11,5,
2026-07-05T01:12:14.796202,SE,72108249,$564.56,"LAUREL, MD",07/7 09:00,"LAUREL, MD",07/7 10:42,"2,091",0,NO NOTES,2091,0.27,1,
2026-07-05T01:12:17.176016,SE,72107173,"$2,181.36","LITTLETON, CO",07/7 11:00,"SAN DIEGO, CA",07/8 11:15,"1,522","1,070",NO NOTES,2592,0.84,2,
2026-07-05T01:12:19.541314,SE,72108258,"$2,478.88","FAIRMONT, WV",07/7 11:00,"GULFPORT, MS",07/8 08:51,428,957,NO NOTES,1385,1.79,24,
2026-07-05T01:12:21.931041,SE,72107352,"$1,486.61","EAST PEORIA, IL",07/7 16:00,"CLAY CENTER, KS",07/8 09:00,735,578,NO NOTES,1313,1.13,5,
2026-07-05T01:12:24.975222,SE,72109264,$594.31,"INDIANAPOLIS, IN",07/9 07:00,"INDIANAPOLIS, IN",07/9 13:07,531,106,NO NOTES,637,0.93,1,
2026-07-05T01:12:27.331600,SE,72109348,$775.21,"BOSTON, MA",07/9 09:00,"BOSTON, MA",07/9 12:00,930,109,NO NOTES,1039,0.75,1,
2026-07-05T01:12:29.740780,SE,72107915,"$2,688.39","PLANO, TX",07/9 11:00,"DANA POINT, CA",07/10 19:00,970,"1,430",NO NOTES,2400,1.12,6,
2026-07-05T01:12:32.156010,SE,72108957,"$2,753.25","SEVIERVILLE, TN",07/9 14:00,"PASADENA, TX",07/10 11:30,149,940,NO NOTES,1089,2.53,45,
2026-07-05T01:57:31.701601,WG,72109350,"$5,732.46","CHICAGO, IL",07/7 11:00,"SOUTH SAN FRANCISCO, CA",07/9 11:00,734,"2,129",NO NOTES,2863,2.00,33,
2026-07-05T14:39:50.694983,WG,72108271,"$1,166.05","NORTHBOROUGH, MA",07/10 10:30,"BEDFORD, MA",07/10 12:39,897,31,NO NOTES,928,1.26,8,
2026-07-05T16:11:29.278350,WG,72109204,"$4,209.54","KENNEDY SPACE CENTER, FL",07/10 12:00,"LITTLETON, CO",07/13 10:00,523,"1,919",NO NOTES,2442,1.72,24,
2026-07-05T16:11:32.713832,WG,72106809,$732.68,"BROOKS, KY",07/10 12:00,"BROOKS, KY",07/10 13:30,421,1,IC7875: ENSURE THAT YOU HAVE THE ENTIRE BOL FILLED OUT AT THIS LOCATION.,422,1.74,21,
2026-07-05T16:12:05.427364,SE,72109099,$528.49,"OAKLAND, CA",07/10 12:00,"OAKLAND, CA",07/10 15:53,"2,626",36,CSAFE RKN SHIPMENT TO PICK UP FREIGHT. WILL NEED TO FOLLOW SHIPPER ORIGIN INSTRUCTIONS AT ALL LOCATIONS. INSTRUCTIONS WILL BE EMAILED TO YOU,2662,0.20,1,
2026-07-05T17:45:35.861155,WG,72109351,"$1,127.85","SHEPHERDSVILLE, KY",07/8 17:00,"WARRENDALE, PA",07/9 08:00,389,417,BAX5100: ALL TAKEDA LOADS THAT ARE TEMP SHOULD BE TVAL,806,1.40,12,
2026-07-06T02:53:13.478507,SE,72109442,$446.07,"GREER, SC",07/6 07:30,"GAFFNEY, SC",07/6 09:47,"1,780",37,NO NOTES,1817,0.25,1,
2026-07-06T02:53:16.328720,SE,72109331,$451.55,"OAKLAND, CA",07/6 11:00,"FREMONT, CA",07/6 12:55,898,20,NO NOTES,918,0.49,1,
2026-07-06T05:32:06.410903,SE,72109444,$451.55,"OAKLAND, CA",07/6 11:30,"FREMONT, CA",07/6 13:25,898,20,NO NOTES,918,0.49,1,
2026-07-06T10:52:59.678371,SE,72108872,"$2,811.70","INDIANAPOLIS, IN",07/6 13:00,"OCALA, FL",07/7 13:00,537,912,NO NOTES,1449,1.94,29,
2026-07-06T11:23:23.480197,WG,72109430,$908.59,"BOSTON, MA",07/8 09:00,"BOSTON, MA",07/8 14:05,930,98,NO NOTES,1028,0.88,1,
2026-07-06T11:53:06.370370,SE,72109353,$671.93,"ALTON, IL",07/6 11:15,"FRANKLIN, KY",07/6 19:27,"1,294",315,NO NOTES,1609,0.42,1,
2026-07-06T12:28:52.833861,WG,72109334,"$1,043.39","BLAUVELT, NY",07/7 08:00,"SIDNEY, NY",07/7 12:38,732,148,C-UNITS MUST HAVE SIX PALLET SPACES AVAILABLE!,880,1.19,6,
2026-07-06T12:31:31.511371,WG,72109336,$809.06,"INDIANAPOLIS, IN",07/9 07:00,"INDIANAPOLIS, IN",07/9 12:37,531,106,CSAFE RKN SHIPMENT TO PICK UP FREIGHT. WILL NEED TO FOLLOW SHIPPER ORIGIN INSTRUCTIONS AT ALL LOCATIONS. INSTRUCTIONS WILL BE EMAILED TO YOU TEMP TRUCK SET POINT 5C AND RANGE 2-8C,637,1.27,8,
2026-07-06T12:39:17.231142,SE,72104975,"$1,513.27","SUWANEE, GA",07/9 14:00,"MILWAUKEE, WI",07/10 10:00,146,835,NO NOTES,981,1.54,16,
2026-07-06T13:08:53.893928,WG,72109477,"$1,134.95","MALVERN, PA",07/8 09:00,"RARITAN, NJ",07/8 11:52,611,65,NO NOTES,676,1.68,20,
2026-07-06T13:10:30.388380,WG,72107996,$888.27,"COLUMBUS, OH",07/9 09:00,"GRAND RAPIDS, MI",07/9 16:00,460,308,"BICOCT: TRAILERS MUST BE CLEAN, EMPTY, DRY, FREE OF STRUCTURAL DAMAGE AND NO ODORS FROM PRIOR FREIGHT. MUST HAVE TWO LOAD LOCKS IN EACH TRAILER AND FUEL TANKS 3/4 FULL PRIOR TO PICKUP ARRIVAL. ANY SHIPMENTS WITH VA-Q-TEC CONTAINERS, PLEASE MAKE SURE CONTAINERS ARE OFFLOADED AND COMPLETELY EMPTIED AT DELIVERY BEFORE BEING RELOADED ONTO TRUCK FOR RETURN TO VA-Q-TEC.",768,1.16,5,
2026-07-06T13:11:03.311637,SE,72109478,$442.85,"BURBANK, CA",07/6 11:30,"BURBANK, CA",07/6 15:00,578,4,NO NOTES,582,0.76,1,
2026-07-06T13:11:09.100895,SE,72109459,$918.04,"LEESBURG, VA",07/7 10:00,"HORSHAM, PA",07/7 16:00,465,189,ORDER NOTE: P,654,1.40,12,
2026-07-06T13:11:16.854426,SE,72109458,$761.14,"BOSTON, MA",07/8 10:19,"BOSTON, MA",07/8 12:11,930,54,CSAFE RKN SHIPMENT TO PICK UP FREIGHT. WILL NEED TO FOLLOW SHIPPER ORIGIN INSTRUCTIONS AT ALL LOCATIONS. INSTRUCTIONS WILL BE EMAILED TO YOU,984,0.77,1,
2026-07-06T13:23:16.811384,WG,72109479,"$2,198.64","WALKERSVILLE, MD",07/8 10:00,"SAINT LOUIS, MO",07/9 04:15,483,788,NO NOTES,1271,1.73,22,
2026-07-06T13:32:10.464610,SE,72109347,$761.14,"BOSTON, MA",07/7 09:56,"BOSTON, MA",07/7 15:04,930,54,NO NOTES,984,0.77,1,
2026-07-06T13:36:10.730972,WG,72109461,"$6,639.98","WALKERSVILLE, MD",07/7 09:30,"MIRA LOMA, CA",07/9 17:44,483,"2,573",NO NOTES,3056,2.17,39,
2026-07-06T13:38:55.282552,WG,72109481,,"BLOOMINGTON, IN",07/9 13:00,"SWIFTWATER, PA",07/10 08:00,0,704,NO NOTES,704,,1,
2026-07-06T13:49:53.718686,WG,72109449,"$1,204.85","SINKING SPRING, PA",07/7 07:00,"DEVENS, MA",07/7 15:31,592,330,BRCOAR: TRAILER MUST BE EMPTY OUTSIDE OF EQUIPMENT NEEDED TO SECURE. NO PLYWOOD IN TRAILER FLOORS ON REEFER LOADS.,922,1.31,10,
2026-07-06T13:51:10.700396,WG,72109450,$840.96,"CRANBURY, NJ",07/8 10:00,"RARITAN, NJ",07/8 12:07,660,29,00046768: ALL TEMP CONTROL LOADS MUST BE TVAL,689,1.22,7,
2026-07-06T13:51:47.391243,WG,72109463,"$1,514.44","GREENVILLE, NC",07/8 15:00,"PHILADELPHIA, PA",07/9 08:00,319,432,NO NOTES,751,2.02,30,
2026-07-06T13:52:47.963467,WG,72109451,$750.21,"CRANBURY, NJ",07/9 10:00,"RARITAN, NJ",07/9 12:07,660,29,00046768: ALL TEMP CONTROL LOADS MUST BE TVAL,689,1.09,3,
2026-07-06T14:09:09.083341,WG,72109452,$850.03,"CRANBURY, NJ",07/8 10:00,"RARITAN, NJ",07/8 12:07,660,29,00046768: ALL TEMP CONTROL LOADS MUST BE TVAL,689,1.23,7,
2026-07-06T14:09:33.362501,WG,72109465,"$6,340.58","FARMVILLE, NC",07/8 13:00,"AURORA, CO",07/10 09:00,308,"1,724",NO NOTES,2032,3.12,65,
2026-07-06T14:09:39.586340,WG,72109467,"$1,575.66","FORT WAYNE, IN",07/8 14:00,"GAITHERSBURG, MD",07/9 08:00,580,544,NO NOTES,1124,1.40,13,
2026-07-06T14:11:05.769400,WG,72109453,$759.28,"CRANBURY, NJ",07/9 10:00,"RARITAN, NJ",07/9 12:07,660,29,00046768: ALL TEMP CONTROL LOADS MUST BE TVAL,689,1.10,3,
2026-07-06T14:11:14.718209,WG,72109454,"$1,424.65","ALLENTOWN, PA",07/9 12:00,"LOCKBOURNE, OH",07/10 13:00,617,448,NO NOTES,1065,1.34,11,
2026-07-06T14:15:28.975737,WG,72109464,$696.25,"RALEIGH, NC",07/7 09:00,"RALEIGH, NC",07/7 11:00,"1,987",15,TRUCK MUST PROVIDE SEAL,2002,0.35,1,
2026-07-06T14:22:49.849128,WG,72109209,$922.08,"APEX, NC",07/7 09:00,"PETERSBURG, VA",07/7 13:41,211,150,NO NOTES,361,2.55,44,
2026-07-06T14:31:16.446625,WG,72109468,"$2,112.83","WILMINGTON, NC",07/8 14:00,"SOUDERTON, PA",07/9 08:00,284,533,NO NOTES,817,2.59,46,
2026-07-06T14:32:14.047989,WG,72109455,$784.18,"BALTIMORE, MD",07/9 08:00,"MACUNGIE, PA",07/9 12:27,515,139,NO NOTES,654,1.20,6,
2026-07-06T14:39:50.533495,SE,72109456,"$1,275.05","WILMINGTON, NC",07/7 17:00,"ERLANGER, KY",07/8 08:10,276,643,NO NOTES,919,1.39,12,
2026-07-06T14:52:25.248275,WG,72109469,$774.09,"KENNEDY SPACE CENTER, FL",07/9 07:00,"PALM BAY, FL",07/9 09:27,523,45,NO NOTES,568,1.36,11,
2026-07-06T15:17:42.325227,WG,72109499,"$3,807.38","LAKEWOOD, NJ",07/9 10:15,"WEST BEND, WI",07/10 09:00,677,945,NO NOTES,1622,2.35,41,
2026-07-06T15:23:46.254591,WG,72109492,"$5,196.65","LA VERGNE, TN",07/8 15:00,"SCOTTSDALE, AZ",07/10 03:18,348,"1,636",NO NOTES,1984,2.62,50,
2026-07-06T15:44:35.963931,WG,72108858,"$1,906.99","CINCINNATI, OH",07/8 13:00,"SOUDERTON, PA",07/9 07:00,436,559,NO NOTES,995,1.92,27,
2026-07-06T15:45:39.377838,WG,72109471,"$1,129.55","INDIANAPOLIS, IN",07/9 08:00,"ROUND LAKE, IL",07/9 14:26,531,232,NO NOTES,763,1.48,14,
2026-07-06T15:46:23.403906,SE,72109495,$891.97,"MECHANICSBURG, PA",07/6 14:00,"MILLBURN, NJ",07/7 09:00,"2,053",163,NO NOTES,2216,0.40,1,
2026-07-06T15:46:35.854979,SE,72109502,$949.29,"TRAFFORD, AL",07/8 09:00,"ATLANTA, GA",07/8 13:56,335,162,NO NOTES,497,1.91,26,
2026-07-06T16:00:25.584939,SE,72109472,"$2,388.36","JUPITER, FL",07/6 14:00,"DERIDDER, LA",07/7 12:55,643,"1,007",NO NOTES,1650,1.45,15,
2026-07-06T16:01:07.951538,SE,72109509,"$2,719.29","WOBURN, MA",07/10 13:00,"HUNTSVILLE, AL",07/13 11:00,929,"1,140",NO NOTES,2069,1.31,11,
2026-07-06T17:09:08.913629,WG,72109476,"$6,639.98","WALKERSVILLE, MD",07/7 15:00,"MIRA LOMA, CA",07/10 11:30,483,"2,573",NO NOTES,3056,2.17,39,
2026-07-06T17:09:27.780289,WG,72109511,$642.42,"COLUMBUS, OH",07/8 10:00,"GROVEPORT, OH",07/8 12:00,460,16,"BICOCT: TRAILERS MUST BE CLEAN, EMPTY, DRY, FREE OF STRUCTURAL DAMAGE AND NO ODORS FROM PRIOR FREIGHT. MUST HAVE TWO LOAD LOCKS IN EACH TRAILER AND FUEL TANKS 3/4 FULL PRIOR TO PICKUP ARRIVAL. ANY SHIPMENTS WITH VA-Q-TEC CONTAINERS, PLEASE MAKE SURE CONTAINERS ARE OFFLOADED AND COMPLETELY EMPTIED AT DELIVERY BEFORE BEING RELOADED ONTO TRUCK FOR RETURN TO VA-Q-TEC.",476,1.35,10,
2026-07-06T17:30:10.895203,WG,72109559,$858.81,"ROBBINSVILLE, NJ",07/8 11:00,"ALLENTOWN, PA",07/8 14:04,650,74,NO NOTES,724,1.19,6,
2026-07-06T18:10:58.560942,SE,72109543,"$2,949.48","LEWISVILLE, TX",07/7 09:15,"MIAMI, FL",07/8 15:27,978,"1,349",NO NOTES,2327,1.27,10,
2026-07-06T18:31:18.509085,WG,72109542,"$1,735.61","ALLENTOWN, PA",07/9 10:00,"CHARLESTOWN, IN",07/10 08:00,617,652,L1244392: TEAM DRIVERS ONLY FOR ALL TAKEDA RUNS,1269,1.37,12,
2026-07-06T18:42:57.766305,WG,72109563,"$3,044.38","LITTLETON, CO",07/7 10:00,"MOUNT VERNON, WA",07/8 17:18,"1,523","1,401",NO NOTES,2924,1.04,4,
2026-07-06T18:44:42.239477,WG,72109545,"$1,102.59","OLIVE BRANCH, MS",07/8 17:00,"LA VERGNE, TN",07/9 07:00,535,233,NO NOTES,768,1.44,13,
2026-07-06T18:50:58.094000,WG,72109580,"$1,002.35","GREENCASTLE, PA",07/8 08:00,"DURHAM, NC",07/9 08:00,481,333,NO NOTES,814,1.23,7,
2026-07-06T19:17:40.952197,SE,72109546,"$2,333.91","NORWOOD, NJ",07/7 21:00,"LOCKBOURNE, OH",07/8 18:00,726,553,NO NOTES,1279,1.82,25,
2026-07-06T19:43:42.666630,WG,72109552,$609.05,"BREINIGSVILLE, PA",07/8 09:00,"SOMERSET, NJ",07/8 12:30,617,73,NO NOTES,690,0.88,1,
2026-07-06T19:51:09.057707,WG,72109571,"$1,923.89","MORRISVILLE, NC",07/8 13:00,"MACUNGIE, PA",07/9 08:00,226,446,NO NOTES,672,2.86,54,
2026-07-06T19:52:34.943806,WG,72109554,"$1,299.31","ALLENTOWN, PA",07/9 12:00,"LOCKBOURNE, OH",07/10 08:00,617,448,L1244392: TEAM DRIVERS ONLY FOR ALL TAKEDA RUNS,1065,1.22,7,
2026-07-06T20:15:33.125282,WG,72109585,"$1,119.49","CAPITOL HEIGHTS, MD",07/8 03:00,"SNOWSHOE, WV",07/8 12:30,483,237,NO NOTES,720,1.55,16,
2026-07-06T20:16:04.018525,WG,72109586,"$2,822.60","BELLAIRE, TX",07/8 10:00,"NORTH CHICAGO, IL",07/9 11:32,979,"1,130",NO NOTES,2109,1.34,12,
2026-07-06T20:18:05.005003,SE,72109584,"$1,002.91","FORT WAYNE, IN",07/8 08:00,"ENDICOTT, NY",07/9 08:00,571,564,NO NOTES,1135,0.88,1,
2026-07-06T20:31:21.022757,WG,72109573,$950.24,"LOUISVILLE, KY",07/9 15:00,"GROVEPORT, OH",07/9 22:00,417,217,NO NOTES,634,1.50,15,
2026-07-06T21:08:51.082905,WG,72109590,"$2,843.00","MALVERN, PA",07/8 10:30,"MEMPHIS, TN",07/9 11:21,611,"1,027",NO NOTES,1638,1.74,23,
2026-07-06T21:38:37.728897,SE,72109621,$627.55,"TERRE HAUTE, IN",07/7 10:30,"CLINTON, IN",07/7 12:25,595,20,NO NOTES,615,1.02,1,
2026-07-06T22:36:35.885244,WG,72109627,$632.96,"MONTCLAIR, CA",07/8 11:00,"SANTA FE SPRINGS, CA",07/8 12:00,"2,315",28,NO NOTES,2343,0.27,1,
2026-07-06T22:36:54.777901,WG,72109637,"$2,595.07","ALLENTOWN, PA",07/8 13:00,"LA VERGNE, TN",07/9 09:30,617,792,NO NOTES,1409,1.84,26,
2026-07-06T22:38:27.536964,SE,72109605,$568.45,"DURHAM, NC",07/8 08:00,"RALEIGH, NC",07/8 12:00,219,31,NO NOTES,250,2.27,36,
2026-07-06T22:50:33.337420,WG,72109628,"$1,737.58","FLORENCE, SC",07/8 10:00,"CINCINNATI, OH",07/9 08:00,171,604,NO NOTES,775,2.24,36,
2026-07-06T23:09:57.942579,WG,72109632,"$3,278.21","CENTRAL ISLIP, NY",07/9 14:00,"LEBANON, OH",07/10 08:00,769,667,"FOR THE DELIVERY IT IS TO GO TO MASON,OH 45036 NOT LEBONON,OHIO ADDRESS IS 4200 BINION WAY MASON,OHIO 45036",1436,2.28,39,
2026-07-06T23:29:07.704836,WG,72109639,$901.55,"ALLENTOWN, PA",07/8 08:00,"NEW CASTLE, DE",07/8 11:30,617,85,NO NOTES,702,1.28,9,
2026-07-06T23:29:42.870251,WG,72109633,"$1,955.67","LOUISVILLE, KY",07/8 13:00,"CARY, NC",07/9 08:00,417,556,NOTE: PLEASE ADVISE DRIVERS THEY CANNOT ARRIVE IN THE PARKING LOT UNTIL 15 MINUTES PRIOR TO THEIR SCHEDULED PICKUP TIME.,973,2.01,30,
2026-07-06T23:31:06.078087,WG,72109608,"$2,207.64","CALEDONIA, MI",07/9 15:00,"RENSSELAER, NY",07/10 08:52,747,770,NO NOTES,1517,1.46,15,
2026-07-06T23:43:39.557127,WG,72109640,"$2,223.69","ALLENTOWN, PA",07/8 11:00,"BROOKS, KY",07/9 09:00,617,660,NO NOTES,1277,1.74,23,
2026-07-06T23:43:47.368983,WG,72109635,"$4,820.45","BETHLEHEM, PA",07/8 13:00,"BASTROP, TX",07/10 09:00,636,"1,682",IC7875: ENSURE THAT YOU HAVE THE ENTIRE BOL FILLED OUT AT THIS LOCATION.,2318,2.08,34,
2026-07-07T01:03:07.254139,WG,72109614,"$1,492.27","MEMPHIS, TN",07/9 15:00,"WHITESTOWN, IN",07/10 07:01,544,495,"L1228142: TRACTOR SHIPMENTS MUST BE ABLE TO ACCOMODATE 26 PALLETS, NEED TO HAVE 53' OF SPACE, NO PALLET JACKS",1039,1.44,13,
2026-07-07T12:10:09.464689,WG,72109652,"$1,946.94","MEMPHIS, TN",07/9 13:30,"ORLANDO, FL",07/10 08:00,544,757,"L1228142: TRACTOR SHIPMENTS MUST BE ABLE TO ACCOMODATE 26 PALLETS, NEED TO HAVE 53' OF SPACE, NO PALLET JACKS",1301,1.50,16,
2026-07-07T13:15:06.118991,WG,72109715,"$4,762.57","COLUMBIA, SC",07/8 08:00,"BASTROP, TX",07/9 09:40,98,"1,136","F1048784: CUSTOMER REQUIRES HIGH CUBE TRAILER, NEEDS TO BE 5312++ OR FCR900 SERIES TRAILER. DISPATCH MUST REVIEW!",1234,3.86,74,
2026-07-07T13:17:06.906481,WG,72109661,"$1,771.36","KANSAS CITY, MO",07/9 12:00,"ROCKFORD, IL",07/10 10:00,906,482,NO NOTES,1388,1.28,9,
2026-07-07T13:24:24.987583,SE,72109708,"$2,343.88","BROWNSVILLE, TX",07/7 13:00,"CULLMAN, AL",07/8 13:19,"1,319","1,073",NO NOTES,2392,0.98,2,
2026-07-07T13:59:37.221522,SE,72109691,"$1,922.74","FREDERICK, MD",07/9 13:00,"VALMEYER, IL",07/10 08:00,480,810,NO NOTES,1290,1.49,15,
2026-07-07T14:08:16.811142,WG,72109721,$919.05,"ELIZABETH, NJ",07/8 09:00,"ALLENTOWN, PA",07/8 12:22,702,88,NO NOTES,790,1.16,5,
2026-07-07T14:44:44.747931,WG,72109535,"$2,241.44","SHEPHERDSVILLE, KY",07/9 11:00,"FLOWER MOUND, TX",07/10 06:22,389,840,NO NOTES,1229,1.82,25,
2026-07-07T14:45:25.049139,SE,72109664,$767.64,"RIVERDALE, IL",07/9 09:00,"KINGSBURY, IN",07/9 11:45,699,59,NO NOTES,758,1.01,1,
2026-07-07T15:22:14.345356,WG,72107579,"$1,706.99","INDIANAPOLIS, IN",07/8 09:00,"MCPHERSON, KS",07/9 08:30,529,668,"L1218217: TRAILER MUST BE EMPTY AND NO PERSONAL ITEMS, OR PALLET JACK, SECUREMENT ITEMS ONLY",1197,1.43,13,
2026-07-07T15:23:16.201022,WG,72109737,"$1,118.58","KANKAKEE, IL",07/9 08:30,"LODI, WI",07/9 14:39,681,219,NO NOTES,900,1.24,8,
2026-07-07T15:31:11.822906,SE,72109758,"$1,181.25","PAULSBORO, NJ",07/8 10:00,"ELYRIA, OH",07/9 08:30,606,446,NO NOTES,1052,1.12,4,
2026-07-07T15:35:56.218110,WG,72109667,"$10,201.61","RANCHO CORDOVA, CA",07/7 15:00,"EAST WINDSOR, NJ",07/10 08:00,"2,622","2,824",NO NOTES,5446,1.87,34,
2026-07-07T15:36:30.408297,WG,72109589,"$6,632.25","MECHANICSBURG, PA",07/8 10:45,"AURORA, CO",07/9 22:29,533,"1,609",NO NOTES,2142,3.10,65,
2026-07-07T15:50:31.084341,WG,72109733,"$2,282.58","SCOTTSDALE, AZ",07/8 10:00,"LITTLETON, CO",07/9 10:00,"2,021",840,NO NOTES,2861,0.80,2,
2026-07-07T15:50:49.397915,WG,72109762,"$1,219.19","ERIE, PA",07/8 14:00,"INDIANAPOLIS, IN",07/9 08:00,637,407,NO NOTES,1044,1.17,6,
2026-07-07T15:51:53.674999,WG,72109730,"$1,804.48","SHEPHERDSVILLE, KY",07/9 12:00,"SHREVEPORT, LA",07/10 09:00,389,732,NO NOTES,1121,1.61,19,
2026-07-07T16:01:37.618942,WG,72109745,"$3,663.29","ROCKFORD, IL",07/8 12:00,"SOUDERTON, PA",07/9 09:00,795,836,NO NOTES,1631,2.25,38,
2026-07-07T16:09:20.464743,WG,72109751,"$2,329.88","NEW BRUNSWICK, NJ",07/8 13:30,"MIDDLETON, WI",07/9 11:02,674,942,NO NOTES,1616,1.44,14,
2026-07-07T16:23:31.061500,WG,72109784,"$2,232.74","FISHERS, IN",07/9 09:00,"EAST GREENBUSH, NY",07/10 03:24,537,795,NO NOTES,1332,1.68,21,
2026-07-07T16:30:11.991224,WG,72109769,$888.93,"MOUNT VERNON, IN",07/9 08:30,"BROOKS, KY",07/9 14:30,519,153,**PLEASE BE SURE YOU ARE IN RANGE WHEN YOU ARRIVE* SET POINT 5C**,672,1.32,10,
2026-07-07T16:43:48.086552,WG,72109770,"$4,955.36","SHEPHERDSVILLE, KY",07/8 16:00,"TEMECULA, CA",07/10 14:30,389,"2,115",BAX5100: MUST HAVE TEAM DRIVERS FOR ALL RUNS NO MATTER WHAT THE MILEAGE IS.,2504,1.98,32,
2026-07-07T16:44:39.893237,WG,72104629,"$3,017.86","OLIVE BRANCH, MS",07/9 13:00,"PHILADELPHIA, PA",07/10 12:24,535,"1,030",NO NOTES,1565,1.93,29,
2026-07-07T16:45:07.671964,SE,72109719,"$1,129.40","DULUTH, GA",07/7 14:00,"ALLIANCE, OH",07/8 05:55,152,678,NO NOTES,830,1.36,11,
2026-07-07T16:58:26.269320,WG,72109771,"$1,486.67","FISHERS, IN",07/9 08:00,"ROCKFORD, IL",07/9 15:17,537,272,NO NOTES,809,1.84,25,
2026-07-07T16:59:17.959423,WG,72109817,"$1,784.86","LOCKBOURNE, OH",07/9 18:00,"NEWARK, DE",07/10 08:00,449,467,IC7875: ENSURE THAT YOU HAVE THE ENTIRE BOL FILLED OUT AT THIS LOCATION.,916,1.95,28,
2026-07-07T16:59:40.700907,SE,72109773,"$2,853.14","FARMERS BRANCH, TX",07/8 10:00,"MIRAMAR, FL",07/9 15:18,967,"1,307",NO NOTES,2274,1.25,10,
2026-07-07T17:09:06.860459,WG,72109822,"$3,034.53","EAST GREENBUSH, NY",07/8 10:00,"CALEDONIA, MI",07/9 08:00,840,774,NO NOTES,1614,1.88,27,
2026-07-07T17:09:44.118154,WG,72054778,"$1,341.74","BROOKS, KY",07/8 17:00,"PITTSBURGH, PA",07/9 08:00,421,393,NO NOTES,814,1.65,19,
2026-07-07T17:11:05.217527,SE,72109818,"$1,866.66","SKOKIE, IL",07/7 15:00,"GRIFFIN, GA",07/8 09:01,728,777,NO NOTES,1505,1.24,8,
2026-07-07T17:29:01.672578,WG,72109820,"$5,250.00","NORTH RIDGEVILLE, OH",07/8 08:00,"AMARILLO, TX",07/9 13:07,575,"1,298","HAZMAT REROUTE- FROM SHIPPER, RATHER THAN REMAINING ON OH-83 TAKE RAMP FOR OH-10 TO I-80 E. TAKE EXIT 161 FOR I-71 S. PLEASE ALSO TAKE THE I-270 OUTER LOOP AROUND SAINT LOUIS, THE I-44 OUTER LOOP AROUND TULSA AND I-40 AROUND OKLAHOMA CITY.",1873,2.80,55,
2026-07-07T17:30:13.243704,WG,72109595,$627.43,"COLUMBUS, OH",07/9 09:00,"WEST CHESTER, OH",07/9 14:30,460,92,"BICOCT: TRAILERS MUST BE CLEAN, EMPTY, DRY, FREE OF STRUCTURAL DAMAGE AND NO ODORS FROM PRIOR FREIGHT. MUST HAVE TWO LOAD LOCKS IN EACH TRAILER AND FUEL TANKS 3/4 FULL PRIOR TO PICKUP ARRIVAL. ANY SHIPMENTS WITH VA-Q-TEC CONTAINERS, PLEASE MAKE SURE CONTAINERS ARE OFFLOADED AND COMPLETELY EMPTIED AT DELIVERY BEFORE BEING RELOADED ONTO TRUCK FOR RETURN TO VA-Q-TEC.",552,1.14,4,
2026-07-07T17:44:26.835804,WG,72109878,$642.23,"COLUMBUS, OH",07/9 09:00,"LOCKBOURNE, OH",07/9 11:00,460,19,"BICOCT: TRAILERS MUST BE CLEAN, EMPTY, DRY, FREE OF STRUCTURAL DAMAGE AND NO ODORS FROM PRIOR FREIGHT. MUST HAVE TWO LOAD LOCKS IN EACH TRAILER AND FUEL TANKS 3/4 FULL PRIOR TO PICKUP ARRIVAL. ANY SHIPMENTS WITH VA-Q-TEC CONTAINERS, PLEASE MAKE SURE CONTAINERS ARE OFFLOADED AND COMPLETELY EMPTIED AT DELIVERY BEFORE BEING RELOADED ONTO TRUCK FOR RETURN TO VA-Q-TEC.",479,1.34,10,
2026-07-07T17:44:43.308279,WG,72109594,"$2,196.50","COLUMBUS, OH",07/9 10:00,"ORLANDO, FL",07/10 08:00,460,961,NO NOTES,1421,1.55,17,
2026-07-07T17:52:09.301310,SE,72109887,$664.36,"PISCATAWAY, NJ",07/7 14:30,"NEW YORK, NY",07/7 16:56,687,44,LVBILL2: ALL DRIVERS MUST READ AND FOLLOW THESE SECURITY MEASURES ON ALL LOUIS VUITTON SHIPMENTS,731,0.91,1,
2026-07-07T18:10:23.845893,WG,72109858,"$4,149.53","COLUMBUS, OH",07/10 10:00,"TEMPE, AZ",07/13 08:00,460,"1,864","BICOCT: TRAILERS MUST BE CLEAN, EMPTY, DRY, FREE OF STRUCTURAL DAMAGE AND NO ODORS FROM PRIOR FREIGHT. MUST HAVE TWO LOAD LOCKS IN EACH TRAILER AND FUEL TANKS 3/4 FULL PRIOR TO PICKUP ARRIVAL. ANY SHIPMENTS WITH VA-Q-TEC CONTAINERS, PLEASE MAKE SURE CONTAINERS ARE OFFLOADED AND COMPLETELY EMPTIED AT DELIVERY BEFORE BEING RELOADED ONTO TRUCK FOR RETURN TO VA-Q-TEC.",2324,1.79,26,
2026-07-07T18:16:21.798153,WG,72109860,"$2,284.05","NEW BRUNSWICK, NJ",07/9 09:00,"NORTH CHICAGO, IL",07/10 09:00,674,832,BRCOAR: TRAILER MUST BE EMPTY OUTSIDE OF EQUIPMENT NEEDED TO SECURE. NO PLYWOOD IN TRAILER FLOORS ON REEFER LOADS.,1506,1.52,16,
2026-07-07T18:17:13.523380,SE,72109888,"$2,236.22","DOWNERS GROVE, IL",07/8 11:00,"CLEARWATER, FL",07/9 14:10,724,"1,207",NO NOTES,1931,1.16,6,
2026-07-07T18:30:30.001377,WG,72109825,"$1,400.65","MONTPELIER, VT",07/9 08:00,"STRATFORD, CT",07/9 15:52,"1,026",253,DRIVER MUST HAVE BIRTH CERTIFICATE OR PASSPORT FOR DELIVERY. THEY WILL TURN THEM AWAY IF THEY DON'T HAVE ONE OF THESE,1279,1.10,4,
2026-07-07T18:45:32.324332,SE,72109862,$849.94,"CAMDEN, NJ",07/9 08:00,"CHESAPEAKE, VA",07/9 15:17,619,272,NO NOTES,891,0.95,1,
2026-07-07T18:52:10.199584,SE,72109831,$683.06,"CLEVELAND, OH",07/8 07:00,"CINCINNATI, OH",07/8 14:00,589,250,NO NOTES,839,0.81,1,
2026-07-07T19:09:55.928538,SE,72109906,"$2,293.86","VAN WERT, OH",07/8 08:00,"GRIFFIN, GA",07/9 00:30,569,641,NO NOTES,1210,1.90,27,
2026-07-07T19:15:07.319479,WG,72109180,"$1,248.60","OLIVE BRANCH, MS",07/8 09:30,"BROOKS, KY",07/9 10:00,535,374,NO NOTES,909,1.37,11,
2026-07-07T19:22:25.982801,WG,72109908,"$1,535.34","PHILADELPHIA, PA",07/8 15:00,"GREENVILLE, NC",07/9 11:00,628,432,NO NOTES,1060,1.45,14,
2026-07-07T19:37:48.352866,WG,72109909,$664.64,"SHEPHERDSVILLE, KY",07/9 18:30,"LA VERGNE, TN",07/10 07:00,389,171,BAX5100: ALL TAKEDA LOADS THAT ARE TEMP SHOULD BE TVAL,560,1.19,6,
2026-07-07T19:43:14.991035,WG,72106207,$928.89,"LOCKBOURNE, OH",07/8 12:00,"GROVEPORT, OH",07/8 14:00,449,7,IC7875: ENSURE THAT YOU HAVE THE ENTIRE BOL FILLED OUT AT THIS LOCATION.,456,2.04,30,
2026-07-07T19:44:35.793778,WG,72104423,"$1,514.63","LOCKBOURNE, OH",07/9 20:00,"PHILADELPHIA, PA",07/10 09:00,449,484,C-UNITS MUST HAVE SIX PALLET SPACES AVAILABLE!,933,1.62,19,
2026-07-07T19:56:54.181359,WG,72109875,"$2,551.70","BROOKS, KY",07/7 20:00,"SIOUX FALLS, SD",07/8 16:03,421,872,IC7875: ENSURE THAT YOU HAVE THE ENTIRE BOL FILLED OUT AT THIS LOCATION.,1293,1.97,29,
2026-07-07T20:10:14.093925,SE,72109104,"$1,496.16","WORCESTER, MA",07/12 16:00,"ROCHESTER, NY",07/13 01:31,888,354,NO NOTES,1242,1.20,7,
2026-07-07T20:43:49.784840,WG,72109958,"$1,018.13","LOCKBOURNE, OH",07/9 08:00,"BROOKS, KY",07/9 14:00,449,221,IC7875: ENSURE THAT YOU HAVE THE ENTIRE BOL FILLED OUT AT THIS LOCATION.,670,1.52,15,
2026-07-07T21:09:58.925303,SE,72109947,$661.78,"BARTLETT, IL",07/8 09:00,"CHILLICOTHE, IL",07/8 13:22,744,135,ORDER NOTE: ALL DOMESTIC FREIGHT MUST BE BILLED COLLECT TO CATERPILLAR,879,0.75,1,
2026-07-07T21:37:21.818972,WG,72109950,"$1,726.36","LA VERGNE, TN",07/9 16:00,"DES PLAINES, IL",07/10 05:26,348,514,NO NOTES,862,2.00,30,
2026-07-07T21:44:06.173798,WG,72109934,"$2,319.91","BLOOMINGTON, IN",07/9 12:00,"RENSSELAER, NY",07/10 08:00,508,837,NO NOTES,1345,1.72,22,
2026-07-07T21:58:29.238830,WG,72109917,"$2,135.19","PLEASANT PRAIRIE, WI",07/9 12:00,"NEWARK, DE",07/10 08:00,773,801,"L1218217: TRAILER MUST BE EMPTY AND NO PERSONAL ITEMS, OR PALLET JACK, SECUREMENT ITEMS ONLY",1574,1.36,12,
2026-07-07T22:08:10.170370,WG,72109597,"$1,869.50","BROOKS, KY",07/8 12:00,"HORSHAM, PA",07/9 08:00,421,683,NO NOTES,1104,1.69,21,
2026-07-07T22:38:14.405001,SE,72072805,"$2,404.37","OKLAHOMA CITY, OK",07/12 18:30,"EL PASO, TX",07/13 11:30,"1,021",674,BASEBALL EQ PCS & WGT MAY VARIE . MAY NEED TO ASSIST IN LOADING/UNLOADING,1695,1.42,14,
2026-07-07T22:38:17.013025,SE,72084513,"$3,277.23","WEST SACRAMENTO, CA",07/12 18:30,"ALBUQUERQUE, NM",07/13 19:01,"2,626","1,082",BASEBALL EQ/ PCS & WGT VARY/ MAY HAVE TO ASSIST WITH LOADING/UNLOADING,3708,0.88,3,
2026-07-07T22:50:14.265974,WG,72109968,"$2,685.85","BEDFORD, NH",07/8 13:00,"INDIANAPOLIS, IN",07/9 11:19,958,979,NO NOTES,1937,1.39,13,
2026-07-07T23:10:31.300934,SE,72108606,"$2,858.24","COLORADO SPRINGS, CO",07/12 19:00,"WASHINGTON, DC",07/14 08:00,"1,491","1,651",NO NOTES,3142,0.91,2,
2026-07-07T23:23:16.072649,WG,72109970,"$2,415.81","ATHENS, GA",07/9 13:00,"SAINT JOSEPH, MO",07/10 09:51,127,910,REQUIRES FULL 20FT OF USABLE LENGTH,1037,2.33,39,
2026-07-08T00:30:31.465227,WG,72109998,"$2,228.17","BROOKS, KY",07/9 15:00,"NEW CASTLE, DE",07/10 08:00,421,682,NO NOTES,1103,2.02,30,
2026-07-08T00:44:11.257940,WG,72109953,"$2,228.17","BROOKS, KY",07/9 15:00,"NEW CASTLE, DE",07/10 08:00,421,682,NO NOTES,1103,2.02,30,
2026-07-08T00:50:09.865944,WG,72109990,"$2,678.97","PHILADELPHIA, PA",07/8 20:45,"INDIANAPOLIS, IN",07/9 12:31,628,671,NO NOTES,1299,2.06,32,
2026-07-08T01:29:26.363372,WG,72109935,$860.93,"LOUISVILLE, KY",07/9 09:30,"BROOKS, KY",07/9 11:16,414,13,NO NOTES,427,2.02,29,
2026-07-08T10:15:33.685032,WG,72109513,$596.53,"COLUMBUS, OH",07/9 10:00,"LOCKBOURNE, OH",07/9 12:30,460,19,"BICOCT: TRAILERS MUST BE CLEAN, EMPTY, DRY, FREE OF STRUCTURAL DAMAGE AND NO ODORS FROM PRIOR FREIGHT. MUST HAVE TWO LOAD LOCKS IN EACH TRAILER AND FUEL TANKS 3/4 FULL PRIOR TO PICKUP ARRIVAL. ANY SHIPMENTS WITH VA-Q-TEC CONTAINERS, PLEASE MAKE SURE CONTAINERS ARE OFFLOADED AND COMPLETELY EMPTIED AT DELIVERY BEFORE BEING RELOADED ONTO TRUCK FOR RETURN TO VA-Q-TEC.",479,1.25,7,
2026-07-08T10:15:45.185914,WG,72109514,"$2,861.61","PLAINFIELD, IN",07/9 11:00,"DOTHAN, AL",07/10 09:00,539,690,NO NOTES,1229,2.33,40,
2026-07-08T10:16:17.234434,WG,72109606,"$2,794.47","LOUISVILLE, KY",07/9 17:00,"FORT WORTH, TX",07/10 12:55,417,866,NO NOTES,1283,2.18,35,
2026-07-08T10:22:17.468889,WG,72109629,$602.04,"COLUMBUS, OH",07/9 09:00,"PATASKALA, OH",07/9 11:45,460,32,"BICOCT: TRAILERS MUST BE CLEAN, EMPTY, DRY, FREE OF STRUCTURAL DAMAGE AND NO ODORS FROM PRIOR FREIGHT. MUST HAVE TWO LOAD LOCKS IN EACH TRAILER AND FUEL TANKS 3/4 FULL PRIOR TO PICKUP ARRIVAL. ANY SHIPMENTS WITH VA-Q-TEC CONTAINERS, PLEASE MAKE SURE CONTAINERS ARE OFFLOADED AND COMPLETELY EMPTIED AT DELIVERY BEFORE BEING RELOADED ONTO TRUCK FOR RETURN TO VA-Q-TEC.",492,1.22,7,
2026-07-08T10:42:48.826498,WG,72109994,$580.13,"NEW BRUNSWICK, NJ",07/8 10:00,"BREINIGSVILLE, PA",07/8 11:30,674,77,BRCOAR: TRAILER MUST BE EMPTY OUTSIDE OF EQUIPMENT NEEDED TO SECURE. NO PLYWOOD IN TRAILER FLOORS ON REEFER LOADS.,751,0.77,1,
2026-07-08T10:50:42.303750,WG,72109995,$946.16,"NEW BRUNSWICK, NJ",07/9 10:00,"BREINIGSVILLE, PA",07/9 11:30,674,77,BRCOAR: TRAILER MUST BE EMPTY OUTSIDE OF EQUIPMENT NEEDED TO SECURE. NO PLYWOOD IN TRAILER FLOORS ON REEFER LOADS.,751,1.26,8,
2026-07-08T11:37:01.117459,WG,72110039,"$1,427.63","GREENCASTLE, PA",07/9 11:00,"PORTSMOUTH, NH",07/10 08:00,481,495,00139985: TCU MUST REMAIN RUNNING WHILE LOADING,976,1.46,14,
2026-07-08T11:37:47.053677,WG,72110038,"$1,251.95","MEMPHIS, TN",07/9 19:00,"GROVEPORT, OH",07/10 11:00,544,588,"L1228142: TRACTOR SHIPMENTS MUST BE ABLE TO ACCOMODATE 26 PALLETS, NEED TO HAVE 53' OF SPACE, NO PALLET JACKS",1132,1.11,4,
2026-07-08T11:44:52.176390,SE,72110022,$853.20,"ROCHESTER, NH",07/8 11:23,"MONTPELIER, VT",07/8 16:09,993,154,NO NOTES,1147,0.74,1,
2026-07-08T11:44:54.657269,SE,72109984,$440.53,"FORT WAYNE, IN",07/9 08:00,"ALBION, IN",07/9 10:05,575,28,NO NOTES,603,0.73,1,
2026-07-08T11:45:02.197227,SE,72109983,$440.53,"FORT WAYNE, IN",07/9 08:00,"ALBION, IN",07/9 10:05,575,28,NO NOTES,603,0.73,1,
2026-07-08T12:03:05.189218,WG,72109809,"$1,629.76","WATERLOO, IN",07/13 08:00,"UNIONTOWN, PA",07/13 17:04,636,356,NO NOTES,992,1.64,19,
2026-07-08T12:09:44.541681,WG,72105160,"$1,135.87","GROVE CITY, OH",07/13 08:00,"WHITESTOWN, IN",07/13 14:00,677,198,"PR2297: IF PALLET JACK REQUESTED NEED TO MAKE SURE IT'S ACCESSIBLE TO OFFLOAD TRK. DRIVERS MAY NEED TO OFFLOAD TRK TO DOCK AT DELIVERIES, ESPECIALLY NC AND FL.",875,1.30,9,
2026-07-08T12:15:38.563089,WG,72110024,"$1,079.63","CHARLESTON, SC",07/9 09:30,"WILMINGTON, NC",07/9 14:37,207,170,NO NOTES,377,2.86,53,
2026-07-08T12:31:47.444007,SE,72110025,$573.55,"SMITHFIELD, NC",07/13 08:00,"SALISBURY, NC",07/13 12:49,"1,152",156,NO NOTES,1308,0.44,1,
2026-07-08T12:37:44.797177,WG,72109572,"$3,459.41","PHILADELPHIA, PA",07/13 08:30,"BROOKS, KY",07/14 08:30,"1,154",698,NO NOTES,1852,1.87,27,
2026-07-08T12:37:47.615540,WG,72108897,"$1,644.92","GREENCASTLE, PA",07/13 08:30,"WALTHAM, MA",07/14 09:00,"1,016",441,NO NOTES,1457,1.13,5,
2026-07-08T12:43:20.225562,WG,72110000,$775.84,"FLORENCE, SC",07/9 08:00,"GREENVILLE, NC",07/9 13:00,171,191,NO NOTES,362,2.14,33,
2026-07-08T12:50:33.990938,WG,72110045,"$1,075.98","NORTH CHARLESTON, SC",07/9 08:30,"WILMINGTON, NC",07/9 13:47,196,178,NO NOTES,374,2.88,53,
2026-07-08T13:01:19.792571,WG,72110046,"$1,075.98","NORTH CHARLESTON, SC",07/9 08:00,"WILMINGTON, NC",07/9 13:17,196,178,NO NOTES,374,2.88,53,
2026-07-08T13:02:17.751423,WG,72109959,"$3,342.67","KANSAS CITY, MO",07/9 12:00,"WESCOSVILLE, PA",07/10 13:05,906,"1,109",NO NOTES,2015,1.66,21,
2026-07-08T13:03:12.440727,WG,72109692,"$2,909.69","LAFAYETTE, IN",07/13 09:00,"QUAKERTOWN, PA",07/14 08:00,469,704,NO NOTES,1173,2.48,44,
2026-07-08T13:03:16.401370,WG,72102685,"$2,644.17","LA VERGNE, TN",07/13 09:00,"FAIRFIELD, NJ",07/14 05:03,626,872,"CORD11: TRUCK MUST HAVE FULL AMOUNT OF USABLE SPACE FOR THE TRUCK SIZE REQUESTED, 20FT OF USABLE SPACE, 12FT OF USABLE SPACE, 53FT OF USABLE SPACE.",1498,1.77,24,
2026-07-08T13:03:20.632050,WG,72105813,"$1,462.29","ALLENTOWN, PA",07/13 09:00,"RENSSELAER, NY",07/13 15:08,"1,120",218,NO NOTES,1338,1.09,4,
2026-07-08T13:03:24.828585,WG,72108276,"$2,232.74","FISHERS, IN",07/13 09:00,"EAST GREENBUSH, NY",07/14 08:00,508,795,NO NOTES,1303,1.71,22,
2026-07-08T13:03:28.255459,WG,72105803,"$1,545.87","PHILADELPHIA, PA",07/13 09:00,"RENSSELAER, NY",07/13 15:07,"1,154",217,NO NOTES,1371,1.13,5,
2026-07-08T13:03:34.304873,WG,72108273,"$2,285.62","FISHERS, IN",07/13 09:00,"TARRYTOWN, NY",07/14 08:30,508,774,NO NOTES,1282,1.78,24,
2026-07-08T13:29:49.931572,WG,72110029,"$1,733.72","MANCHESTER, PA",07/9 11:00,"GROVE CITY, OH",07/10 08:00,559,388,"GSCOCT: ALL LOADS WITH DRIVER SECURE PROGRAM MUST BE TEAM DRIVERS, NO SOLO DRIVERS. MUST BE 3/4 FUELED PRIOR TO PICKUP ARRIVAL.",947,1.83,25,
2026-07-08T13:36:37.455985,WG,72110032,"$3,409.55","CHARLESTON, SC",07/9 10:00,"MOUNT PROSPECT, IL",07/10 09:00,207,942,NO NOTES,1149,2.97,58,
2026-07-08T13:38:24.643051,WG,72060334,"$2,091.53","LOUISVILLE, KY",07/13 09:30,"OLIVE BRANCH, MS",07/14 07:00,573,382,"TVAL 36-46 C SP 40 C, DRIVER SECURE, NON HAZ PHARMACEUTICALS",955,2.19,35,
2026-07-08T13:38:31.868808,SE,72110033,$529.32,"BENWOOD, WV",07/8 11:00,"AKRON, OH",07/8 14:51,510,111,NO NOTES,621,0.85,1,
2026-07-08T13:43:22.968295,WG,72110004,"$3,397.72","GREENVILLE, NC",07/9 09:00,"MCKINNEY, TX",07/10 13:23,319,"1,264",NO NOTES,1583,2.15,35,
2026-07-08T13:45:32.385792,SE,72110003,$698.23,"AMESBURY, MA",07/9 12:00,"WINDSOR, CT",07/9 16:18,957,132,NO NOTES,1089,0.64,1,
2026-07-08T13:52:26.088160,SE,72110005,$499.01,"DALLAS, TX",07/10 10:00,"FORT WORTH, TX",07/10 12:09,545,31,NO NOTES,576,0.87,1,
2026-07-08T13:59:21.219970,SE,72110065,"$1,343.41","PLANO, TX",07/9 18:00,"JACKSON, MO",07/10 08:32,521,613,DRIVER WILL NEED TO LOAD THEIR OWN TRUCK FROM THE DOCK. A PALLET JACK WILL BE PROVIDED.,1134,1.18,6,
2026-07-08T14:03:04.188859,WG,72108877,"$7,154.79","SAN DIEGO, CA",07/13 10:00,"PHILADELPHIA, PA",07/16 08:00,"1,691","2,750","ORDER NOTE: ANY INCIDENT IN TRANSPORT (TRANSFER OF MATERIAL IN TRANSIT, ACCIDENTS) GSK MUST BE NOTIFIED WITHIN 24 HOURS OF THE INCIDENT WITH THE RELEVANT DETAILS FOR ASSESSMENT. IF MATERIALS SHOULD BE TRANSFERRED, MATERIAL CANNOT BE TRANSFERRED UNDER DIRECT SUNLIGHT. IF SEALS ARE REMOVED, ALL SEAL NUMBERS AND TIMESTAMPS OF REMOVAL AND ADDITION MUST BE PROVIDED TO GSK. NOTIFY CRIS.X.AGONOY@GSK.COM, RENE.R.EDWARDS@GSK.COM",4441,1.61,23,
2026-07-08T14:03:07.831769,WG,72109497,"$3,016.10","EAST GREENBUSH, NY",07/13 10:00,"EDEN PRAIRIE, MN",07/14 13:59,"1,286","1,245",NO NOTES,2531,1.19,8,
2026-07-08T14:09:31.644291,WG,72110067,"$9,538.36","WILMINGTON, NC",07/10 14:00,"RENO, NV",07/13 11:00,"1,226","2,773",NO NOTES,3999,2.39,47,
2026-07-08T14:14:58.867576,WG,72110050,"$1,412.62","BROOKS, KY",07/9 08:00,"CHARLOTTE, NC",07/10 08:00,421,479,IC7875: ENSURE THAT YOU HAVE THE ENTIRE BOL FILLED OUT AT THIS LOCATION.,900,1.57,17,
2026-07-08T14:37:43.603192,WG,72109996,"$2,238.24","NEW BRUNSWICK, NJ",07/13 10:30,"MOUNT VERNON, IN",07/14 09:00,"1,190",852,BRCOAR: TRAILER MUST BE EMPTY OUTSIDE OF EQUIPMENT NEEDED TO SECURE. NO PLYWOOD IN TRAILER FLOORS ON REEFER LOADS.,2042,1.10,5,
2026-07-08T14:37:52.795898,SE,72110051,"$1,582.23","TERRE HAUTE, IN",07/8 14:00,"SALEM, VA",07/9 03:17,595,554,NO NOTES,1149,1.38,12,
2026-07-08T14:45:49.079773,SE,72110012,"$1,941.62","SOUTH ELGIN, IL",07/8 14:00,"GRIFFIN, GA",07/9 08:27,749,797,NO NOTES,1546,1.26,9,
2026-07-08T14:45:55.289065,SE,72110080,$739.39,"MECHANICSBURG, PA",07/8 16:00,"MILLBURN, NJ",07/9 09:00,533,163,NO NOTES,696,1.06,2,
2026-07-08T14:58:32.611034,WG,72110052,"$6,589.44","PAULSBORO, NJ",07/13 08:00,"RICHLAND, WA",07/16 09:00,"1,147","2,703",NO NOTES,3850,1.71,26,
2026-07-08T15:01:52.155102,WG,72110013,"$3,747.78","ROCKFORD, IL",07/9 11:00,"NEW BRUNSWICK, NJ",07/10 09:00,795,867,NO NOTES,1662,2.25,38,
2026-07-08T15:03:13.004247,WG,72102672,$898.95,"LA VERGNE, TN",07/13 11:00,"MEMPHIS, TN",07/13 16:58,626,210,UP TO 6 PALLETS,836,1.08,3,
2026-07-08T15:03:15.744994,WG,72109929,"$5,321.56","SAN DIEGO, CA",07/13 11:00,"PLAINFIELD, IN",07/15 08:47,"1,691","2,082",NO NOTES,3773,1.41,16,
2026-07-08T15:10:10.783529,WG,72109507,"$2,532.50","SAINT LOUIS, MO",07/13 11:00,"WEST POINT, PA",07/14 08:00,306,888,NO NOTES,1194,2.12,34,
2026-07-08T15:10:20.241523,SE,72110089,"$1,065.01","HIGH POINT, NC",07/8 12:30,"CLEVELAND, OH",07/9 07:00,154,478,NO NOTES,632,1.69,20,
2026-07-08T15:17:06.565155,SE,72110092,"$2,067.84","MILLBURN, NJ",07/8 18:00,"INDIANAPOLIS, IN",07/9 10:32,692,707,NO NOTES,1399,1.48,15,
2026-07-08T15:24:51.321842,SE,72110095,"$4,891.19","TITUSVILLE, FL",07/10 13:00,"CHATSWORTH, CA",07/13 11:00,"1,339","2,578",NO NOTES,3917,1.25,11,
2026-07-08T15:29:09.620254,WG,72110097,$871.76,"DAVENPORT, IA",07/9 08:30,"CORDOVA, IL",07/9 11:00,836,23,L1238923: NO PETS,859,1.01,1,
2026-07-08T15:43:55.729786,WG,72106772,"$1,620.32","OLIVE BRANCH, MS",07/9 13:00,"INDIANAPOLIS, IN",07/10 08:00,594,467,NO NOTES,1061,1.53,16,
2026-07-08T15:58:42.020730,WG,72110117,$820.30,"BROOKS, KY",07/9 20:00,"GROVE CITY, OH",07/10 08:30,578,211,IC7875: ENSURE THAT YOU HAVE THE ENTIRE BOL FILLED OUT AT THIS LOCATION.,789,1.04,2,
2026-07-08T16:16:33.514544,WG,72110110,"$4,705.79","SAN DIEGO, CA",07/10 13:00,"SHEPHERDSVILLE, KY",07/13 08:00,"1,713","2,130",BAX5100: MUST HAVE TEAM DRIVERS FOR ALL RUNS NO MATTER WHAT THE MILEAGE IS.,3843,1.22,10,
2026-07-08T16:16:55.436879,WG,72110016,"$7,315.79","THOUSAND OAKS, CA",07/13 11:00,"ALLENTOWN, PA",07/16 08:00,"1,680","2,729","ASCOSY: NO ROLL UP DOORS ALLOWED ON TRAILERS, MUST HAVE SWING DOORS.",4409,1.66,25,
2026-07-08T16:16:58.970258,WG,72109549,"$1,828.24","BLOOMINGTON, IN",07/13 12:00,"BETHLEHEM, PA",07/14 07:00,524,695,NO NOTES,1219,1.50,16,
2026-07-08T16:17:02.213902,WG,72109587,"$1,080.84","BLOOMINGTON, IN",07/13 12:00,"MOUNT PROSPECT, IL",07/13 19:01,524,260,NO NOTES,784,1.38,11,
2026-07-08T16:17:07.879245,WG,72109570,"$1,973.06","BLOOMINGTON, IN",07/13 12:00,"ALLENTOWN, PA",07/14 14:00,524,674,THERE WILL BE REEFER DETENTION TIME ADDED FROM 6/30 0800-1400 LOCAL OR WHEN YOU GET UNLOADED-IT WILL BE ADDED AFTER THE LOAD IS COMPLETE,1198,1.65,20,
2026-07-08T16:17:10.881891,WG,72109943,"$7,038.62","SAN DIEGO, CA",07/13 12:00,"BETHLEHEM, PA",07/16 09:00,"1,691","2,737",NO NOTES,4428,1.59,23,
2026-07-08T16:17:40.782958,SE,72110111,$677.60,"SALT LAKE CITY, UT",07/9 14:00,"OGDEN, UT",07/9 16:15,"1,024",36,NO NOTES,1060,0.64,1,
2026-07-08T16:17:59.789091,SE,72108798,"$2,533.84","ROSEVILLE, MN",07/13 12:00,"BROOKS, KY",07/14 08:00,426,719,NO NOTES,1145,2.21,36,
2026-07-08T16:28:56.799880,WG,72110081,"$2,128.76","JETMORE, KS",07/8 16:00,"GRAPEVINE, TX",07/9 09:00,"1,220",466,NO NOTES,1686,1.26,9,
2026-07-08T16:29:46.283861,WG,72110113,"$3,513.45","ROCKFORD, IL",07/9 12:30,"FREDERICK, MD",07/10 09:30,795,740,NO NOTES,1535,2.29,39,
2026-07-08T16:37:32.089921,WG,72110056,"$6,454.89","NEWARK, DE",07/13 10:00,"JACKSON, WY",07/15 11:00,"1,140","2,115",NO NOTES,3255,1.98,33,
2026-07-08T16:51:47.922123,WG,72110158,"$4,695.32","BROOKS, KY",07/10 15:00,"TEMPE, AZ",07/13 11:00,578,"1,722",IC7875: ENSURE THAT YOU HAVE THE ENTIRE BOL FILLED OUT AT THIS LOCATION.,2300,2.04,33,
2026-07-08T16:58:21.290319,WG,72110115,"$4,537.96","OXNARD, CA",07/10 18:30,"LONGMONT, CO",07/11 21:00,"1,696","1,099",RUBEN CABADA DLV 1900 DLV SAT PLS CALL RUBEN WHEN YOU PICKUP TO ENSURE NO ADDITIONAL INSTRUCTIONS SUITE 100,2795,1.62,21,
2026-07-08T17:03:20.742934,WG,72109017,"$1,296.88","CALEDONIA, MI",07/13 13:00,"ROCKFORD, IL",07/14 09:00,648,272,NO NOTES,920,1.41,13,
2026-07-08T17:03:23.854694,WG,72107571,"$1,357.34","SHEPHERDSVILLE, KY",07/13 13:00,"DOTHAN, AL",07/14 09:00,583,538,BAX5100: MUST HAVE TEAM DRIVERS FOR ALL RUNS NO MATTER WHAT THE MILEAGE IS.,1121,1.21,7,
2026-07-08T17:10:07.144089,WG,72107662,"$1,357.34","SHEPHERDSVILLE, KY",07/13 13:00,"DOTHAN, AL",07/14 09:00,583,538,BAX5100: MUST HAVE TEAM DRIVERS FOR ALL RUNS NO MATTER WHAT THE MILEAGE IS.,1121,1.21,7,
2026-07-08T17:10:12.509591,WG,72109660,"$2,222.85","SHEPHERDSVILLE, KY",07/13 13:00,"EAST WINDSOR, NJ",07/14 05:58,583,727,NO NOTES,1310,1.70,21,
2026-07-08T17:10:23.030293,SE,72110122,"$1,651.03","MEMPHIS, TN",07/8 14:00,"ALBION, IN",07/9 04:52,545,629,TRUCK MUST HAVE LOGOS ON ALL SIDES,1174,1.41,13,
2026-07-08T17:10:57.356571,SE,72059807,"$5,749.24","OKLAHOMA CITY, OK",07/13 13:00,"TACOMA, WA",07/15 09:09,388,"2,005","OKL2SO: BASEBALL EQUIPMENT/DRIVER MAY BE REQUESTED TO HELP WITH LOADING/UNLOADING/PCS,WT MAY VARY",2393,2.40,44,
2026-07-08T17:16:49.872979,WG,72110036,"$1,906.44","NORFOLK, VA",07/13 13:00,"SHAW AFB, SC",07/14 08:00,"1,206",370,NO NOTES,1576,1.21,7,
2026-07-08T17:31:53.622952,SE,72110106,$514.71,"UPTON, KY",07/13 07:00,"FRANKLIN, KY",07/13 12:40,623,75,NO NOTES,698,0.74,1,
2026-07-08T17:36:27.837005,WG,72110124,"$1,767.38","SOLON, OH",07/9 11:00,"ITASCA, IL",07/10 10:00,574,380,00165525: DO NOT PICKUP OR DELIVER EARLY FOR THIS CUSTOMER. YOU MUST ADHERE TO ALL POSTED TIMES. YOU WILL BE REQUIRED TO LOAD AND OFFLOAD FREIGHT FOR THIS CUSTOMER. THIS CUSTOMER REQUIRES INSIDE DELIVERY - THIS MUST BE ADHERED TO EVERY TIME. IF A QOC IS DISPATCHED PLEASE REITERATE THIS AND HAVE IT SIGNED OFF ON.,954,1.85,25,
2026-07-08T17:38:55.508140,SE,72109948,"$2,184.21","INDIANAPOLIS, IN",07/13 13:30,"ANDOVER, MA",07/14 11:21,495,957,NO NOTES,1452,1.50,16,
2026-07-08T17:58:47.751261,WG,72110140,"$1,828.24","BLOOMINGTON, IN",07/13 12:00,"BETHLEHEM, PA",07/14 07:00,524,695,NO NOTES,1219,1.50,16,
2026-07-08T18:03:05.251799,WG,72109980,"$2,292.41","BROOKS, KY",07/13 14:00,"LAKEWOOD, NJ",07/14 08:00,578,739,IC7875: ENSURE THAT YOU HAVE THE ENTIRE BOL FILLED OUT AT THIS LOCATION.,1317,1.74,23,
2026-07-08T18:03:08.946882,WG,72102601,"$1,667.85","LA VERGNE, TN",07/13 14:00,"RALEIGH, NC",07/14 08:00,626,522,"CORD11: TRUCK MUST HAVE FULL AMOUNT OF USABLE SPACE FOR THE TRUCK SIZE REQUESTED, 20FT OF USABLE SPACE, 12FT OF USABLE SPACE, 53FT OF USABLE SPACE.",1148,1.45,14,
2026-07-08T18:03:13.169442,WG,72102661,"$1,860.93","LA VERGNE, TN",07/13 14:00,"MONROEVILLE, PA",07/14 08:00,626,587,"CORD11: TRUCK MUST HAVE FULL AMOUNT OF USABLE SPACE FOR THE TRUCK SIZE REQUESTED, 20FT OF USABLE SPACE, 12FT OF USABLE SPACE, 53FT OF USABLE SPACE.",1213,1.53,17,
2026-07-08T18:03:16.770810,WG,72105285,"$2,549.04","LA VERGNE, TN",07/13 14:00,"AMBLER, PA",07/14 08:49,626,814,"CORD11: TRUCK MUST HAVE FULL AMOUNT OF USABLE SPACE FOR THE TRUCK SIZE REQUESTED, 20FT OF USABLE SPACE, 12FT OF USABLE SPACE, 53FT OF USABLE SPACE.",1440,1.77,24,
2026-07-08T18:03:32.139280,SE,72109001,$811.30,"TEMPE, AZ",07/9 11:00,"CARLSBAD, CA",07/10 11:00,"2,011",383,NO NOTES,2394,0.34,1,
2026-07-08T18:09:23.463705,WG,72110143,"$5,885.24","NEW BRUNSWICK, NJ",07/10 13:30,"SAN DIEGO, CA",07/13 12:00,"1,190","2,788",NO NOTES,3978,1.48,19,
2026-07-08T18:10:06.578850,WG,72110066,"$6,370.25","LOCKBOURNE, OH",07/13 14:00,"MONTCLAIR, CA",07/15 14:54,686,"2,228",IC7875: ENSURE THAT YOU HAVE THE ENTIRE BOL FILLED OUT AT THIS LOCATION.,2914,2.19,39,
2026-07-08T18:10:14.536354,WG,72108825,"$3,215.25","KANSAS CITY, MO",07/13 14:00,"ZEBULON, NC",07/14 14:44,75,"1,092",NO NOTES,1167,2.76,52,
2026-07-08T18:10:21.744176,WG,72109653,"$2,670.04","RENO, NV",07/13 14:00,"SCOTTSDALE, AZ",07/14 12:00,"1,537",752,REF: K4 SHIPMENT PPS TBD (RE: SHIPMENT REQUEST TO TRIALCARD ON 13 JUL 2026),2289,1.17,7,
2026-07-08T18:23:06.918897,WG,72110185,$940.44,"INDIANAPOLIS, IN",07/10 07:15,"LOUISVILLE, KY",07/10 11:24,507,125,NO NOTES,632,1.49,14,
2026-07-08T18:24:51.247290,SE,72110146,"$2,200.18","CANONSBURG, PA",07/13 08:00,"DALLAS, TX",07/14 11:08,842,"1,205",NO NOTES,2047,1.07,4,
2026-07-08T18:38:00.322036,WG,72095752,"$3,119.10","GLENCOE, MN",07/13 14:30,"BRANCHBURG, NJ",07/14 18:12,450,"1,232","CUSTOMER REQUIRES TEMPERATURE PRINTOUT AT DELIVERY ARRIVAL, ALSO NOTATE DOORS OPENED/CLOSED TIMES ON BOL",1682,1.85,27,
2026-07-08T18:50:49.340074,WG,72110154,"$1,089.12","MALVERN, PA",07/10 09:00,"RARITAN, NJ",07/10 11:52,"1,122",65,NO NOTES,1187,0.92,1,
2026-07-08T18:50:52.135026,WG,72110156,"$1,089.12","MALVERN, PA",07/10 09:15,"RARITAN, NJ",07/10 12:07,"1,122",65,NO NOTES,1187,0.92,1,
2026-07-08T18:52:10.202640,SE,72110153,"$1,033.31","WEST GREENWICH, RI",07/9 10:00,"ELIZABETH, NJ",07/9 15:43,869,175,ORDER NOTE: 1,1044,0.99,1,
2026-07-08T19:03:04.151511,WG,72102694,"$1,681.21","LA VERGNE, TN",07/13 15:00,"MOUNT PROSPECT, IL",07/14 07:00,626,516,UP TO 6 PALLETS,1142,1.47,15,
2026-07-08T19:03:07.218017,WG,72105647,"$1,916.50","MEMPHIS, TN",07/13 15:00,"CANFIELD, OH",07/14 08:32,591,754,"L1228142: TRACTOR SHIPMENTS MUST BE ABLE TO ACCOMODATE 26 PALLETS, NEED TO HAVE 53' OF SPACE, NO PALLET JACKS",1345,1.42,14,
2026-07-08T19:09:48.591928,WG,72108367,"$1,880.71","SHEPHERDSVILLE, KY",07/13 15:00,"NEWARK, DE",07/14 08:00,583,678,SHIPPER WILL HAVE AN ESCORT TRUCK FOLLOW FOR FIRST 100 MILES.OR THE WHOLE TRIP;CONF #:,1261,1.49,15,
2026-07-08T19:09:51.331012,WG,72107179,"$1,126.44","MOUNT VERNON, IN",07/13 15:00,"OLIVE BRANCH, MS",07/14 02:00,459,302,PLEASE BE IN RANGE WHEN YOU ARRIVE AT SHIPPER**SET POINT 5C,761,1.48,14,
2026-07-08T19:09:53.986760,WG,72105133,"$2,342.65","LA VERGNE, TN",07/13 15:00,"RICHARDSON, TX",07/14 09:00,626,684,"CORD11: TRUCK MUST HAVE FULL AMOUNT OF USABLE SPACE FOR THE TRUCK SIZE REQUESTED, 20FT OF USABLE SPACE, 12FT OF USABLE SPACE, 53FT OF USABLE SPACE.",1310,1.79,24,
2026-07-08T19:09:58.753759,WG,72097303,"$2,965.34","CHICAGO, IL",07/13 15:00,"LINCOLN, NE",07/14 20:42,490,841,"TR30SU: PLEASE USE STRAPS AT ALL TIMES, CALL TCI WITH ANY EXCEPTIONS DURING BUSINESS HOURS ONLY",1331,2.23,37,
2026-07-08T19:10:01.780890,WG,72108048,"$2,342.65","LA VERGNE, TN",07/13 15:00,"RICHARDSON, TX",07/14 09:00,626,684,"CORD11: TRUCK MUST HAVE FULL AMOUNT OF USABLE SPACE FOR THE TRUCK SIZE REQUESTED, 20FT OF USABLE SPACE, 12FT OF USABLE SPACE, 53FT OF USABLE SPACE.",1310,1.79,24,
2026-07-08T19:10:05.656879,WG,72109772,"$1,474.42","LOCKBOURNE, OH",07/13 15:00,"ROCKFORD, IL",07/14 09:00,686,419,IC7875: ENSURE THAT YOU HAVE THE ENTIRE BOL FILLED OUT AT THIS LOCATION.,1105,1.33,11,
2026-07-08T19:15:46.400920,WG,72110220,"$2,633.67","PHILADELPHIA, PA",07/9 15:00,"INDIANAPOLIS, IN",07/10 08:00,"1,154",671,NO NOTES,1825,1.44,15,
2026-07-08T19:22:57.100077,WG,72110192,$992.49,"TRENTON, NJ",07/10 11:00,"HORSHAM, PA",07/10 13:13,"1,174",34,NO NOTES,1208,0.82,1,
2026-07-08T19:24:21.487220,WG,72109564,$993.78,"RICHLAND, MS",07/13 15:15,"MEMPHIS, TN",07/13 21:15,750,207,NO NOTES,957,1.04,2,
2026-07-08T19:29:09.905981,WG,72110221,"$2,531.71","SAN ANTONIO, TX",07/9 08:00,"DULUTH, GA",07/10 20:21,"1,166","1,021","L1163385: TRAILERS MUST BE CLEAN, EMPTY, DRY, FREE OF STRUCTURAL DAMAGE AND NO ODORS FROM PRIOR FREIGHT. MUST HAVE TWO LOAD LOCKS IN EACH TRAILER AND FUEL TANKS 3/4 FULL PRIOR TO PICKUP ARRIVAL.",2187,1.16,7,
2026-07-08T19:37:10.842778,WG,72110223,"$3,309.15","BRIGHTON, MI",07/13 11:00,"CANTON, MA",07/14 08:00,721,838,NO NOTES,1559,2.12,34,
2026-07-08T19:43:46.108426,WG,72110201,"$1,772.26","MORRISVILLE, NC",07/9 15:30,"ALLENTOWN, PA",07/10 14:00,"1,112",447,ORDER NOTE: SHIPMENT # 2015 CM525039,1559,1.14,5,
2026-07-08T19:59:30.732733,SE,72078122,"$3,594.15","LAS VEGAS, NV",07/12 19:00,"TACOMA, WA",07/13 21:24,"1,385","1,147",BASEBALL EQ PCS & WEIGHT WILL VARY/ MAY HAVE TO HELP WITH LOADING/UNLOADING EQUIPMENT,2532,1.42,15,
2026-07-08T20:03:22.519385,WG,72109634,$902.76,"LA VERGNE, TN",07/13 16:00,"COLLIERVILLE, TN",07/14 09:00,626,219,"CORD11: TRUCK MUST HAVE FULL AMOUNT OF USABLE SPACE FOR THE TRUCK SIZE REQUESTED, 20FT OF USABLE SPACE, 12FT OF USABLE SPACE, 53FT OF USABLE SPACE.",845,1.07,3,
2026-07-08T20:03:25.264538,WG,72108063,$908.69,"LA VERGNE, TN",07/13 16:00,"OLIVE BRANCH, MS",07/14 09:00,626,233,"CORD11: TRUCK MUST HAVE FULL AMOUNT OF USABLE SPACE FOR THE TRUCK SIZE REQUESTED, 20FT OF USABLE SPACE, 12FT OF USABLE SPACE, 53FT OF USABLE SPACE.",859,1.06,2,
2026-07-08T20:03:34.308029,SE,72110195,"$1,590.91","SMYRNA, GA",07/9 08:00,"CALIFORNIA, MD",07/10 08:00,176,642,NO NOTES,818,1.94,28,
2026-07-08T20:08:00.488292,WG,72109176,"$4,261.73","GENOA, IL",07/8 21:00,"NEW ORLEANS, LA",07/9 19:30,769,971,NO NOTES,1740,2.45,44,
2026-07-08T20:09:37.922869,WG,72110205,"$7,265.07","WORCESTER, MA",07/13 13:00,"SOUTH SAN FRANCISCO, CA",07/16 13:00,"1,397","3,072",NO NOTES,4469,1.63,24,
2026-07-08T20:10:45.411815,WG,72105277,$908.69,"LA VERGNE, TN",07/13 16:00,"OLIVE BRANCH, MS",07/14 09:00,626,233,"CORD11: TRUCK MUST HAVE FULL AMOUNT OF USABLE SPACE FOR THE TRUCK SIZE REQUESTED, 20FT OF USABLE SPACE, 12FT OF USABLE SPACE, 53FT OF USABLE SPACE.",859,1.06,2,
2026-07-08T20:22:22.947586,WG,72110231,"$2,458.08","BROOKS, KY",07/9 15:00,"WEST HAVEN, CT",07/10 10:08,578,829,NO NOTES,1407,1.75,23,
2026-07-08T20:38:12.956895,SE,72110208,"$1,780.76","SHARON HILL, PA",07/8 18:00,"NASHVILLE, TN",07/9 12:26,610,796,NO NOTES,1406,1.27,9,
2026-07-08T20:44:15.855035,WG,72110238,"$4,002.34","PHILADELPHIA, PA",07/13 11:00,"KANSAS CITY, MO",07/14 12:56,"1,154","1,149",NO NOTES,2303,1.74,24,
2026-07-08T21:00:57.203182,WG,72105526,"$1,192.33","MEMPHIS, TN",07/9 08:00,"CHESTERFIELD, MO",07/9 16:09,544,313,"L1228142: TRACTOR SHIPMENTS MUST BE ABLE TO ACCOMODATE 26 PALLETS, NEED TO HAVE 53' OF SPACE, NO PALLET JACKS",857,1.39,12,
2026-07-08T21:03:09.516165,WG,72105272,$882.44,"LA VERGNE, TN",07/13 17:00,"SHEPHERDSVILLE, KY",07/14 07:00,626,171,"CORD11: TRUCK MUST HAVE FULL AMOUNT OF USABLE SPACE FOR THE TRUCK SIZE REQUESTED, 20FT OF USABLE SPACE, 12FT OF USABLE SPACE, 53FT OF USABLE SPACE.",797,1.11,4,
2026-07-08T21:03:12.902357,WG,72100128,"$1,393.92","BROOKS, KY",07/13 17:00,"OLIVE BRANCH, MS",07/14 08:59,578,377,IC7875: ENSURE THAT YOU HAVE THE ENTIRE BOL FILLED OUT AT THIS LOCATION.,955,1.46,14,
2026-07-08T21:03:16.784132,WG,72105748,"$2,661.14","GROVE CITY, OH",07/13 17:00,"CHESAPEAKE, VA",07/14 08:00,677,568,"ORDER NOTE: PALLET JACK REQUIRED, DRIVER UNLOAD",1245,2.14,34,
2026-07-08T21:03:19.427118,WG,72104824,"$4,014.26","ROANOKE, TX",07/13 17:00,"SUNNYVALE, CA",07/15 11:00,568,"1,661","FOR NOVEMBER 27TH, 2024, OUR DOCK HOURS WILL BE 6AM-12PM PST FOR HAZMAT.",2229,1.80,26,
2026-07-08T21:10:05.796717,WG,72099527,"$1,121.34","SHEPHERDSVILLE, KY",07/13 17:00,"WARRENDALE, PA",07/14 08:00,583,417,BAX5100: ALL TAKEDA LOADS THAT ARE TEMP SHOULD BE TVAL,1000,1.12,4,
2026-07-08T21:10:14.727013,WG,72104120,"$2,053.76","LOCKBOURNE, OH",07/13 17:00,"OLIVE BRANCH, MS",07/14 09:00,686,594,IC7875: ENSURE THAT YOU HAVE THE ENTIRE BOL FILLED OUT AT THIS LOCATION.,1280,1.60,19,
2026-07-08T21:18:15.275119,SE,72110236,$683.66,"BOSTON, MA",07/13 09:00,"BOSTON, MA",07/13 14:00,"1,438",77,NO NOTES,1515,0.45,1,
2026-07-08T21:42:45.295317,WG,72110277,"$4,136.46","PHOENIX, AZ",07/9 08:00,"BUTTE, MT",07/10 09:28,"2,019","1,127",NO NOTES,3146,1.31,12,
2026-07-08T22:02:04.796255,WG,72110279,"$1,479.08","BROOKS, KY",07/9 19:30,"SALEM, VA",07/10 05:58,578,422,IC7875: ENSURE THAT YOU HAVE THE ENTIRE BOL FILLED OUT AT THIS LOCATION.,1000,1.48,15,
2026-07-08T22:03:54.402887,WG,72100122,$999.08,"BROOKS, KY",07/13 18:00,"LA VERGNE, TN",07/14 07:00,578,176,IC7875: ENSURE THAT YOU HAVE THE ENTIRE BOL FILLED OUT AT THIS LOCATION.,754,1.33,10,
2026-07-08T22:03:57.488012,WG,72102652,"$6,256.75","LA VERGNE, TN",07/13 18:00,"REDLANDS, CA",07/15 13:45,626,"1,986",ORDER NOTE: FDCC TO CONTACT 909-796-7171 TO CONFIRM DELIVERY DATE/TIME.,2612,2.40,45,
2026-07-08T22:04:00.453065,WG,72100112,"$1,159.95","BROOKS, KY",07/13 18:00,"ELK GROVE VILLAGE, IL",07/14 09:00,578,337,IC7875: ENSURE THAT YOU HAVE THE ENTIRE BOL FILLED OUT AT THIS LOCATION.,915,1.27,8,
2026-07-08T22:08:22.814216,WG,72110242,"$2,158.85","BROOKS, KY",07/9 16:00,"WILMINGTON, DE",07/10 08:03,578,684,IC7875: ENSURE THAT YOU HAVE THE ENTIRE BOL FILLED OUT AT THIS LOCATION.,1262,1.71,22,
2026-07-08T22:08:31.994628,WG,72110260,"$1,009.24","BROOKS, KY",07/9 20:00,"HUNTINGTON, WV",07/10 08:00,578,200,IC7875: ENSURE THAT YOU HAVE THE ENTIRE BOL FILLED OUT AT THIS LOCATION.,778,1.30,9,
2026-07-08T22:10:09.052350,WG,72105165,"$1,904.23","GROVE CITY, OH",07/13 18:00,"BURR RIDGE, IL",07/14 08:30,677,330,ORDER NOTE: DRIVER UNLOAD,1007,1.89,27,
2026-07-08T22:31:12.876619,WG,72110281,"$1,395.50","BROOKS, KY",07/13 18:00,"COLLIERVILLE, TN",07/14 09:30,578,360,IC7875: ENSURE THAT YOU HAVE THE ENTIRE BOL FILLED OUT AT THIS LOCATION.,938,1.49,15,
2026-07-08T22:31:15.306530,WG,72110280,"$1,353.55","BROOKS, KY",07/13 18:00,"ELK GROVE VILLAGE, IL",07/14 09:30,578,337,IC7875: ENSURE THAT YOU HAVE THE ENTIRE BOL FILLED OUT AT THIS LOCATION.,915,1.48,15,
2026-07-08T22:43:02.761303,WG,72110261,$759.06,"CHICAGO, IL",07/9 09:00,"WOOD DALE, IL",07/9 12:00,734,9,NO NOTES,743,1.02,1,
2026-07-08T22:59:18.179929,WG,72110244,"$1,711.99","TEMPE, AZ",07/13 18:30,"SANTA FE SPRINGS, CA",07/14 11:30,"1,234",375,NO NOTES,1609,1.06,3,
2026-07-08T23:10:05.635753,WG,72100117,"$1,710.52","BROOKS, KY",07/13 19:00,"DOTHAN, AL",07/14 09:00,578,543,IC7875: ENSURE THAT YOU HAVE THE ENTIRE BOL FILLED OUT AT THIS LOCATION.,1121,1.53,16,
2026-07-08T23:10:08.429523,WG,72105258,"$1,883.53","LA VERGNE, TN",07/13 19:00,"CANFIELD, OH",07/14 08:26,626,561,"CORD11: TRUCK MUST HAVE FULL AMOUNT OF USABLE SPACE FOR THE TRUCK SIZE REQUESTED, 20FT OF USABLE SPACE, 12FT OF USABLE SPACE, 53FT OF USABLE SPACE.",1187,1.59,18,
2026-07-08T23:10:11.723333,WG,72108126,"$1,728.88","KERNERSVILLE, NC",07/13 19:00,"VALDOSTA, GA",07/14 08:00,"1,030",501,DO NOT ARRIVE MORE THAN 30 MINUTES PRIOR TO THE SCHEDULED PICKUP TIME,1531,1.13,5,
2026-07-08T23:10:14.665388,WG,72107287,"$3,810.59","BRANCHBURG, NJ",07/13 19:00,"LEWISVILLE, TX",07/14 09:00,"1,177","1,530",NO NOTES,2707,1.41,15,
2026-07-09T00:03:05.433705,WG,72108911,"$2,940.51","SALEM, OR",07/13 20:00,"SANTA CLARA, CA",07/14 11:00,"1,791",615,POISON INHALATION HAZARD SHIPMENT,2406,1.22,9,
2026-07-09T00:03:08.183212,WG,72110282,"$1,588.58","BROOKS, KY",07/13 20:00,"CORAOPOLIS, PA",07/14 13:35,578,403,IC7875: ENSURE THAT YOU HAVE THE ENTIRE BOL FILLED OUT AT THIS LOCATION.,981,1.62,19,
2026-07-09T00:14:58.654943,WG,72110250,"$2,452.20","BROOKS, KY",07/9 12:00,"DALLAS, TX",07/10 09:00,421,827,IC7875: ENSURE THAT YOU HAVE THE ENTIRE BOL FILLED OUT AT THIS LOCATION.,1248,1.96,29,
2026-07-09T00:38:02.853824,WG,72109931,"$1,053.18","MEMPHIS, TN",07/13 20:30,"CHESTERFIELD, MO",07/14 08:00,591,313,"L1228142: TRACTOR SHIPMENTS MUST BE ABLE TO ACCOMODATE 26 PALLETS, NEED TO HAVE 53' OF SPACE, NO PALLET JACKS",904,1.17,5,
2026-07-09T08:16:52.161318,SE,72110262,$440.53,"FORT WAYNE, IN",07/9 08:00,"ALBION, IN",07/9 10:06,575,28,NO NOTES,603,0.73,1,
2026-07-09T11:09:51.099310,WG,72107530,$787.28,"BROOKS, KY",07/14 07:00,"WEST CHESTER, OH",07/14 11:19,578,133,NO NOTES,711,1.11,4,
2026-07-09T11:23:44.149407,WG,72110027,$853.79,"INDIANAPOLIS, IN",07/14 07:15,"LOUISVILLE, KY",07/14 11:24,507,125,NO NOTES,632,1.35,10,
2026-07-09T11:49:54.558914,WG,72110268,$784.89,"OAKLAND, CA",07/9 11:00,"AUBURN, CA",07/9 15:12,"2,626",127,NO NOTES,2753,0.29,1,
2026-07-09T11:50:26.794957,WG,72110274,$837.68,"CINCINNATI, OH",07/13 10:00,"BROOKS, KY",07/13 14:04,613,121,NO NOTES,734,1.14,5,
2026-07-09T12:03:28.681230,WG,72103726,"$1,094.18","LOCKBOURNE, OH",07/14 08:00,"BROOKS, KY",07/14 14:12,686,221,NO NOTES,907,1.21,7,
2026-07-09T12:03:31.972858,WG,72105830,"$4,774.27","GROVE CITY, OH",07/14 08:00,"BOCA RATON, FL",07/15 09:08,677,"1,111","ORDER NOTE: DRIVER UNLOAD, PALLET JACK NEEDED OR SHIPMENT MAY BE REFUSED",1788,2.67,51,
2026-07-09T12:10:06.227923,WG,72109945,"$1,156.15","BALTIMORE, MD",07/14 08:00,"WILSON, NC",07/15 09:00,"1,078",294,NO NOTES,1372,0.84,1,
2026-07-09T12:10:09.205249,WG,72109720,"$1,934.60","DULUTH, GA",07/14 08:00,"FORT WORTH, TX",07/15 09:00,860,851,TRUCK WILL NEED TO BE PRE-COOLED PRIOR TO PICKUP AND CONTINUOUSLY RUN.,1711,1.13,5,
2026-07-09T12:29:02.530779,WG,72110251,"$3,175.16","CORDOVA, IL",07/9 12:00,"DELTA, PA",07/10 07:49,359,861,L1238923: NO PETS,1220,2.60,48,
2026-07-09T12:38:06.773594,WG,72110054,"$2,024.02","CINCINNATI, OH",07/14 08:30,"MEMPHIS, TN",07/15 09:00,620,481,NO NOTES,1101,1.84,25,
2026-07-09T12:45:58.447180,SE,72101703,"$2,355.13","FREEPORT, ME",07/14 08:00,"CLINTON, IN",07/15 09:50,"1,548","1,144",NO NOTES,2692,0.87,2,
2026-07-09T13:03:38.062638,WG,72109489,"$1,167.97","LAKEWOOD, NJ",07/14 09:00,"OLYPHANT, PA",07/14 13:38,"1,201",148,NO NOTES,1349,0.87,1,
2026-07-09T13:03:44.872526,SE,72110290,"$2,902.80","CAMDEN, NJ",07/9 12:30,"NEW ORLEANS, LA",07/10 15:47,"1,149","1,212",NO NOTES,2361,1.23,9,
2026-07-09T13:10:12.152558,WG,72110109,"$1,137.91","BALTIMORE, MD",07/14 09:00,"PHILADELPHIA, PA",07/14 12:56,"1,078",115,NO NOTES,1193,0.95,1,
2026-07-09T13:10:15.028339,WG,72109252,"$3,447.80","ROCHESTER, NY",07/14 09:00,"PALM BAY, FL",07/15 13:30,"1,066","1,264",NO NOTES,2330,1.48,16,
2026-07-09T13:29:48.585889,WG,72110253,"$2,078.84","GREENVILLE, NC",07/13 13:00,"INDIANAPOLIS, IN",07/14 08:00,"1,205",715,NO NOTES,1920,1.08,4,
2026-07-09T13:31:44.032460,SE,72110300,"$1,780.02","CRANBURY, NJ",07/13 08:00,"CORNELIA, GA",07/14 08:00,"1,187",773,NO NOTES,1960,0.91,1,
2026-07-09T13:38:17.357939,WG,72108597,"$1,078.54","PATASKALA, OH",07/14 09:30,"JEFFERSONVILLE, IN",07/14 15:48,699,226,NO NOTES,925,1.17,5,
2026-07-09T14:01:12.554307,WG,72110303,"$1,075.98","NORTH CHARLESTON, SC",07/10 10:00,"WILMINGTON, NC",07/10 15:17,"1,152",178,NO NOTES,1330,0.81,1,
2026-07-09T14:08:00.090912,WG,72110292,$950.45,"VANDALIA, OH",07/10 08:00,"VALLEY VIEW, OH",07/10 13:50,608,204,NO NOTES,812,1.17,5,
2026-07-09T14:10:34.950060,WG,72109810,"$2,828.58","VERONA, WI",07/14 10:00,"TARRYTOWN, NY",07/15 08:30,456,964,NO NOTES,1420,1.99,30,
2026-07-09T14:10:37.732994,WG,72109659,"$4,288.32","FORT WORTH, TX",07/14 10:00,"RENO, NV",07/16 11:00,569,"1,639","L1163385: TRAILERS MUST BE CLEAN, EMPTY, DRY, FREE OF STRUCTURAL DAMAGE AND NO ODORS FROM PRIOR FREIGHT. MUST HAVE TWO LOAD LOCKS IN EACH TRAILER AND FUEL TANKS 3/4 FULL PRIOR TO PICKUP ARRIVAL.",2208,1.94,30,
2026-07-09T14:10:40.489157,WG,72106537,"$2,324.51","BLOOMINGTON, IN",07/14 10:00,"RENSSELAER, NY",07/15 07:00,526,839,DOCK HIGH / SEALABLE TRUCK REQUIRED - VANS ARE NOT ACCEPTABLE,1365,1.70,22,
2026-07-09T14:15:12.784594,WG,72110312,"$1,058.09","PHILADELPHIA, PA",07/10 10:00,"SOUDERTON, PA",07/10 12:12,"1,154",33,NO NOTES,1187,0.89,1,
2026-07-09T14:38:35.845014,WG,72100837,"$2,337.81","SHEPHERDSVILLE, KY",07/14 10:30,"MONTCLAIR, CA",07/16 08:05,583,"2,072",NO NOTES,2655,0.88,2,
2026-07-09T14:38:43.019932,SE,72110325,"$4,115.32","SHARON HILL, PA",07/9 11:45,"ALBUQUERQUE, NM",07/13 10:00,"1,142","1,934",NO NOTES,3076,1.34,13,
2026-07-09T14:52:41.382510,SE,72110344,$357.73,"FORT WAYNE, IN",07/9 16:00,"ERLANGER, KY",07/9 20:54,605,160,NO NOTES,765,0.47,1,
2026-07-09T14:59:26.670643,WG,72110374,"$1,097.19","MCDONOUGH, GA",07/14 09:00,"COURTLAND, AL",07/14 16:00,896,284,"?CORRECT ADDRESS FROM CUSTOMER - 1325 MACON ST, MCDONOUGH, GA",1180,0.93,1,
2026-07-09T15:10:22.191020,WG,72107545,"$3,680.00","MOUNT VERNON, IN",07/14 11:00,"TEMPE, AZ",07/16 12:00,459,"1,684",BRCOAR: TRAILER MUST BE EMPTY OUTSIDE OF EQUIPMENT NEEDED TO SECURE. NO PLYWOOD IN TRAILER FLOORS ON REEFER LOADS.,2143,1.72,23,
2026-07-09T15:10:25.370915,WG,72109695,$830.68,"BROOKS, KY",07/14 11:00,"LOUISVILLE, KY",07/14 12:38,578,7,NO NOTES,585,1.42,12,
2026-07-09T15:10:28.124124,WG,72108250,"$4,493.88","TEMPE, AZ",07/14 11:00,"CARROLLTON, TX",07/15 11:09,"1,233","1,065",NO NOTES,2298,1.96,31,
2026-07-09T15:25:11.624092,SE,72105453,"$5,414.67","IDAHO FALLS, ID",07/10 10:00,"PENSACOLA, FL",07/13 09:00,"1,099","2,067",NO NOTES,3166,1.71,25,
2026-07-09T15:36:59.904154,WG,72110390,"$2,265.40","BROOKS, KY",07/13 12:00,"GAINESVILLE, FL",07/14 05:15,578,741,IC7875: ENSURE THAT YOU HAVE THE ENTIRE BOL FILLED OUT AT THIS LOCATION.,1319,1.72,22,
2026-07-09T15:38:56.681540,WG,72106290,"$3,040.23","BARTLETT, TN",07/14 11:30,"WARRENDALE, PA",07/16 08:00,588,765,NO NOTES,1353,2.25,38,
2026-07-09T15:42:58.389838,WG,72110388,"$3,722.74","ROCKFORD, IL",07/9 14:00,"NEW BRUNSWICK, NJ",07/10 09:00,453,874,NO NOTES,1327,2.81,54,
2026-07-09T15:51:04.405183,WG,72110328,"$1,212.89","ROCHESTER, NY",07/13 14:00,"WILMINGTON, MA",07/14 08:00,"1,065",403,NO NOTES,1468,0.83,1,
2026-07-09T15:51:19.603900,WG,72110391,"$2,834.63","GRAHAM, KY",07/13 15:00,"WILSON, NC",07/14 07:09,539,689,NO NOTES,1228,2.31,39,
2026-07-09T16:09:14.885480,WG,72110348,"$1,753.45","KANSAS CITY, MO",07/13 13:00,"ROCKFORD, IL",07/14 09:00,75,482,NO NOTES,557,3.15,62,
2026-07-09T16:11:26.414378,WG,72106179,"$2,693.67","BOULDER, CO",07/14 12:00,"INDIANAPOLIS, IN",07/15 13:00,628,"1,101","L1218217: TRAILER MUST BE EMPTY, NO PALLET JACK OR PERSONAL ITEMS IN TRAILER.",1729,1.56,18,
2026-07-09T16:11:29.654885,WG,72106180,"$2,693.67","BOULDER, CO",07/14 12:00,"INDIANAPOLIS, IN",07/15 13:00,628,"1,101","L1218217: DRIVERS- DO NOT CUT SEAL AT DELIVERY, THE SEAL MUST BE CUT BY RECEIVING PERSONNEL ONLY. ANY ISSUES NOTIFY DISPATCH ASAP.",1729,1.56,18,
2026-07-09T16:11:32.314622,WG,72106181,"$2,693.67","BOULDER, CO",07/14 12:00,"INDIANAPOLIS, IN",07/15 13:00,628,"1,101","L1218217: TRAILER MUST BE EMPTY AND NO PERSONAL ITEMS, OR PALLET JACK, SECUREMENT ITEMS ONLY",1729,1.56,18,
2026-07-09T16:29:05.427639,WG,72110334,"$5,193.33","LA VERGNE, TN",07/10 15:00,"TEMPE, AZ",07/13 11:00,626,"1,642",NO NOTES,2268,2.29,41,
2026-07-09T16:50:20.164899,WG,72110397,"$2,884.46","RONKONKOMA, NY",07/13 08:00,"DAYTON, OH",07/14 08:00,"1,276",661,ORDER NOTE: DRIVERS NEED TO BE A US CITIZENS,1937,1.49,16,
2026-07-09T16:50:54.081958,WG,72110296,"$1,668.13","RICHMOND, VA",07/13 13:00,"WESTBOROUGH, MA",07/14 07:00,"1,133",539,NO NOTES,1672,1.00,1,
2026-07-09T16:57:13.416174,WG,72110392,"$2,884.46","RONKONKOMA, NY",07/13 08:00,"DAYTON, OH",07/14 09:33,"1,276",661,ORDER NOTE: DRIVERS NEED TO BE A US CITIZENS,1937,1.49,16,
2026-07-09T17:10:52.005126,WG,72110222,"$1,175.73","CALEDONIA, MI",07/14 13:00,"BLOOMINGTON, IN",07/15 08:00,648,322,NO NOTES,970,1.21,7,
2026-07-09T17:10:54.451381,WG,72105247,"$2,374.80","LA VERGNE, TN",07/14 13:00,"OMAHA, NE",07/15 09:00,626,760,"CORD11: TRUCK MUST HAVE FULL AMOUNT OF USABLE SPACE FOR THE TRUCK SIZE REQUESTED, 20FT OF USABLE SPACE, 12FT OF USABLE SPACE, 53FT OF USABLE SPACE.",1386,1.71,22,
2026-07-09T17:10:57.437766,WG,72110254,"$2,078.84","GREENVILLE, NC",07/14 13:00,"INDIANAPOLIS, IN",07/15 08:00,"1,205",715,NO NOTES,1920,1.08,4,
2026-07-09T17:29:08.599827,WG,72110329,"$7,257.03","BEND, OR",07/10 11:00,"CHELSEA, MA",07/13 09:00,"1,631","2,986",NO NOTES,4617,1.57,22,
2026-07-09T17:36:11.555308,WG,72110421,"$6,908.54","BROOKS, KY",07/10 14:00,"SEATTLE, WA",07/13 11:00,578,"2,382",IC7875: ENSURE THAT YOU HAVE THE ENTIRE BOL FILLED OUT AT THIS LOCATION.,2960,2.33,44,
2026-07-09T17:36:14.286359,WG,72110403,"$6,705.82","BROOKS, KY",07/10 16:00,"PALO ALTO, CA",07/13 11:00,578,"2,361",IC7875: ENSURE THAT YOU HAVE THE ENTIRE BOL FILLED OUT AT THIS LOCATION.,2939,2.28,42,
2026-07-09T17:43:05.448476,WG,72110423,"$1,013.11","ELIZABETH, NJ",07/10 09:00,"ALLENTOWN, PA",07/10 12:22,"1,204",88,NO NOTES,1292,0.78,1,
2026-07-09T17:53:20.092253,WG,72110445,"$3,638.17","LA VERGNE, TN",07/14 11:00,"SUGAR LAND, TX",07/15 11:00,626,816,NO NOTES,1442,2.52,46,
2026-07-09T18:00:55.063419,SE,72110407,"$1,615.92","BARTLETT, IL",07/9 15:00,"ATLANTA, GA",07/10 08:27,489,750,NO NOTES,1239,1.30,10,
2026-07-09T18:11:16.852397,WG,72110324,"$3,215.25","KANSAS CITY, MO",07/14 14:00,"ZEBULON, NC",07/15 14:44,75,"1,092",NO NOTES,1167,2.76,52,
2026-07-09T18:11:21.481938,WG,72110257,"$2,355.06","GOLETA, CA",07/14 14:00,"GILBERT, AZ",07/15 11:00,"1,738",497,"1 CRATE DIMS = 116L X 93W X 45H @ 1,500 LBS. (EST.)  1 PELICAN CASE, DIMS = 21L X 11W X 7H, (5 LBS) CONTAINING SPACE FLIGHT HARDWARE. NO STACKING OR NO CLIMBING OVER,  MUST ALSO BE SECURE IN PLACE WHILE IN TRANSIT",2235,1.05,4,
2026-07-09T18:11:30.858047,SE,72110418,$790.62,"GRAPEVINE, TX",07/9 16:00,"HOUSTON, TX",07/10 08:00,541,257,NO NOTES,798,0.99,1,
2026-07-09T18:18:03.503270,WG,72105235,"$3,142.59","LA VERGNE, TN",07/14 14:00,"LUBBOCK, TX",07/15 14:00,626,"1,044","CORD11: TRUCK MUST HAVE FULL AMOUNT OF USABLE SPACE FOR THE TRUCK SIZE REQUESTED, 20FT OF USABLE SPACE, 12FT OF USABLE SPACE, 53FT OF USABLE SPACE.",1670,1.88,27,
2026-07-09T18:18:31.218329,SE,72110411,$779.43,"MASON, OH",07/13 09:30,"BLOOMINGTON, IL",07/13 17:17,622,296,NO NOTES,918,0.85,1,
2026-07-09T18:29:41.036322,WG,72110114,,,,,,,,NO NOTES,,,1,
2026-07-09T18:29:47.073299,WG,72110432,"$2,867.57","PHILADELPHIA, PA",07/13 10:00,"ROCKFORD, IL",07/14 09:00,"1,154",858,NO NOTES,2012,1.43,14,
2026-07-09T18:30:58.556728,WG,72110433,"$2,228.17","BROOKS, KY",07/13 16:00,"NEW CASTLE, DE",07/14 08:00,578,682,NO NOTES,1260,1.77,23,
2026-07-09T18:32:09.613434,WG,72110485,"$2,073.52","ALLENTOWN, PA",07/14 10:00,"MILTON, ON",07/15 11:00,"1,120",401,"ALN300: IF SHIPPER REQUESTS A TEMPERATURE SET POINT CHANGE, DO NOT CHANGE WITHOUT CUSTOMER'S APPROVAL.",1521,1.36,12,
2026-07-09T18:39:23.289363,SE,72110484,"$2,817.80","INDIANAPOLIS, IN",07/13 07:00,"OCALA, FL",07/14 08:00,497,912,"8  SKIDS- DIMS - 44"" X 27"" X 32"" - NON- STACKABLE 2   SKIDS- DIMS - 45"" X 23"" X 34"" - NON- STACKABLE",1409,2.00,30,
2026-07-09T19:08:29.554257,WG,72110415,"$2,060.76","DURHAM, NC",07/13 12:00,"PHILADELPHIA, PA",07/14 08:00,"1,102",404,FED EX DRIVER(S) WILL UNLOAD SHIPMENT AND DELIVER TO THE 13TH FLOOR. THE FREIGHT ELEVATORS MUST BE USED.,1506,1.37,12,
2026-07-09T19:10:50.519571,WG,72110345,"$1,406.15","WILMINGTON, OH",07/14 15:00,"ROCKFORD, IL",07/15 08:00,653,419,00225285: ALL TEMPERATURE CONTROL LOADS MUST BE TVAL,1072,1.31,10,
2026-07-09T19:10:52.932214,WG,72105238,"$1,825.28","LA VERGNE, TN",07/14 15:00,"CORAOPOLIS, PA",07/15 08:00,626,575,"CORD11: TRUCK MUST HAVE FULL AMOUNT OF USABLE SPACE FOR THE TRUCK SIZE REQUESTED, 20FT OF USABLE SPACE, 12FT OF USABLE SPACE, 53FT OF USABLE SPACE.",1201,1.52,16,
2026-07-09T19:10:55.618137,WG,72102719,"$3,344.39","LA VERGNE, TN",07/14 15:00,"MILFORD, MA",07/15 15:27,626,"1,079","CORD11: TRUCK MUST HAVE FULL AMOUNT OF USABLE SPACE FOR THE TRUCK SIZE REQUESTED, 20FT OF USABLE SPACE, 12FT OF USABLE SPACE, 53FT OF USABLE SPACE.",1705,1.96,30,
2026-07-09T19:10:57.961374,WG,72106423,"$1,537.77","BROOKS, KY",07/14 15:00,"KERNERSVILLE, NC",07/15 08:00,578,472,NO NOTES,1050,1.46,14,
2026-07-09T19:11:28.592781,SE,72110255,"$2,217.83","CHATTANOOGA, TN",07/14 15:00,"WILSON, NC",07/15 10:00,742,518,NO NOTES,1260,1.76,23,
2026-07-09T19:17:21.817312,WG,72110533,"$1,889.51","KING OF PRUSSIA, PA",07/14 08:30,"HUNTSVILLE, AL",07/15 09:30,"1,129",843,NO NOTES,1972,0.96,2,
2026-07-09T19:38:40.385812,WG,72108552,"$2,774.97","PATASKALA, OH",07/14 15:30,"OVERLAND PARK, KS",07/15 08:15,699,694,NO NOTES,1393,1.99,30,
2026-07-09T19:38:43.899165,WG,72103760,"$1,094.18","BROOKS, KY",07/14 15:30,"GROVEPORT, OH",07/14 22:00,578,221,NO NOTES,799,1.37,11,
2026-07-09T20:08:16.029573,WG,72110551,"$5,643.59","LOGAN, UT",07/13 10:00,"DEVENS, MA",07/15 13:37,"1,016","2,356",NO NOTES,3372,1.67,24,
2026-07-09T20:10:07.502004,WG,72110549,"$2,026.95","WINTER PARK, FL",07/14 06:00,"EGLIN AFB, FL",07/14 16:27,"1,304",421,NO NOTES,1725,1.18,7,
2026-07-09T20:11:24.389495,WG,72105711,"$1,371.74","MEMPHIS, TN",07/14 16:00,"LOCKBOURNE, OH",07/15 06:30,591,588,"TRACTOR SHIPMENTS MUST BE ABLE TO ACCOMODATE 26 PALLETS, NEED TO HAVE 53' OF SPACE",1179,1.16,6,
2026-07-09T20:11:27.437781,WG,72102828,"$5,350.67","LA VERGNE, TN",07/14 16:00,"LAS VEGAS, NV",07/16 07:55,626,"1,806","CORD11: TRUCK MUST HAVE FULL AMOUNT OF USABLE SPACE FOR THE TRUCK SIZE REQUESTED, 20FT OF USABLE SPACE, 12FT OF USABLE SPACE, 53FT OF USABLE SPACE.",2432,2.20,38,
2026-07-09T20:11:30.158858,WG,72102870,"$1,857.95","LA VERGNE, TN",07/14 16:00,"LENEXA, KS",07/15 09:00,626,586,"CORD11: TRUCK MUST HAVE FULL AMOUNT OF USABLE SPACE FOR THE TRUCK SIZE REQUESTED, 20FT OF USABLE SPACE, 12FT OF USABLE SPACE, 53FT OF USABLE SPACE.",1212,1.53,16,
2026-07-09T20:14:57.910906,WG,72110580,"$9,827.31","HAWTHORNE, CA",07/10 11:00,"KENNEDY SPACE CENTER, FL",07/12 19:14,"1,653","2,573",NO NOTES,4226,2.33,46,
2026-07-09T20:15:16.126456,WG,72110569,"$5,176.64","LOGAN, UT",07/13 09:00,"SUMMIT, NJ",07/15 08:14,"1,016","2,150",NO NOTES,3166,1.64,22,
2026-07-09T20:23:07.151643,WG,72110570,"$1,584.09","KANSAS CITY, MO",07/13 14:00,"INDIANAPOLIS, IN",07/14 09:00,75,482,NO NOTES,557,2.84,53,
2026-07-09T20:42:48.185402,WG,72110586,$931.28,"BROOKS, KY",07/10 07:00,"CHESTERFIELD, MO",07/10 14:54,578,301,IC7875: ENSURE THAT YOU HAVE THE ENTIRE BOL FILLED OUT AT THIS LOCATION.,879,1.06,2,
2026-07-09T20:45:45.101551,WG,72110583,"$1,383.13","ALLENTOWN, PA",07/14 14:00,"LOCKBOURNE, OH",07/15 07:00,"1,120",448,NO NOTES,1568,0.88,1,
2026-07-09T20:53:07.953248,WG,72110341,"$5,030.20","BOULDER, CO",07/14 12:00,"QUINCY, WA",07/15 15:21,628,"1,215",NO NOTES,1843,2.73,53,
2026-07-09T21:00:09.081723,SE,72110487,"$3,440.12","ORLANDO, FL",07/10 08:00,"WICHITA, KS",07/11 14:08,"1,304","1,346",NO NOTES,2650,1.30,11,
2026-07-09T21:10:24.842758,WG,72110573,"$5,192.02","SAN DIEGO, CA",07/14 11:00,"LA VERGNE, TN",07/16 10:00,"1,691","2,051",NO NOTES,3742,1.39,15,
2026-07-09T21:11:04.873417,WG,72106189,$930.13,"BROOKS, KY",07/14 17:00,"COLUMBUS, OH",07/15 09:00,578,219,IC7875: ENSURE THAT YOU HAVE THE ENTIRE BOL FILLED OUT AT THIS LOCATION.,797,1.17,5,
2026-07-09T21:11:07.368147,WG,72108866,"$2,054.49","RENO, NV",07/14 17:00,"MONTCLAIR, CA",07/15 11:00,"1,537",552,NO NOTES,2089,0.98,2,
2026-07-09T21:11:10.061740,WG,72108846,"$2,750.67","RENO, NV",07/14 17:00,"TEMPE, AZ",07/15 12:00,"1,537",783,NO NOTES,2320,1.19,8,
2026-07-09T21:11:13.641957,WG,72108278,"$1,490.90","LA VERGNE, TN",07/14 17:00,"LEWIS CENTER, OH",07/15 08:00,626,415,NO NOTES,1041,1.43,13,
2026-07-09T21:11:16.313154,WG,72102857,"$2,208.45","LA VERGNE, TN",07/14 17:00,"FLOWER MOUND, TX",07/15 09:28,626,704,"CORD11: TRUCK MUST HAVE FULL AMOUNT OF USABLE SPACE FOR THE TRUCK SIZE REQUESTED, 20FT OF USABLE SPACE, 12FT OF USABLE SPACE, 53FT OF USABLE SPACE.",1330,1.66,20,
2026-07-09T21:11:44.523558,SE,72107650,"$1,495.43","CENTENNIAL, CO",07/14 17:00,"LAS VEGAS, NV",07/15 11:01,640,777,NO NOTES,1417,1.06,3,
2026-07-09T21:43:02.158296,WG,72110638,$883.90,"BROOKS, KY",07/13 08:00,"BURR RIDGE, IL",07/13 15:47,578,319,NO NOTES,897,0.99,1,
2026-07-09T21:44:55.047242,WG,72110621,"$1,855.70","LA VERGNE, TN",07/13 19:00,"CHICAGO, IL",07/14 07:21,626,510,NO NOTES,1136,1.63,19,
2026-07-09T21:46:25.843367,SE,72110622,"$2,760.75","BLAINE, MN",07/13 09:00,"DURHAM, NC",07/14 12:04,440,"1,202",NO NOTES,1642,1.68,21,
2026-07-09T21:49:53.454906,WG,72110639,"$1,159.47","PAINTED POST, NY",07/10 08:00,"CANTON, NY",07/10 14:24,"1,091",231,NO NOTES,1322,0.88,1,
2026-07-09T21:52:57.578267,SE,72110623,"$2,066.05","EAST GREENBUSH, NY",07/10 14:00,"FISHERS, IN",07/13 08:00,"1,286",793,NO NOTES,2079,0.99,2,
2026-07-09T22:11:01.443927,WG,72105291,"$1,882.25","LA VERGNE, TN",07/14 18:00,"CARY, NC",07/15 08:00,626,529,"CORD11: TRUCK MUST HAVE FULL AMOUNT OF USABLE SPACE FOR THE TRUCK SIZE REQUESTED, 20FT OF USABLE SPACE, 12FT OF USABLE SPACE, 53FT OF USABLE SPACE.",1155,1.63,19,
2026-07-09T22:11:05.816884,WG,72105893,"$1,287.00","NEWARK, DE",07/14 18:00,"EDISON, NJ",07/15 08:00,"1,140",102,ORDER NOTE: PALLET JACK NEEDED FOR DRIVER INSIDE DELIVERY,1242,1.04,2,
2026-07-09T22:11:12.017766,WG,72103764,"$1,094.18","BROOKS, KY",07/14 18:00,"LOCKBOURNE, OH",07/15 00:12,578,221,NO NOTES,799,1.37,11,
2026-07-09T22:22:13.615370,WG,72110695,"$2,587.51","MISSISSAUGA, ON",07/13 09:00,"MOUNT PROSPECT, IL",07/14 08:00,954,528,NO NOTES,1482,1.75,23,
2026-07-09T22:59:33.016285,WG,72110636,"$1,811.05","NEWARK, DE",07/14 13:00,"LOCKBOURNE, OH",07/15 13:00,"1,140",466,IC7875: ENSURE THAT YOU HAVE THE ENTIRE BOL FILLED OUT AT THIS LOCATION.,1606,1.13,5,
2026-07-09T23:09:56.472446,WG,72110696,"$2,101.44","NEWARK, DE",07/14 08:00,"LOCKBOURNE, OH",07/15 13:30,"1,140",466,IC7875: ENSURE THAT YOU HAVE THE ENTIRE BOL FILLED OUT AT THIS LOCATION.,1606,1.31,10,
2026-07-09T23:10:54.304338,WG,72103768,"$1,353.58","BROOKS, KY",07/14 19:00,"MEMPHIS, TN",07/15 08:31,578,355,NO NOTES,933,1.45,14,
2026-07-09T23:10:57.133481,WG,72105256,$902.76,"LA VERGNE, TN",07/14 19:00,"COLLIERVILLE, TN",07/15 09:00,626,219,"CORD11: TRUCK MUST HAVE FULL AMOUNT OF USABLE SPACE FOR THE TRUCK SIZE REQUESTED, 20FT OF USABLE SPACE, 12FT OF USABLE SPACE, 53FT OF USABLE SPACE.",845,1.07,3,
2026-07-09T23:44:36.919352,WG,72110697,"$1,024.90","BROOKS, KY",07/13 19:00,"PATASKALA, OH",07/14 08:00,578,237,IC7875: ENSURE THAT YOU HAVE THE ENTIRE BOL FILLED OUT AT THIS LOCATION.,815,1.26,8,
2026-07-09T23:45:02.855759,WG,72110667,"$1,310.20","VISALIA, CA",07/14 09:00,"IRVINE, CA",07/14 15:28,"1,734",234,NO NOTES,1968,0.67,1,
2026-07-10T00:11:02.644047,WG,72106293,$805.48,"BROOKS, KY",07/14 20:00,"LA VERGNE, TN",07/15 07:00,578,176,IC7875: ENSURE THAT YOU HAVE THE ENTIRE BOL FILLED OUT AT THIS LOCATION.,754,1.07,3,
2026-07-10T00:11:05.431025,WG,72105268,"$2,250.04","LA VERGNE, TN",07/14 20:00,"FORT WORTH, TX",07/15 12:46,626,718,"CORD11: TRUCK MUST HAVE FULL AMOUNT OF USABLE SPACE FOR THE TRUCK SIZE REQUESTED, 20FT OF USABLE SPACE, 12FT OF USABLE SPACE, 53FT OF USABLE SPACE.",1344,1.67,21,
2026-07-10T00:18:28.140749,SE,72110698,$791.35,"SALT LAKE CITY, UT",07/10 14:00,"OGDEN, UT",07/11 16:15,"1,024",36,NO NOTES,1060,0.75,1,
2026-07-10T01:43:31.419774,WG,72110700,"$1,477.27","LA VERGNE, TN",07/13 13:00,"COLUMBUS, OH",07/14 08:30,626,393,NO NOTES,1019,1.45,14,
2026-07-10T02:10:10.659108,WG,72110671,"$3,223.38","NORRISTOWN, PA",07/14 10:00,"LA VERGNE, TN",07/15 09:30,"1,132",806,NO NOTES,1938,1.66,21,
2026-07-10T09:53:02.014493,SE,72110673,$440.53,"FORT WAYNE, IN",07/10 08:00,"ALBION, IN",07/10 10:05,612,28,NO NOTES,640,0.69,1,
2026-07-10T09:53:04.723962,SE,72110674,$440.53,"FORT WAYNE, IN",07/10 08:00,"ALBION, IN",07/10 10:05,612,28,NO NOTES,640,0.69,1,
2026-07-10T09:53:07.036149,SE,72110676,$440.53,"FORT WAYNE, IN",07/10 08:00,"ALBION, IN",07/10 10:05,612,28,NO NOTES,640,0.69,1,
2026-07-10T09:53:09.344222,SE,72110675,$440.53,"FORT WAYNE, IN",07/10 08:00,"ALBION, IN",07/10 10:05,612,28,NO NOTES,640,0.69,1,
2026-07-10T11:11:01.326773,WG,72103318,"$1,610.31","CLEVELAND, OH",07/15 07:00,"CHICAGO, IL",07/15 16:27,818,374,MAS2300: DELETED COMMENT/BLL,1192,1.35,11,
2026-07-10T11:11:04.371302,WG,72110389,"$1,371.93","CORAOPOLIS, PA",07/15 07:00,"PITTSBURGH, PA",07/15 12:00,863,41,NO NOTES,904,1.52,16,
2026-07-10T11:46:17.173583,SE,72110723,$357.73,"FORT WAYNE, IN",07/10 15:00,"ERLANGER, KY",07/10 19:54,605,160,NO NOTES,765,0.47,1,
2026-07-10T11:57:27.511281,WG,72110704,$872.29,"PHILADELPHIA, PA",07/13 13:00,"SOUDERTON, PA",07/13 15:12,"1,154",33,NO NOTES,1187,0.73,1,
2026-07-10T12:10:08.641550,WG,72110703,"$1,411.49","CALEDONIA, MI",07/14 10:00,"PLAINFIELD, IN",07/15 10:00,648,277,NO NOTES,925,1.53,16,
2026-07-10T12:11:18.233838,WG,72109582,"$3,444.27","BEDFORD, NH",07/15 08:00,"LA VERGNE, TN",07/16 08:00,"1,466","1,129",NO NOTES,2595,1.33,12,
2026-07-10T12:28:47.291094,WG,72110726,$909.27,"MORRISVILLE, NC",07/10 11:30,"WILMINGTON, NC",07/10 16:01,"1,112",142,NO NOTES,1254,0.73,1,
2026-07-10T12:38:21.433273,WG,72110234,"$7,781.99","SAN DIEGO, CA",07/14 10:00,"LEXINGTON, MA",07/17 09:00,"1,691","3,027",NO NOTES,4718,1.65,25,
2026-07-10T12:39:35.326374,WG,72110224,"$1,682.00","INDIANAPOLIS, IN",07/15 08:30,"GREENVILLE, NC",07/16 08:00,501,714,"L1218217: TRAILER MUST BE EMPTY AND NO PERSONAL ITEMS, OR PALLET JACK, SECUREMENT ITEMS ONLY",1215,1.38,12,
2026-07-10T12:39:38.342117,WG,72110147,$624.66,"INDIANAPOLIS, IN",07/15 08:30,"HAMILTON, OH",07/15 10:30,501,118,"L1218217: TRAILER MUST BE EMPTY AND NO PERSONAL ITEMS, OR PALLET JACK, SECUREMENT ITEMS ONLY",619,1.01,1,
2026-07-10T12:39:40.995469,WG,72107606,$888.93,"MOUNT VERNON, IN",07/15 08:30,"BROOKS, KY",07/15 13:15,459,153,BRCOAR: TRAILER MUST BE EMPTY OUTSIDE OF EQUIPMENT NEEDED TO SECURE. NO PLYWOOD IN TRAILER FLOORS ON REEFER LOADS.,612,1.45,13,
2026-07-10T13:28:58.495231,WG,72110734,"$1,267.46","ALLENTOWN, PA",07/13 08:00,"RENSSELAER, NY",07/13 13:00,"1,121",218,NO NOTES,1339,0.95,1,
2026-07-10T13:36:56.395112,WG,72110706,"$1,974.87","BLOOMINGTON, IN",07/13 14:00,"PEPPERELL, MA",07/14 12:35,527,991,BRCOAR: TRAILER MUST BE EMPTY OUTSIDE OF EQUIPMENT NEEDED TO SECURE. NO PLYWOOD IN TRAILER FLOORS ON REEFER LOADS.,1518,1.30,10,
2026-07-10T13:39:38.586246,WG,72108601,"$1,078.54","PATASKALA, OH",07/15 09:30,"JEFFERSONVILLE, IN",07/15 15:48,700,226,NO NOTES,926,1.16,5,
2026-07-10T13:39:44.738627,WG,72110414,"$3,698.64","MISSISSAUGA, ON",07/15 09:30,"CONSHOHOCKEN, PA",07/16 07:00,955,785,DRIVER PLEASE CONTACT DISPATCH WE NEED TO PROVIDE CUSTOMER WITH PAPS # YOU WILL USE AS SOON AS YOUR ASSIGNED TO THIS SHIPMENT,1740,2.13,35,
2026-07-10T13:39:47.412917,WG,72108449,"$3,308.01","HARRISBURG, PA",07/15 09:30,"SHREVEPORT, LA",07/16 13:53,"1,051","1,264",NO NOTES,2315,1.43,15,
2026-07-10T13:46:19.765626,WG,72110707,"$1,866.20","FISHERS, IN",07/15 09:00,"ALLENTOWN, PA",07/16 07:30,509,628,NO NOTES,1137,1.64,20,
2026-07-10T14:10:16.606952,WG,72110708,$854.95,"BLOOMINGTON, IN",07/14 09:00,"BLOOMINGTON, IN",07/14 10:37,527,6,NO NOTES,533,1.60,18,
2026-07-10T14:11:47.050303,WG,72110606,$860.93,"GAINESVILLE, GA",07/15 10:00,"FLOWERY BRANCH, GA",07/15 11:46,897,13,"ORDER NOTE: TEMPERATURE REQUIREMENT IS -20Â°C(-4Â°F). PLEASE DO NOT OPEN TRUCK DOORS UNTIL AMERICOLD IS READY TO LOAD. PLEASE ENSURE THERE IS A SEAL ON THE TRUCK PRIOR TO DEPARTING AMERICOLD. AMERICOLD REQUIRES PICK UP APPOINTMENTS. PLEASE CALL CHRIS JOHNSON AT 770-531-9800 X2174 OR EMAIL HIM AT CHRIS.JOHNSON@AMERICOLD.COM. AMERICOLD WILL ASK FOR AN ORDER NUMBER, PLEASE USE SO10913.",910,0.95,1,
2026-07-10T14:11:52.160143,WG,72109965,"$1,388.84","ALLENTOWN, PA",07/15 10:00,"LOCKBOURNE, OH",07/16 09:00,"1,121",448,L1244392: TEAM DRIVERS ONLY FOR ALL TAKEDA RUNS,1569,0.89,1,
2026-07-10T14:11:54.841253,WG,72110645,"$1,411.49","CALEDONIA, MI",07/15 10:00,"PLAINFIELD, IN",07/16 10:00,649,277,NO NOTES,926,1.52,16,
2026-07-10T14:12:04.773205,SE,72110648,"$2,158.08","NEWINGTON, NH",07/13 08:00,"BOHEMIA, NY",07/13 15:52,"1,483",300,CUSTOMER REQUESTIING 2 BARS/ 2 STRAPS,1783,1.21,8,
2026-07-10T14:12:20.442942,SE,72055140,"$3,320.36","JACKSONVILLE, FL",07/15 10:00,"ROCHESTER, NY",07/16 11:15,"1,206","1,074",BASEBALL EQUIPMENT// 20FT TRUCK REQ,2280,1.46,16,
2026-07-10T14:12:23.071978,SE,72086049,"$1,951.48","DES MOINES, IA",07/15 10:00,"MEMPHIS, TN",07/16 00:41,177,620,NO NOTES,797,2.45,42,
2026-07-10T14:33:06.223378,SE,72110649,"$1,009.40","SAINT PAUL, MN",07/14 07:00,"LIBERTYVILLE, IL",07/14 16:53,423,371,PALLET COUNT MAY BE FROM 1-9 PALLETS ALL FREIGHT FITS ON 20FT REEFER,794,1.27,8,
2026-07-10T14:39:52.268298,WG,72110416,"$3,183.79","CALEDONIA, MI",07/15 10:30,"NORRISTOWN, PA",07/16 09:30,649,697,NO NOTES,1346,2.37,41,
2026-07-10T14:39:58.818590,SE,72110651,"$1,358.77","CASTLE HAYNE, NC",07/10 17:30,"ERLANGER, KY",07/11 08:25,"1,224",631,ORDER NOTE: WE ARE EXPECTING MORE PARTS AS DAY GOES BY.,1855,0.73,1,
2026-07-10T14:40:10.465151,SE,72110650,"$1,189.40","LIBERTYVILLE, IL",07/13 10:00,"SAINT PAUL, MN",07/14 07:00,525,370,NO NOTES,895,1.33,10,
2026-07-10T14:40:24.622436,SE,72110252,"$1,129.74","WEST GREENWICH, RI",07/15 10:30,"ELIZABETH, NJ",07/15 18:00,"1,373",175,ORDER NOTE: 1,1548,0.73,1,
2026-07-10T14:44:05.546279,WG,72106574,,,,,,,,NO NOTES,,,1,
2026-07-10T15:11:54.594804,WG,72108031,$900.22,"LA VERGNE, TN",07/15 11:00,"MEMPHIS, TN",07/15 17:01,626,213,"CORD11: TRUCK MUST HAVE FULL AMOUNT OF USABLE SPACE FOR THE TRUCK SIZE REQUESTED, 20FT OF USABLE SPACE, 12FT OF USABLE SPACE, 53FT OF USABLE SPACE.",839,1.07,3,
2026-07-10T15:11:58.005900,WG,72102956,"$2,479.77","LA VERGNE, TN",07/15 11:00,"TAMPA, FL",07/16 13:07,626,768,UP TO 6 SKIDS,1394,1.78,24,
2026-07-10T15:12:00.996793,WG,72106203,"$2,323.42","LOCKBOURNE, OH",07/15 11:00,"DOTHAN, AL",07/16 09:00,688,763,IC7875: ENSURE THAT YOU HAVE THE ENTIRE BOL FILLED OUT AT THIS LOCATION.,1451,1.60,19,
2026-07-10T15:12:04.081153,WG,72109518,"$5,281.94","BOULDER, CO",07/15 11:00,"NAPA, CA",07/16 17:25,630,"1,289",NO NOTES,1919,2.75,54,
2026-07-10T15:12:10.333410,WG,72106713,"$1,444.85","BROOKS, KY",07/15 11:00,"AURORA, IL",07/16 08:00,578,341,IC7875: ENSURE THAT YOU HAVE THE ENTIRE BOL FILLED OUT AT THIS LOCATION.,919,1.57,17,
2026-07-10T15:19:05.644914,WG,72103775,$636.71,"LOCKBOURNE, OH",07/15 11:00,"LOCKBOURNE, OH",07/15 12:31,688,1,NO NOTES,689,0.92,1,
2026-07-10T15:24:33.171421,WG,72110747,"$6,735.51","SPOKANE, WA",07/14 14:00,"LEWIS CENTER, OH",07/16 12:12,"1,512","2,101",DRIVER MUST HAVE PADLOCK,3613,1.86,30,
2026-07-10T15:38:09.102295,WG,72110759,"$4,697.43","EAST GREENBUSH, NY",07/14 10:00,"EDEN PRAIRIE, MN",07/15 14:00,"1,287","1,245",NO NOTES,2532,1.86,28,
2026-07-10T15:44:51.016170,WG,72110786,"$4,858.07","SHEPHERDSVILLE, KY",07/14 12:00,"MONTCLAIR, CA",07/16 10:30,583,"2,072",BAX5100: MUST HAVE TEAM DRIVERS FOR ALL RUNS NO MATTER WHAT THE MILEAGE IS.,2655,1.83,28,
2026-07-10T15:50:17.690855,WG,72110783,$909.27,"MORRISVILLE, NC",07/13 12:00,"WILMINGTON, NC",07/13 16:31,"1,112",142,READY NOW / DLV DIRECT SAME DAY,1254,0.73,1,
2026-07-10T15:53:59.967349,SE,72110760,$598.51,"HARRISVILLE, WV",07/13 07:00,"CLEVELAND, OH",07/13 13:03,822,214,NO NOTES,1036,0.58,1,
2026-07-10T16:08:22.041418,WG,72110802,"$1,570.51","LA VERGNE, TN",07/13 13:00,"KERNERSVILLE, NC",07/14 08:00,626,443,ORDER NOTE: CONTACT 'JUSTIN CONSTABLE' JCONSTABLE@FFFENTERPRISES.COM FOR DELIVERY,1069,1.47,14,
2026-07-10T16:11:54.374579,WG,72110539,"$3,469.41","BLOOMINGTON, IN",07/15 12:00,"RENSSELAER, NY",07/16 08:00,524,837,DOCK HIGH / SEALABLE TRUCK REQUIRED - VANS ARE NOT ACCEPTABLE,1361,2.55,46,
2026-07-10T16:11:57.065075,WG,72102881,"$1,789.64","LA VERGNE, TN",07/15 12:00,"TROY, MI",07/16 09:00,626,563,"CORD11: TRUCK MUST HAVE FULL AMOUNT OF USABLE SPACE FOR THE TRUCK SIZE REQUESTED, 20FT OF USABLE SPACE, 12FT OF USABLE SPACE, 53FT OF USABLE SPACE.",1189,1.51,16,
2026-07-10T16:12:00.050790,WG,72106462,"$2,287.03","MANCHESTER, PA",07/15 12:00,"DOTHAN, AL",07/16 09:26,"1,060",937,PLEASE BE SURE YOU ARE IN RANGE WHEN YOU ARRIVE AT PICKUP**SET POINT 20C,1997,1.15,6,
2026-07-10T16:12:02.970829,WG,72106461,"$2,287.03","MANCHESTER, PA",07/15 12:00,"DOTHAN, AL",07/16 09:26,"1,060",937,PLEASE BE SURE YOU ARE IN RANGE WHEN YOU ARRIVE AT PICKUP**SET POINT 5C,1997,1.15,6,
2026-07-10T16:12:05.617724,WG,72109520,"$4,106.10","BOULDER, CO",07/15 12:00,"CORONA, CA",07/16 10:54,630,"1,006",NO NOTES,1636,2.51,46,
2026-07-10T16:12:08.591100,WG,72110196,"$1,378.61","NEWTOWN, PA",07/15 12:00,"ROCKVILLE, MD",07/15 17:07,"1,164",170,NO NOTES,1334,1.03,2,
2026-07-10T16:12:46.939201,SE,72057788,"$3,813.66","ALLENTOWN, PA",07/15 12:00,"PAPILLION, NE",07/16 14:40,"1,129","1,183",NO NOTES,2312,1.65,22,
2026-07-10T16:12:50.217827,SE,72082052,"$4,054.43","LAS VEGAS, NV",07/15 12:00,"ROUND ROCK, TX",07/16 17:51,"1,388","1,333",L1131164: DRIVER MAY BE REQUESTED TO HELP WITH LOADING/UNLOADING.,2721,1.49,17,
2026-07-10T16:19:02.989127,SE,72110789,"$2,264.75","ALBERTVILLE, MN",07/10 15:45,"RAPID CITY, SD",07/11 07:00,450,594,NO NOTES,1044,2.17,35,
2026-07-10T17:44:03.682477,WG,72110766,$698.76,"KETTERING, OH",07/14 08:00,"WEST CHESTER, OH",07/14 12:03,622,50,NO NOTES,672,1.04,2,
2026-07-10T17:46:05.718557,WG,72104374,"$1,261.18","LA VERNE, CA",07/15 13:00,"MONTCLAIR, CA",07/15 14:41,"1,614",9,NO NOTES,1623,0.78,1,
2026-07-10T17:46:18.917929,SE,72110794,"$3,157.01","RENTON, WA",07/13 11:00,"PHOENIX, AZ",07/15 11:30,"1,814","1,497",NO NOTES,3311,0.95,3,
2026-07-10T17:46:21.321249,SE,72110822,$629.13,"SAN DIEGO, CA",07/13 11:00,"SAN DIEGO, CA",07/13 12:41,"1,698",9,NO NOTES,1707,0.37,1,
2026-07-10T17:46:28.865862,SE,72110776,"$1,815.10","KENNEDY SPACE CENTER, FL",07/14 09:00,"ELKTON, MD",07/15 08:00,"1,351",951,NO NOTES,2302,0.79,2,
2026-07-10T17:46:33.964586,SE,72110837,"$1,987.51","KENNEDY SPACE CENTER, FL",07/15 09:00,"HOUSTON, TX",07/16 08:03,"1,351","1,013",NO NOTES,2364,0.84,2,
2026-07-10T17:57:22.124378,WG,72110839,"$1,777.66","MORRISVILLE, PA",07/13 14:00,"CINCINNATI, OH",07/14 06:00,"1,167",582,NO NOTES,1749,1.02,2,
2026-07-10T18:17:47.630324,WG,72110826,$826.39,"LA VERGNE, TN",07/15 10:00,"LA VERGNE, TN",07/15 11:42,626,10,NO NOTES,636,1.30,9,
2026-07-10T18:18:26.472054,WG,72110398,"$2,282.29","BROOKS, KY",07/15 14:00,"NORTH WALES, PA",07/16 08:00,578,679,IC7875: ENSURE THAT YOU HAVE THE ENTIRE BOL FILLED OUT AT THIS LOCATION.,1257,1.82,25,
2026-07-10T18:18:30.350472,WG,72102706,"$2,644.17","LA VERGNE, TN",07/15 14:00,"FAIRFIELD, NJ",07/16 10:03,626,872,"CORD11: TRUCK MUST HAVE FULL AMOUNT OF USABLE SPACE FOR THE TRUCK SIZE REQUESTED, 20FT OF USABLE SPACE, 12FT OF USABLE SPACE, 53FT OF USABLE SPACE.",1498,1.77,24,
2026-07-10T18:18:37.220364,SE,72110844,"$6,026.02","CALEXICO, CA",07/10 19:00,"CHESTER, VA",07/13 08:00,"1,523","2,521",NO NOTES,4044,1.49,19,
2026-07-10T18:18:45.136988,SE,72110845,"$1,163.14","GLENWOOD, IL",07/13 09:00,"EAGAN, MN",07/13 19:44,487,434,NO NOTES,921,1.26,8,
2026-07-10T18:30:17.813354,WG,72110856,$998.49,"VONORE, TN",07/14 11:00,"MEMPHIS, TN",07/14 21:00,791,394,NO NOTES,1185,0.84,1,
2026-07-10T18:44:17.591277,WG,72110880,$703.30,"BREINIGSVILLE, PA",07/14 09:00,"SOMERSET, NJ",07/14 12:30,"1,120",73,NO NOTES,1193,0.59,1,
2026-07-10T18:50:44.536415,WG,72110902,"$1,078.16","LA VERGNE, TN",07/13 19:00,"BROOKS, KY",07/14 08:00,626,176,NO NOTES,802,1.34,10,
2026-07-10T18:50:53.310456,WG,72110866,"$6,259.84","LA VERGNE, TN",07/13 20:00,"MONTCLAIR, CA",07/15 15:46,626,"1,987",NO NOTES,2613,2.40,45,
2026-07-10T18:51:26.372569,WG,72110899,$824.17,"MOUNT VERNON, IN",07/14 09:00,"MOUNT VERNON, IN",07/14 09:00,460,0,BRCOAR: TRAILER MUST BE EMPTY OUTSIDE OF EQUIPMENT NEEDED TO SECURE. NO PLYWOOD IN TRAILER FLOORS ON REEFER LOADS.,460,1.79,23,
2026-07-10T18:52:43.474863,WG,72110900,$824.17,"MOUNT VERNON, IN",07/15 09:00,"MOUNT VERNON, IN",07/15 09:00,460,0,BRCOAR: TRAILER MUST BE EMPTY OUTSIDE OF EQUIPMENT NEEDED TO SECURE. NO PLYWOOD IN TRAILER FLOORS ON REEFER LOADS.,460,1.79,23,
2026-07-10T19:09:16.015897,WG,72110868,"$1,783.86","SAINT LOUIS, MO",07/14 09:00,"MCPHERSON, KS",07/15 09:00,302,434,NO NOTES,736,2.42,41,
2026-07-10T19:11:39.908350,WG,72103790,"$1,288.76","LOCKBOURNE, OH",07/15 15:00,"OLIVE BRANCH, MS",07/16 08:00,688,594,NO NOTES,1282,1.01,1,
2026-07-10T19:11:43.215188,WG,72110578,"$1,001.97","MADISON, AL",07/15 15:00,"CINCINNATI, OH",07/16 08:00,731,403,NO NOTES,1134,0.88,1,
2026-07-10T19:11:46.144775,WG,72108068,"$7,218.16","LA VERGNE, TN",07/15 15:00,"SAN LEANDRO, CA",07/17 17:22,626,"2,297","CORD11: TRUCK MUST HAVE FULL AMOUNT OF USABLE SPACE FOR THE TRUCK SIZE REQUESTED, 20FT OF USABLE SPACE, 12FT OF USABLE SPACE, 53FT OF USABLE SPACE.",2923,2.47,48,
2026-07-10T19:11:48.783530,WG,72110519,"$2,390.18","LA VERGNE, TN",07/15 15:00,"LEWISVILLE, TX",07/16 09:00,626,700,NO NOTES,1326,1.80,25,
2026-07-10T19:11:51.430155,WG,72110346,"$2,084.31","WILMINGTON, OH",07/15 15:00,"SOUDERTON, PA",07/16 07:00,654,528,"ORDER NOTE: PRE-ALERT HAS BEEN SENT TO ALMAC, BUT NO DOCK APPOINTMENT MADE OR CONFIRMED.",1182,1.76,23,
2026-07-10T19:23:35.194875,WG,72110903,"$1,183.66","BLOOMINGTON, IN",07/14 12:00,"ROCKFORD, IL",07/15 09:00,524,315,NO NOTES,839,1.41,12,
2026-07-10T19:39:28.107057,WG,72109613,"$1,888.27","DULUTH, GA",07/15 15:30,"HARRISBURG, PA",07/16 09:00,860,697,"L1163385: TRAILERS MUST BE CLEAN, EMPTY, DRY, FREE OF STRUCTURAL DAMAGE AND NO ODORS FROM PRIOR FREIGHT. MUST HAVE TWO LOAD LOCKS IN EACH TRAILER AND FUEL TANKS 3/4 FULL PRIOR TO PICKUP ARRIVAL.",1557,1.21,8,
2026-07-10T19:45:00.972054,WG,72110872,"$1,005.77","SHEPHERDSVILLE, KY",07/14 13:00,"OLIVE BRANCH, MS",07/15 09:00,583,369,BAX5100: MUST HAVE TEAM DRIVERS FOR ALL RUNS NO MATTER WHAT THE MILEAGE IS.,952,1.06,2,
2026-07-10T19:53:43.749246,SE,72110863,$613.64,"NORTH CHARLESTON, SC",07/12 15:00,"WALTERBORO, SC",07/13 08:00,"1,150",40,DRIVER MUST HAVE DELIVERY ORDER IN HAND TO PICK UP,1190,0.52,1,
2026-07-10T20:09:34.284201,WG,72110905,"$3,404.61","KANSAS CITY, MO",07/14 12:00,"SOUDERTON, PA",07/15 13:38,75,"1,135",NO NOTES,1210,2.81,54,
2026-07-10T20:10:11.415509,WG,72110828,"$1,897.09","LA VERGNE, TN",07/14 16:00,"YPSILANTI, MI",07/15 08:00,626,534,NO NOTES,1160,1.64,19,
2026-07-10T20:11:34.514545,WG,72102003,"$1,591.37","SHEPHERDSVILLE, KY",07/15 16:00,"DOTHAN, AL",07/16 09:00,583,538,NO NOTES,1121,1.42,13,
2026-07-10T20:11:37.510297,WG,72109643,"$1,453.94","LA VERGNE, TN",07/15 16:00,"COLUMBUS, OH",07/16 08:00,626,402,"CORD11: TRUCK MUST HAVE FULL AMOUNT OF USABLE SPACE FOR THE TRUCK SIZE REQUESTED, 20FT OF USABLE SPACE, 12FT OF USABLE SPACE, 53FT OF USABLE SPACE.",1028,1.41,13,
2026-07-10T20:11:40.163373,WG,72102924,"$1,860.93","LA VERGNE, TN",07/15 16:00,"MONROEVILLE, PA",07/16 08:00,626,587,"CORD11: TRUCK MUST HAVE FULL AMOUNT OF USABLE SPACE FOR THE TRUCK SIZE REQUESTED, 20FT OF USABLE SPACE, 12FT OF USABLE SPACE, 53FT OF USABLE SPACE.",1213,1.53,17,
2026-07-10T20:16:55.961580,WG,72110873,"$1,703.32","MOUNT VERNON, IN",07/14 13:00,"DURHAM, NC",07/15 08:00,460,683,NO NOTES,1143,1.49,15,
2026-07-10T20:28:55.402486,WG,72110907,$785.35,"BALTIMORE, MD",07/13 07:00,"GAITHERSBURG, MD",07/13 11:16,"1,080",42,NO NOTES,1122,0.70,1,
2026-07-10T20:29:57.131964,WG,72110908,"$5,249.07","ROCK HILL, SC",07/14 07:00,"LONGMONT, CO",07/16 09:00,"1,019","1,589",NO NOTES,2608,2.01,33,
2026-07-10T20:32:42.646560,SE,72110874,"$3,087.75","FOOTHILL RANCH, CA",07/10 19:04,"MARYLAND HEIGHTS, MO",07/13 09:00,"1,640","1,814",NO NOTES,3454,0.89,3,
2026-07-10T21:11:22.644339,WG,72104852,"$1,972.56","ROANOKE, TX",07/15 17:00,"LITTLETON, CO",07/16 10:28,569,751,MUST BE US CITIZEN TEMP CONTROLLED HAZMAT,1320,1.49,15,
2026-07-10T21:11:25.188016,WG,72107317,"$1,121.34","SHEPHERDSVILLE, KY",07/15 17:00,"WARRENDALE, PA",07/16 08:00,583,417,BAX5100: ALL TAKEDA LOADS THAT ARE TEMP SHOULD BE TVAL,1000,1.12,4,
2026-07-10T21:11:27.819553,WG,72105138,"$1,137.99","GROVE CITY, OH",07/15 17:00,"WARRENDALE, PA",07/16 08:00,678,203,"PR2297: IF PALLET JACK REQUESTED NEED TO MAKE SURE IT'S ACCESSIBLE TO OFFLOAD TRK. DRIVERS MAY NEED TO OFFLOAD TRK TO DOCK AT DELIVERIES, ESPECIALLY NC AND FL.",881,1.29,9,
2026-07-10T21:11:30.161189,WG,72107619,"$1,863.19","MOUNT VERNON, IN",07/15 17:00,"SHREVEPORT, LA",07/16 07:56,460,632,PLEASE ARRIVE AT THE PICKUP IN RANGE*SET POINT 5C,1092,1.71,21,
2026-07-10T21:39:27.218792,WG,72105143,"$1,137.99","GROVE CITY, OH",07/15 17:30,"WARRENDALE, PA",07/16 08:00,678,203,"PR2297: IF PALLET JACK REQUESTED NEED TO MAKE SURE IT'S ACCESSIBLE TO OFFLOAD TRK. DRIVERS MAY NEED TO OFFLOAD TRK TO DOCK AT DELIVERIES, ESPECIALLY NC AND FL.",881,1.29,9,
2026-07-10T21:46:19.759577,SE,72110919,"$1,042.04","MANSFIELD, MA",07/13 09:00,"QUEENSBURY, NY",07/13 15:07,"1,415",217,NO NOTES,1632,0.64,1,
2026-07-10T21:49:48.582177,WG,72110918,"$2,975.16","FORT WORTH, TX",07/13 10:00,"DAYTONA BEACH, FL",07/14 11:19,570,"1,120","L1163385: TRAILERS MUST BE CLEAN, EMPTY, DRY, FREE OF STRUCTURAL DAMAGE AND NO ODORS FROM PRIOR FREIGHT. MUST HAVE TWO LOAD LOCKS IN EACH TRAILER AND FUEL TANKS 3/4 FULL PRIOR TO PICKUP ARRIVAL.",1690,1.76,24,
2026-07-10T22:11:33.174980,WG,72106311,"$1,353.55","BROOKS, KY",07/15 18:00,"ELK GROVE VILLAGE, IL",07/16 09:30,578,337,IC7875: ENSURE THAT YOU HAVE THE ENTIRE BOL FILLED OUT AT THIS LOCATION.,915,1.48,15,
2026-07-10T22:11:36.334558,WG,72110030,"$2,415.62","PLAINFIELD, IN",07/15 18:00,"ROCHESTER, NY",07/16 08:00,494,587,NO NOTES,1081,2.23,37,
2026-07-10T22:11:39.258254,WG,72101659,"$1,106.80","LA VERGNE, TN",07/15 18:00,"SAINT CHARLES, MO",07/16 08:00,626,348,UP TO 10 PALLETS,974,1.14,5,
2026-07-10T22:11:41.893085,WG,72110189,$829.37,"LOCKBOURNE, OH",07/15 18:00,"SHELBY TOWNSHIP, MI",07/16 08:30,688,240,NO NOTES,928,0.89,1,
2026-07-10T22:11:44.525523,WG,72106319,"$1,201.90","BROOKS, KY",07/15 18:00,"COLLIERVILLE, TN",07/16 09:30,578,360,IC7875: ENSURE THAT YOU HAVE THE ENTIRE BOL FILLED OUT AT THIS LOCATION.,938,1.28,9,
2026-07-10T22:11:47.169996,WG,72110187,"$1,170.37","BROOKS, KY",07/15 18:00,"SHELBY TOWNSHIP, MI",07/16 08:30,578,401,NO NOTES,979,1.20,6,
2026-07-10T22:11:53.771264,SE,72110875,"$4,413.51","SCHAUMBURG, IL",07/10 21:30,"SOUTH BEND, WA",07/13 11:00,499,"2,169",NO NOTES,2668,1.65,22,
2026-07-10T22:12:15.392891,SE,72106324,$708.98,"BROOKS, KY",07/15 18:00,"LOCKBOURNE, OH",07/16 07:00,578,222,IC7875: ENSURE THAT YOU HAVE THE ENTIRE BOL FILLED OUT AT THIS LOCATION.,800,0.89,1,
2026-07-10T22:16:00.619501,WG,72110887,"$2,321.64","CINCINNATI, OH",07/14 10:00,"MISSISSAUGA, ON",07/15 10:00,622,478,ORDER NOTE: PO 2353,1100,2.11,33,
2026-07-10T22:17:04.091909,WG,72110886,"$1,560.21","MEMPHIS, TN",07/14 16:00,"ORLAND PARK, IL",07/15 08:00,591,533,"L1228142: TRACTOR SHIPMENTS MUST BE ABLE TO ACCOMODATE 26 PALLETS, NEED TO HAVE 53' OF SPACE, NO PALLET JACKS",1124,1.39,12,
2026-07-10T22:18:02.973981,WG,72110429,"$3,781.81","MINNEAPOLIS, MN",07/15 10:00,"LONG ISLAND CITY, NY",07/16 13:30,424,"1,217",NO NOTES,1641,2.30,40,
2026-07-10T22:18:28.088292,WG,72110921,"$2,402.51","RENSSELAER, NY",07/15 13:00,"BLOOMINGTON, IN",07/16 08:17,"1,284",836,NO NOTES,2120,1.13,6,
2026-07-10T22:46:43.760789,SE,72110913,$502.86,"MEMPHIS, TN",07/13 10:00,"MEMPHIS, TN",07/13 16:00,586,14,NO NOTES,600,0.84,1,
2026-07-10T23:11:27.983796,WG,72103782,"$1,158.94","BROOKS, KY",07/15 19:00,"OLIVE BRANCH, MS",07/16 07:00,578,374,NO NOTES,952,1.22,7,
2026-07-10T23:11:30.362606,WG,72105262,$893.03,"LA VERGNE, TN",07/15 19:00,"LOUISVILLE, KY",07/16 08:00,626,196,"CORD11: TRUCK MUST HAVE FULL AMOUNT OF USABLE SPACE FOR THE TRUCK SIZE REQUESTED, 20FT OF USABLE SPACE, 12FT OF USABLE SPACE, 53FT OF USABLE SPACE.",822,1.09,3,
2026-07-10T23:17:02.497472,WG,72110926,"$2,808.81","PARSIPPANY, NJ",07/15 08:00,"LA VERGNE, TN",07/16 09:00,"1,206",864,NO NOTES,2070,1.36,12,
2026-07-10T23:37:28.120466,WG,72110927,"$1,306.46","SHEPHERDSVILLE, KY",07/14 14:00,"OLIVE BRANCH, MS",07/15 09:00,583,369,NO NOTES,952,1.37,11,
2026-07-11T00:11:38.518581,WG,72104400,"$2,230.08","LOCKBOURNE, OH",07/15 20:00,"LA VERGNE, TN",07/16 07:00,688,396,NO NOTES,1084,2.06,31,
2026-07-11T00:11:41.536207,WG,72106720,"$1,588.58","BROOKS, KY",07/15 20:00,"CORAOPOLIS, PA",07/16 13:35,578,403,IC7875: ENSURE THAT YOU HAVE THE ENTIRE BOL FILLED OUT AT THIS LOCATION.,981,1.62,19,
2026-07-11T08:18:46.631327,SE,72110931,$607.11,"HEBRON, KY",07/11 09:00,"ERLANGER, KY",07/11 11:00,613,11,NO NOTES,624,0.97,1,
2026-07-11T10:32:16.857602,SE,72110930,$554.28,"FORT WAYNE, IN",07/11 08:00,"ALBION, IN",07/11 12:00,613,28,NO NOTES,641,0.86,1,
2026-07-11T11:11:30.906405,WG,72108777,$787.28,"BROOKS, KY",07/16 07:00,"WEST CHESTER, OH",07/16 11:19,578,133,NO NOTES,711,1.11,4,
2026-07-11T11:39:36.368266,WG,72109722,$940.44,"INDIANAPOLIS, IN",07/16 07:30,"LOUISVILLE, KY",07/16 11:39,508,125,NO NOTES,633,1.49,14,
2026-07-11T12:11:33.891893,WG,72110790,"$1,251.95","MEMPHIS, TN",07/16 08:00,"LOCKBOURNE, OH",07/16 22:00,591,588,"L1228142: TRACTOR SHIPMENTS MUST BE ABLE TO ACCOMODATE 26 PALLETS, NEED TO HAVE 53' OF SPACE, NO PALLET JACKS",1179,1.06,3,
2026-07-11T12:11:37.074786,WG,72110642,"$1,381.24","MONTPELIER, VT",07/16 08:00,"STRATFORD, CT",07/16 15:52,"1,409",253,DRIVER MUST HAVE BIRTH CERTIFICATE OR PASSPORT FOR DELIVERY. THEY WILL TURN THEM AWAY IF THEY DON'T HAVE ONE OF THESE,1662,0.83,1,
2026-07-11T12:12:04.260366,SE,72109696,"$1,588.97","ANDOVER, MA",07/16 08:00,"SAXONBURG, PA",07/17 08:00,"1,445",579,NO NOTES,2024,0.79,1,
2026-07-11T13:11:23.464121,WG,72105804,"$1,545.87","PHILADELPHIA, PA",07/16 09:00,"RENSSELAER, NY",07/16 15:07,"1,155",217,NO NOTES,1372,1.13,5,
2026-07-11T13:11:25.871574,WG,72110758,"$2,075.69","LOCKBOURNE, OH",07/16 09:00,"CAMBRIDGE, ON",07/17 08:00,688,391,NO NOTES,1079,1.92,28,
2026-07-11T13:11:28.205687,WG,72110901,$824.17,"MOUNT VERNON, IN",07/16 09:00,"MOUNT VERNON, IN",07/16 09:00,460,0,BRCOAR: TRAILER MUST BE EMPTY OUTSIDE OF EQUIPMENT NEEDED TO SECURE. NO PLYWOOD IN TRAILER FLOORS ON REEFER LOADS.,460,1.79,23,
2026-07-11T13:11:32.109101,WG,72109505,"$3,954.70","LAKEWOOD, NJ",07/16 09:00,"WEST BEND, WI",07/17 09:00,"1,202",945,NO NOTES,2147,1.84,27,
2026-07-11T13:11:34.754578,WG,72105814,"$1,165.84","ALLENTOWN, PA",07/16 09:00,"RENSSELAER, NY",07/16 15:08,"1,121",218,NO NOTES,1339,0.87,1,
2026-07-11T14:11:36.648691,WG,72110910,"$1,421.65","COOKEVILLE, TN",07/16 10:00,"MEMPHIS, TN",07/16 17:27,693,280,NO NOTES,973,1.46,14,
2026-07-11T14:11:39.210341,WG,72110923,"$3,202.61","BLOOMINGTON, IN",07/16 10:00,"PHILADELPHIA, PA",07/17 08:00,524,708,DOCK HIGH / SEALABLE / DEDICATED TRUCK REQUIRED - VANS ARE NOT ACCEPTABLE.,1232,2.60,48,
2026-07-11T14:11:41.806260,WG,72110297,$837.68,"CINCINNATI, OH",07/16 10:00,"BROOKS, KY",07/16 13:00,614,121,NO NOTES,735,1.14,5,
2026-07-11T16:11:39.503284,WG,72106761,$731.40,"BROOKS, KY",07/16 12:00,"BROOKS, KY",07/16 13:30,578,1,IC7875: ENSURE THAT YOU HAVE THE ENTIRE BOL FILLED OUT AT THIS LOCATION.,579,1.26,8,
2026-07-11T17:11:38.704075,WG,72110332,"$2,315.52","RENSSELAER, NY",07/16 13:00,"FISHERS, IN",07/17 07:30,"1,284",790,NO NOTES,2074,1.12,5,
2026-07-11T18:11:18.889890,WG,72110705,"$2,446.00","CHARLOTTESVILLE, VA",07/16 14:00,"LA VERGNE, TN",07/17 08:30,"1,053",541,NO NOTES,1594,1.53,17,
2026-07-11T18:11:21.402748,WG,72109687,"$1,213.43","INDIANAPOLIS, IN",07/16 14:00,"ERIE, PA",07/17 08:00,508,409,NO NOTES,917,1.32,10,
2026-07-11T19:11:34.462502,WG,72109641,"$1,868.91","BROOKS, KY",07/16 15:00,"OVERLAND PARK, KS",07/17 09:00,578,531,IC7875: ENSURE THAT YOU HAVE THE ENTIRE BOL FILLED OUT AT THIS LOCATION.,1109,1.69,21,
2026-07-11T19:11:37.021419,WG,72107180,"$1,126.44","MOUNT VERNON, IN",07/16 15:00,"OLIVE BRANCH, MS",07/17 02:00,460,302,PLEASE BE IN RANGE WHEN YOU ARRIVE AT SHIPPER**SET POINT 5C,762,1.48,14,
2026-07-11T19:25:28.785165,WG,72109581,$993.78,"RICHLAND, MS",07/16 15:15,"MEMPHIS, TN",07/16 21:09,750,207,NO NOTES,957,1.04,2,
2026-07-11T21:11:26.905170,WG,72106770,"$1,420.69","BROOKS, KY",07/16 17:00,"KERNERSVILLE, NC",07/17 08:00,578,472,IC7875: ENSURE THAT YOU HAVE THE ENTIRE BOL FILLED OUT AT THIS LOCATION.,1050,1.35,11,
2026-07-11T21:39:43.009279,WG,72105891,"$2,194.97","GROVE CITY, OH",07/16 17:30,"CHARLOTTE, NC",07/17 08:00,678,434,"ORDER NOTE: PALLET JACK NEEDED FOR DRIVER UNLOAD, OR SHIPMENT MAY BE REFUSED",1112,1.97,29,
2026-07-11T21:39:45.645027,WG,72104343,"$1,381.54","DES PLAINES, IL",07/16 17:30,"DETROIT, MI",07/17 08:00,496,307,COURIER WILL RIDE IN TRUCK,803,1.72,21,
2026-07-11T22:11:28.629878,WG,72105903,"$1,824.95","NEWARK, DE",07/16 18:00,"SHREWSBURY, MA",07/17 08:00,"1,141",313,ORDER NOTE: PALLET JACK NEEDED FOR DRIVER UNLOAD,1454,1.26,9,
2026-07-11T22:11:31.200583,WG,72107645,"$1,357.34","SHEPHERDSVILLE, KY",07/16 18:00,"DOTHAN, AL",07/17 09:00,583,538,BAX5100: ALL TAKEDA LOADS THAT ARE TEMP SHOULD BE TVAL,1121,1.21,7,
2026-07-11T23:11:36.578914,WG,72106800,$926.75,"BROOKS, KY",07/16 19:00,"GROVE CITY, OH",07/17 08:30,578,211,IC7875: ENSURE THAT YOU HAVE THE ENTIRE BOL FILLED OUT AT THIS LOCATION.,789,1.17,6,
2026-07-12T00:11:33.593724,WG,72104411,"$3,232.37","LOCKBOURNE, OH",07/16 20:00,"OVERLAND PARK, KS",07/17 12:03,688,684,NO NOTES,1372,2.36,41,
2026-07-12T00:16:55.396597,WG,72111057,$837.68,"CINCINNATI, OH",07/15 10:00,"BROOKS, KY",07/15 13:00,614,121,NO NOTES,735,1.14,5,
2026-07-12T10:21:58.205299,WG,72110214,"$3,551.72","PEPPERELL, MA",07/13 09:30,"HOUSTON, TX",07/15 09:00,314,"1,854",BRCOAR: TRAILER MUST BE EMPTY OUTSIDE OF EQUIPMENT NEEDED TO SECURE. NO PLYWOOD IN TRAILER FLOORS ON REEFER LOADS.,2168,1.64,21,
2026-07-12T13:11:33.177700,WG,72109732,"$1,167.01","BEDFORD, MA",07/17 09:00,"NORTHBOROUGH, MA",07/17 11:08,313,30,NO NOTES,343,3.40,68,
2026-07-12T14:11:46.611466,WG,72110401,"$5,907.69","FORT WAYNE, IN",07/17 10:00,"CYPRESS, CA",07/19 09:14,607,"2,150",NO NOTES,2757,2.14,37,
2026-07-12T14:12:06.759296,SE,72110876,"$3,509.01","WOBURN, MA",07/17 10:00,"GIBSON, LA",07/20 09:00,315,"1,588",NO NOTES,1903,1.84,27,
2026-07-12T14:37:57.833983,WG,72111094,"$2,111.30","NEW BRUNSWICK, NJ",07/15 10:00,"MOUNT VERNON, IN",07/16 09:00,74,852,BRCOAR: TRAILER MUST BE EMPTY OUTSIDE OF EQUIPMENT NEEDED TO SECURE. NO PLYWOOD IN TRAILER FLOORS ON REEFER LOADS.,926,2.28,38,
2026-07-12T16:11:33.234865,WG,72106810,$827.83,"BROOKS, KY",07/17 12:00,"BROOKS, KY",07/17 13:30,674,1,IC7875: ENSURE THAT YOU HAVE THE ENTIRE BOL FILLED OUT AT THIS LOCATION.,675,1.23,7,
2026-07-12T19:11:20.863193,WG,72108809,"$4,216.27","DELRAY BEACH, FL",07/17 15:00,"LONG ISLAND CITY, NY",07/20 09:00,"1,183","1,244",NO NOTES,2427,1.74,24,
2026-07-12T20:11:16.636050,WG,72100526,"$8,091.88","OLIVE BRANCH, MS",07/17 16:00,"OLIVE BRANCH, MS",07/22 09:00,"1,023","2,900",NO NOTES,3923,2.06,37,
2026-07-13T04:22:06.663079,WG,72110917,"$1,911.87","ROCKFORD, IL",07/14 10:00,"BROOKS, KY",07/15 09:00,827,395,NO NOTES,1222,1.56,17,
2026-07-13T12:00:39.095843,SE,72111121,$662.99,"LEBANON, NJ",07/16 09:00,"SWIFTWATER, PA",07/16 11:35,47,51,NO NOTES,98,6.77,70,
2026-07-13T12:44:02.868117,WG,72101705,"$3,428.85","ERLANGER, KY",07/15 08:00,"JAMAICA, NY",07/16 08:00,570,676,NO NOTES,1246,2.75,52,
2026-07-13T12:45:57.741920,SE,72110896,$529.00,"DURHAM, NC",07/14 11:00,"RALEIGH, NC",07/14 13:09,446,31,NO NOTES,477,1.11,3,
2026-07-13T12:46:05.434199,SE,72111043,$514.71,"UPTON, KY",07/16 08:00,"FRANKLIN, KY",07/16 11:05,726,75,NO NOTES,801,0.64,1,
2026-07-13T13:16:12.591464,WG,72111112,$727.01,"CRANBURY, NJ",07/15 10:00,"RARITAN, NJ",07/15 12:07,60,29,00046768: ALL TEMP CONTROL LOADS MUST BE TVAL,89,8.17,71,
2026-07-13T13:17:37.582007,WG,72111113,$636.26,"CRANBURY, NJ",07/16 10:00,"RARITAN, NJ",07/16 12:07,60,29,00046768: ALL TEMP CONTROL LOADS MUST BE TVAL,89,7.15,70,
2026-07-13T13:31:37.144906,WG,72111115,$645.33,"CRANBURY, NJ",07/16 10:00,"RARITAN, NJ",07/16 12:07,60,29,00046768: ALL TEMP CONTROL LOADS MUST BE TVAL,89,7.25,70,
2026-07-13T13:46:08.360781,SE,72111048,$807.25,"SALT LAKE CITY, UT",07/14 14:00,"OGDEN, UT",07/15 02:00,"2,123",36,NO NOTES,2159,0.37,1,
2026-07-13T13:46:19.378451,SE,72111126,$769.53,"BOSTON, MA",07/17 09:00,"BOSTON, MA",07/17 14:00,316,77,CSAFE RKN SHIPMENT TO PICK UP FREIGHT. WILL NEED TO FOLLOW SHIPPER ORIGIN INSTRUCTIONS AT ALL LOCATIONS. INSTRUCTIONS WILL BE EMAILED TO YOU,393,1.96,27,
2026-07-13T13:51:00.341991,WG,72111049,"$1,025.21","BROOKS, KY",07/15 07:00,"ITASCA, IL",07/15 14:00,674,336,NO NOTES,1010,1.02,1,
2026-07-13T14:08:52.983925,WG,72111128,"$2,021.83","MALVERN, PA",07/14 14:00,"RIVERVIEW, MI",07/15 09:00,45,542,NO NOTES,587,3.44,70,
2026-07-13T14:16:20.278437,WG,72111051,$788.46,"LOCKBOURNE, OH",07/15 07:00,"CHARLESTOWN, IN",07/16 08:00,462,213,BAX5100: MUST HAVE TEAM DRIVERS FOR ALL RUNS NO MATTER WHAT THE MILEAGE IS.,675,1.17,5,
2026-07-13T14:44:17.832090,WG,72111133,$610.47,"FREDERICK, MD",07/15 09:00,"GAITHERSBURG, MD",07/15 10:59,170,23,"ASCOSY: NO ROLL UP DOORS ALLOWED ON TRAILERS, MUST HAVE SWING DOORS.",193,3.16,61,
2026-07-13T14:44:42.081498,WG,72104310,$907.35,"MIRA LOMA, CA",07/15 14:00,"SANTA MONICA, CA",07/15 18:31,"2,673",72,"L1145981: IF PICKING UP AT UPS MIRA LOMA, CA PU IS AT DOOR 2132.",2745,0.33,1,
2026-07-13T14:46:15.865054,SE,72111132,"$1,709.32","KANKAKEE, IL",07/15 15:00,"MEMPHIS, TN",07/16 08:00,766,491,NO NOTES,1257,1.36,11,
2026-07-13T14:53:35.601349,SE,72111131,$576.92,"CHICAGO, IL",07/13 12:00,"DES PLAINES, IL",07/13 14:00,766,5,NO NOTES,771,0.75,1,
2026-07-13T14:53:38.284306,SE,72111157,$963.76,"JACKSON, MO",07/14 00:00,"INDIANAPOLIS, IN",07/14 08:23,955,324,ORDER NOTE: OPEN 24 HOURS,1279,0.75,1,
2026-07-13T14:57:18.194193,WG,72111159,"$3,868.28","ROCKFORD, IL",07/14 11:00,"PHILADELPHIA, PA",07/15 08:00,827,853,NO NOTES,1680,2.30,40,
2026-07-13T15:00:09.228329,WG,72111161,"$2,053.59","BLOOMINGTON, IN",07/16 13:00,"SWIFTWATER, PA",07/17 05:28,690,704,"1 PALLET, ? 50 LBS. TBD EMPTY API TANKS ON WHEELS 27X27X44 INCHES 157 LB. EACH THE STEEL CART QUANTITY IS UNDETERMINED BUT PREDICTING TO HAVE 6-8 UPON PICKUP.",1394,1.47,15,
2026-07-13T15:11:45.623778,SE,72111042,$842.97,"SAN DIEGO, CA",07/15 10:00,"SAN DIEGO, CA",07/15 12:05,"2,737",28,DRIVER NEEDS TO CHECK THAT LIFTGATE IS OPERATIONAL THIS IS TO RECOVER A LOAD WHERE THE LIFTGATE DIDN'T WORK,2765,0.30,1,
2026-07-13T15:11:48.764781,SE,72111163,"$2,157.37","NEW ALBANY, OH",07/15 12:00,"MOORESTOWN, NJ",07/16 10:54,456,480,NO NOTES,936,2.30,38,
2026-07-13T15:31:51.464097,SE,72111144,$739.39,"MECHANICSBURG, PA",07/13 16:00,"MILLBURN, NJ",07/14 09:00,104,163,NO NOTES,267,2.77,50,
2026-07-13T15:39:18.375472,SE,72111146,"$1,432.52","FAIRFIELD, NJ",07/13 12:30,"BILLERICA, MA",07/14 08:00,86,236,NO NOTES,322,4.45,71,
2026-07-13T15:42:50.312937,WG,72111147,$887.63,"FAIRFIELD, NJ",07/13 12:30,"CRANBURY, NJ",07/14 08:00,86,56,NO NOTES,142,6.25,71,
2026-07-13T16:15:05.268775,WG,72111184,"$1,122.88","NORTH CHARLESTON, SC",07/14 09:00,"WILMINGTON, NC",07/14 14:17,704,178,NO NOTES,882,1.27,9,
2026-07-13T16:18:04.001022,SE,72109175,"$3,426.42","LITTLETON, CO",07/13 22:03,"PATUXENT RIVER, MD",07/15 12:44,"1,742","1,748",NO NOTES,3490,0.98,3,
2026-07-13T16:25:04.241102,SE,72111201,"$1,691.95","HOUSTON, TX",07/13 13:00,"OMAHA, NE",07/14 11:01,"1,567",918,NO NOTES,2485,0.68,1,
2026-07-13T16:30:55.832163,WG,72111185,"$5,949.02","OLIVE BRANCH, MS",07/15 13:00,"SOUTH SAN FRANCISCO, CA",07/17 11:26,"1,023","2,112",NO NOTES,3135,1.90,30,
2026-07-13T16:44:51.801643,WG,72111153,"$1,059.61","SHEPHERDSVILLE, KY",07/15 14:00,"ITASCA, IL",07/16 08:00,679,341,BAX5100: ALL TAKEDA LOADS THAT ARE TEMP SHOULD BE TVAL,1020,1.04,2,
2026-07-13T17:17:50.765845,WG,72111155,"$1,196.20","ALLENTOWN, PA",07/16 10:00,"LOCKBOURNE, OH",07/17 10:00,18,448,L1244392: TEAM DRIVERS ONLY FOR ALL TAKEDA RUNS,466,2.57,45,
2026-07-13T17:29:46.422348,WG,72111208,"$3,298.31","CHARLES CITY, IA",07/15 09:00,"GREENVILLE, NC",07/16 12:00,"1,074","1,196",L1244392: TEAM DRIVERS ONLY FOR ALL TAKEDA RUNS,2270,1.45,16,
2026-07-13T17:50:43.147327,WG,72111156,$870.99,"MALVERN, PA",07/15 07:30,"RARITAN, NJ",07/15 10:22,45,65,NO NOTES,110,7.92,71,
2026-07-13T17:51:14.146413,WG,72111219,$691.69,"COLUMBUS, OH",07/15 11:00,"GROVEPORT, OH",07/15 14:30,468,16,"BICOCT: TRAILERS MUST BE CLEAN, EMPTY, DRY, FREE OF STRUCTURAL DAMAGE AND NO ODORS FROM PRIOR FREIGHT. MUST HAVE TWO LOAD LOCKS IN EACH TRAILER AND FUEL TANKS 3/4 FULL PRIOR TO PICKUP ARRIVAL. ANY SHIPMENTS WITH VA-Q-TEC CONTAINERS, PLEASE MAKE SURE CONTAINERS ARE OFFLOADED AND COMPLETELY EMPTIED AT DELIVERY BEFORE BEING RELOADED ONTO TRUCK FOR RETURN TO VA-Q-TEC.",484,1.43,13,
2026-07-13T18:03:51.466992,SE,72111194,"$2,313.65","ALBERTVILLE, MN",07/13 17:30,"RAPID CITY, SD",07/14 07:38,"1,183",594,NO NOTES,1777,1.30,10,
2026-07-13T18:14:54.405132,WG,72111202,"$1,149.29","DEVENS, MA",07/14 08:00,"EAST SYRACUSE, NY",07/14 15:45,301,294,NO NOTES,595,1.93,27,
2026-07-13T18:32:04.316076,SE,72111239,"$1,125.90","CARTERSVILLE, GA",07/13 15:30,"SAINT LOUIS, MO",07/14 07:00,791,517,NO NOTES,1308,0.86,1,
2026-07-13T18:44:03.487132,WG,72111263,$951.45,"OAKLAND, CA",07/15 11:00,"AUBURN, CA",07/15 15:12,"2,852",127,NO NOTES,2979,0.32,1,
2026-07-13T18:44:49.765602,WG,72111224,"$2,323.93","GROVE CITY, OH",07/15 18:00,"BREINIGSVILLE, PA",07/16 08:00,464,448,NO NOTES,912,2.55,45,
2026-07-13T18:50:00.507175,WG,72111260,"$2,714.87","LOCKBOURNE, OH",07/13 18:00,"PHILADELPHIA, PA",07/14 14:40,462,480,NO NOTES,942,2.88,55,
2026-07-13T18:51:53.889038,WG,72111143,"$7,334.08","SAN DIEGO, CA",07/15 11:00,"BIRMINGHAM, AL",07/17 09:00,"2,731","1,997",NO NOTES,4728,1.55,22,
2026-07-13T18:51:59.504877,WG,72111240,$914.43,"SHEPHERDSVILLE, KY",07/15 13:00,"GROVEPORT, OH",07/16 08:00,679,226,NO NOTES,905,1.01,1,
2026-07-13T18:52:54.560928,WG,72111262,"$5,306.31","CLEARWATER, FL",07/16 08:30,"WOODSTOCK, IL",07/17 13:00,"1,102","1,255",NO NOTES,2357,2.25,40,
2026-07-13T18:58:00.190989,WG,72111266,"$2,303.84","OLIVE BRANCH, MS",07/14 17:00,"ITASCA, IL",07/15 09:30,"1,023",567,NO NOTES,1590,1.45,15,
2026-07-13T19:08:33.453566,WG,72111229,"$2,631.62","ATLANTA, GA",07/14 14:00,"BRIDGMAN, MI",07/15 07:08,805,735,L1158680: ***NO QOC'S** PER CUST REQ,1540,1.71,22,
2026-07-13T19:09:07.859730,WG,72111241,"$9,330.37","ORLANDO, FL",07/15 08:30,"CHATSWORTH, CA",07/17 17:06,"1,031","2,590",NO NOTES,3621,2.58,53,
2026-07-13T19:11:29.020753,SE,72111271,,,,,,,,NO NOTES,,,1,
2026-07-13T19:36:35.829151,WG,72111235,$968.87,"PENSACOLA, FL",07/14 16:00,"MOBILE, AL",07/14 18:47,"1,129",61,NO NOTES,1190,0.81,1,
2026-07-13T19:45:19.556305,WG,72111244,"$4,512.76","MOORESTOWN, NJ",07/16 10:00,"KANSAS CITY, MO",07/17 11:55,60,"1,148",NO NOTES,1208,3.74,74,
2026-07-13T19:45:52.279896,SE,72111204,"$2,453.00","ABILENE, TX",07/14 09:00,"LOCKBOURNE, OH",07/15 12:47,"1,666","1,236",NO NOTES,2902,0.85,2,
2026-07-13T19:57:50.610737,WG,72111278,$723.86,"COLUMBUS, OH",07/15 10:00,"WEST CHESTER, OH",07/15 11:57,468,92,"BICOCT: TRAILERS MUST BE CLEAN, EMPTY, DRY, FREE OF STRUCTURAL DAMAGE AND NO ODORS FROM PRIOR FREIGHT. MUST HAVE TWO LOAD LOCKS IN EACH TRAILER AND FUEL TANKS 3/4 FULL PRIOR TO PICKUP ARRIVAL. ANY SHIPMENTS WITH VA-Q-TEC CONTAINERS, PLEASE MAKE SURE CONTAINERS ARE OFFLOADED AND COMPLETELY EMPTIED AT DELIVERY BEFORE BEING RELOADED ONTO TRUCK FOR RETURN TO VA-Q-TEC.",560,1.29,9,
2026-07-13T20:01:05.221488,WG,72111265,"$1,143.37","MEMPHIS, TN",07/14 09:00,"LA VERGNE, TN",07/15 12:00,"1,019",250,"MAX SKIDS 8 MAYBE SOME BOXES AS WELL , EST 14 PCS TOTAL TAKE WHATS LOADED FOR EACH STOP",1269,0.90,1,
2026-07-13T20:15:11.322459,WG,72111280,$831.80,"MORRISVILLE, PA",07/14 13:30,"NEW CASTLE, DE",07/14 16:24,43,66,NO NOTES,109,7.63,71,
2026-07-13T20:18:16.719827,SE,72110824,"$3,089.36","TAMARAC, FL",07/14 12:00,"PHILADELPHIA, PA",07/15 16:26,"1,200","1,179",NO NOTES,2379,1.30,11,
2026-07-13T20:29:28.126008,WG,72111281,"$2,809.82","PHILADELPHIA, PA",07/14 16:00,"MADISON, WI",07/15 13:17,28,930,NO NOTES,958,2.93,57,
2026-07-13T20:31:42.678918,WG,72111282,"$1,270.98","WILMINGTON, OH",07/16 11:00,"ASHLAND, OH",07/16 15:38,512,148,NO NOTES,660,1.93,27,
2026-07-13T20:43:35.889773,WG,72111300,"$1,189.28","DES PLAINES, IL",07/14 21:00,"CINCINNATI, OH",07/15 08:00,769,321,NO NOTES,1090,1.09,3,
2026-07-13T20:44:27.895252,WG,72111285,"$1,239.63","MADISON, WI",07/15 11:00,"MADISON, WI",07/15 12:42,899,10,NO NOTES,909,1.36,11,
2026-07-13T21:08:17.439229,WG,72111287,"$1,976.84","MEMPHIS, TN",07/14 15:00,"CANFIELD, OH",07/15 08:32,"1,015",754,"L1228142: TRACTOR SHIPMENTS MUST BE ABLE TO ACCOMODATE 26 PALLETS, NEED TO HAVE 53' OF SPACE, NO PALLET JACKS",1769,1.12,5,
2026-07-13T21:08:31.909532,WG,72111288,"$1,142.84","CAPITOL HEIGHTS, MD",07/15 03:00,"SNOWSHOE, WV",07/15 12:30,142,237,NO NOTES,379,3.02,57,
2026-07-13T21:15:42.270829,WG,72111290,"$1,010.34","SAN DIEGO, CA",07/15 10:00,"SAN DIEGO, CA",07/15 12:00,"2,728",10,ORDER NOTE: TEMPTALE IS ON A 1 HOUR TIMED DELAY. DRIVER MUST REMAIN ONSITE FOR 1 HOUR PRIOR TO DEPARTURE.,2738,0.37,1,
2026-07-13T21:21:54.669930,WG,72111301,"$3,557.26","FISHERS, IN",07/14 09:00,"RENSSELAER, NY",07/15 20:00,643,792,NO NOTES,1435,2.48,45,
2026-07-13T22:16:15.347030,WG,72110488,"$2,423.36","SANFORD, NC",07/15 13:00,"CHESTERFIELD, MO",07/16 10:00,454,817,NO NOTES,1271,1.91,27,
2026-07-14T00:31:42.024082,SE,72111365,$825.66,"BOSTON, MA",07/16 09:00,"BOSTON, MA",07/16 14:00,325,54,NO NOTES,379,2.18,34,
2026-07-14T00:44:59.570312,WG,72111366,$921.58,"ALLENTOWN, PA",07/16 15:00,"WILMINGTON, MA",07/17 08:00,53,317,NO NOTES,370,2.49,42,
2026-07-14T02:30:49.893294,WG,72111303,"$1,004.52","BOSTON, MA",07/16 09:00,"BOSTON, MA",07/16 13:08,325,54,NO NOTES,379,2.65,47,
2026-07-14T10:59:01.418701,SE,72111367,"$1,246.04","MOUNT STERLING, KY",07/14 09:00,"CULPEPER, VA",07/14 19:33,595,426,NO NOTES,1021,1.22,7,
2026-07-14T11:51:57.249952,WG,72111370,"$10,295.75","SCHENECTADY, NY",07/17 10:00,"SILVERDALE, WA",07/20 11:00,238,"2,926",NO NOTES,3164,3.25,72,
2026-07-14T12:30:19.318019,WG,72111374,"$1,996.48","MEMPHIS, TN",07/16 13:00,"ORLANDO, FL",07/17 08:00,"1,015",757,"L1228142: TRACTOR SHIPMENTS MUST BE ABLE TO ACCOMODATE 26 PALLETS, NEED TO HAVE 53' OF SPACE, NO PALLET JACKS",1772,1.13,5,
2026-07-14T12:30:36.295330,WG,72111375,"$1,296.12","MEMPHIS, TN",07/16 21:00,"LOXLEY, AL",07/17 08:00,"1,015",390,"L1228142: TRACTOR SHIPMENTS MUST BE ABLE TO ACCOMODATE 26 PALLETS, NEED TO HAVE 53' OF SPACE, NO PALLET JACKS",1405,0.92,1,
2026-07-14T12:38:08.935672,SE,72074201,"$2,003.14","RENO, NV",07/15 13:00,"SOUTH JORDAN, UT",07/16 03:00,"2,636",526,F1126192: DRIVER MAY BE REQUESTED TO HELP WITH LOADING/UNLOADING BASEBALL EQUIPMENT PCS/WT VARY,3162,0.63,2,
2026-07-14T12:51:35.890871,WG,72110915,"$1,201.92","DRAPER, UT",07/16 16:00,"SALT LAKE CITY, UT",07/16 18:00,"2,129",22,NO NOTES,2151,0.56,1,
2026-07-14T13:02:39.477374,WG,72111384,"$4,329.96","COLUMBUS, OH",07/17 09:00,"TEMPE, AZ",07/20 08:00,462,"1,864","BICOCT: TRAILERS MUST BE CLEAN, EMPTY, DRY, FREE OF STRUCTURAL DAMAGE AND NO ODORS FROM PRIOR FREIGHT. MUST HAVE TWO LOAD LOCKS IN EACH TRAILER AND FUEL TANKS 3/4 FULL PRIOR TO PICKUP ARRIVAL. ANY SHIPMENTS WITH VA-Q-TEC CONTAINERS, PLEASE MAKE SURE CONTAINERS ARE OFFLOADED AND COMPLETELY EMPTIED AT DELIVERY BEFORE BEING RELOADED ONTO TRUCK FOR RETURN TO VA-Q-TEC.",2326,1.86,28,
2026-07-14T13:02:54.771019,SE,72111383,"$5,061.74","WILMINGTON, NC",07/16 07:00,"SAN JOSE, CA",07/20 10:00,512,"2,854",NO NOTES,3366,1.50,19,
2026-07-14T13:28:57.036619,WG,72110275,"$1,176.07","MIDDLETOWN, VA",07/15 07:00,"ROCHESTER, NY",07/15 16:41,212,385,NO NOTES,597,1.97,28,
2026-07-14T13:50:46.884429,WG,72111405,"$1,528.22","GREENVILLE, NC",07/15 15:00,"WESCOSVILLE, PA",07/16 08:00,420,451,NO NOTES,871,1.75,22,
2026-07-14T13:51:41.861566,WG,72111410,$945.11,"KANSAS CITY, MO",07/17 08:00,"KANSAS CITY, MO",07/17 12:22,"1,134",65,CSAFE RKN SHIPMENT TO PICK UP FREIGHT. WILL NEED TO FOLLOW SHIPPER ORIGIN INSTRUCTIONS AT ALL LOCATIONS. INSTRUCTIONS WILL BE EMAILED TO YOU TEMP TRUCK SET POINT 20C AND RANGE 17-23C,1199,0.79,1,
2026-07-14T14:23:54.104647,SE,72111395,"$3,189.50","GREEN BAY, WI",07/14 13:00,"LONDONDERRY, NH",07/16 08:00,952,"1,231",NO NOTES,2183,1.46,16,
2026-07-14T14:29:20.128105,WG,72111428,"$1,208.07","ERIE, PA",07/15 14:00,"INDIANAPOLIS, IN",07/16 08:00,385,407,NO NOTES,792,1.53,16,
2026-07-14T14:30:46.381933,SE,72111438,"$2,928.98","MAPLE GROVE, MN",07/15 11:00,"SANFORD, NC",07/16 14:10,"1,169","1,207",ORDER NOTE: RE: PFIZER PO# 4505559139,2376,1.23,9,
2026-07-14T14:50:12.278465,WG,72111440,"$1,832.02","MORRISVILLE, NC",07/15 10:30,"SOUDERTON, PA",07/16 06:00,418,439,ORDER NOTE: SHIPMENT # 2049,857,2.14,33,
2026-07-14T14:50:23.119736,WG,72111439,"$2,998.24","MARYLAND HEIGHTS, MO",07/15 11:30,"LEESBURG, VA",07/16 09:30,889,814,NO NOTES,1703,1.76,24,
2026-07-14T15:00:54.879558,WG,72111470,"$2,434.38","FISHERS, IN",07/15 09:00,"RENSSELAER, NY",07/16 08:00,637,792,NO NOTES,1429,1.70,22,
2026-07-14T15:15:11.756052,WG,72111482,"$3,909.37","BROOKS, KY",07/15 10:00,"MELVILLE, NY",07/16 08:30,668,798,NO NOTES,1466,2.67,50,
2026-07-14T15:15:37.079306,WG,72111484,"$3,061.40","CALEDONIA, MI",07/15 12:00,"TITUSVILLE, NJ",07/16 08:00,694,734,NO NOTES,1428,2.14,35,
2026-07-14T15:16:25.339131,WG,72111483,"$1,109.40","BOONE, IA",07/16 09:00,"ORANGE CITY, IA",07/16 14:20,"1,095",179,BLIND SHIPMENT DOES NOT WANT THE SHIPPER TO KNOW WHERE FREIGHT I S DELIVERING TO,1274,0.87,1,
2026-07-14T15:29:02.694174,WG,72111472,$716.98,"SOUTH PLAINFIELD, NJ",07/15 08:00,"BALTIMORE, MD",07/15 13:08,79,171,NO NOTES,250,2.87,53,
2026-07-14T15:29:57.743777,WG,72111485,$949.61,"LA VERGNE, TN",07/15 17:00,"SHEPHERDSVILLE, KY",07/16 06:00,803,171,NO NOTES,974,0.97,1,
2026-07-14T15:36:49.798269,WG,72111473,"$3,436.30","KANSAS CITY, MO",07/15 14:00,"ZEBULON, NC",07/16 14:44,"1,120","1,092",NO NOTES,2212,1.55,18,
2026-07-14T15:44:52.547287,WG,72111475,$745.22,"CAPE CHARLES, VA",07/17 12:00,"NORFOLK, VA",07/17 14:19,236,39,NO NOTES,275,2.71,48,
2026-07-14T15:45:13.081482,SE,72111453,$798.33,"VERGENNES, VT",07/16 09:00,"NASHUA, NH",07/16 14:14,347,176,NO NOTES,523,1.53,15,
2026-07-14T15:51:36.540915,SE,72111498,"$2,197.74","CALEXICO, CA",07/14 16:00,"SAINT GEORGE, UT",07/15 10:00,"2,616",433,NO NOTES,3049,0.72,2,
2026-07-14T16:02:09.190215,WG,72111489,"$1,791.83","LA VERGNE, TN",07/15 18:00,"CHICAGO, IL",07/16 09:00,803,491,NO NOTES,1294,1.38,12,
2026-07-14T16:08:37.659195,WG,72111499,"$1,501.11","LA VERGNE, TN",07/15 18:00,"COLUMBUS, OH",07/16 08:00,803,393,ORDER NOTE: FDCC TO CONTACT BCSTURGILL@COLUMBUS.GOV FOR DELIVERY,1196,1.26,8,
2026-07-14T16:23:18.413756,WG,72111506,"$1,035.81","BLOOMINGTON, IN",07/16 09:00,"BLOOMINGTON, IN",07/16 12:14,684,1,NO NOTES,685,1.51,15,
2026-07-14T16:24:04.644231,SE,72111521,"$2,625.79","RIVERSIDE, CA",07/16 12:00,"SAN FRANCISCO, CA",07/17 11:00,"2,669",434,NO NOTES,3103,0.85,2,
2026-07-14T16:29:24.974283,WG,72111327,"$1,454.57","GREENCASTLE, PA",07/15 09:00,"PORTSMOUTH, NH",07/16 08:00,152,495,NO NOTES,647,2.25,36,
2026-07-14T16:36:54.652302,WG,72111362,"$1,234.91","WINCHESTER, KY",07/16 08:00,"LA VERGNE, TN",07/16 14:47,606,249,NO NOTES,855,1.44,13,
2026-07-14T16:37:21.783883,WG,72111508,"$1,101.17","VANDALIA, OH",07/17 08:00,"SEYMOUR, IN",07/17 12:28,524,140,NO NOTES,664,1.66,19,
2026-07-14T16:49:55.581760,WG,72111493,$876.57,"LOCKBOURNE, OH",07/15 08:00,"SHEPHERDSVILLE, KY",07/15 14:18,456,226,BAX5100: MUST HAVE TEAM DRIVERS FOR ALL RUNS NO MATTER WHAT THE MILEAGE IS.,682,1.29,9,
2026-07-14T17:09:26.348943,SE,72111510,"$3,918.58","EAST SAINT LOUIS, IL",07/15 09:00,"SAN DIEGO, CA",07/17 01:54,874,"1,852",ORDER NOTE: USE 5504511841 FOR PICKUP. THERE ARE 2 BUILDING THERE YOU WILL STOP AT BOTH. 3 TOTAL TOTES,2726,1.44,16,
2026-07-14T17:15:06.660535,WG,72111513,"$9,378.86","ORLANDO, FL",07/15 08:30,"CHATSWORTH, CA",07/17 17:06,"1,001","2,590",NO NOTES,3591,2.61,54,
2026-07-14T17:15:23.936955,WG,72111511,"$2,928.28","GARNER, NC",07/15 13:00,"ROUND LAKE, IL",07/16 08:47,420,860,NO NOTES,1280,2.29,39,
2026-07-14T17:50:39.228604,WG,72111530,"$2,364.33","CINCINNATI, OH",07/16 08:00,"PARSIPPANY, NJ",07/17 09:30,543,607,NO NOTES,1150,2.06,32,
2026-07-14T17:58:50.578484,SE,72111523,"$2,264.32","CORONA, CA",07/16 15:00,"TEMPE, AZ",07/17 11:00,"2,675",345,NO NOTES,3020,0.75,2,
2026-07-14T18:09:02.617408,WG,72101820,"$4,200.79","CHICAGO, IL",07/19 14:00,"DEER PARK, NY",07/20 09:30,739,838,"INSIDE PU AND DEL REQUESTED - STAFF WILL BE ON HAND TO SUPERVISE AND ASSIST WITH THE LOAD (OR INDEED, DO MOST OF THE LOADING / UNLOADING, DEPENDING ON THE DRIVER'S EXPERIENCE AND PREFERENCE)",1577,2.66,50,
2026-07-14T18:22:01.201490,WG,72108340,"$7,538.12","TUCSON, AZ",07/14 16:00,"GAINESVILLE, FL",07/16 10:10,"2,295","1,912",NO NOTES,4207,1.79,29,
2026-07-14T18:23:10.293596,WG,72111558,,,,,,,,NO NOTES,,,1,
2026-07-14T14:43:04.425914,WG,72111535,"$1,524.94","FAIRMONT CITY, IL",07/16 10:00,"CARTERSVILLE, GA",07/16 22:22,877,511,NO NOTES,1388,1.10,4,
2026-07-14T14:43:15.266596,WG,72111189,"$2,144.37","LOUISVILLE, KY",07/16 17:00,"CARY, NC",07/17 07:00,667,556,NOTE: PLEASE ADVISE DRIVERS THEY CANNOT ARRIVE IN THE PARKING LOT UNTIL 15 MINUTES PRIOR TO THEIR SCHEDULED PICKUP TIME.,1223,1.75,23,
2026-07-14T18:50:55.007478,WG,72111561,"$1,635.72","LA VERGNE, TN",07/16 16:00,"DES PLAINES, IL",07/17 07:27,804,514,NO NOTES,1318,1.24,8,
2026-07-14T19:01:12.826896,WG,72111562,"$2,005.87","SHEPHERDSVILLE, KY",07/15 12:00,"SHREVEPORT, LA",07/16 09:00,677,732,BAX5100: MUST HAVE TEAM DRIVERS FOR ALL RUNS NO MATTER WHAT THE MILEAGE IS.,1409,1.42,14,
2026-07-14T19:01:44.892566,WG,72111578,"$3,663.74","FISHERS, IN",07/16 08:00,"RENSSELAER, NY",07/17 14:00,641,792,NO NOTES,1433,2.56,47,
2026-07-14T19:16:05.309493,WG,72111471,"$2,434.38","FISHERS, IN",07/16 09:00,"RENSSELAER, NY",07/17 08:00,641,792,NO NOTES,1433,1.70,22,
2026-07-14T19:16:28.235698,WG,72111605,"$1,296.89","MEMPHIS, TN",07/16 19:00,"GROVEPORT, OH",07/17 12:00,"1,016",588,"L1228142: TRACTOR SHIPMENTS MUST BE ABLE TO ACCOMODATE 26 PALLETS, NEED TO HAVE 53' OF SPACE, NO PALLET JACKS",1604,0.81,1,
2026-07-14T20:02:23.916455,SE,72111622,"$1,954.87","LAWRENCEVILLE, GA",07/14 18:00,"TINLEY PARK, IL",07/15 11:00,761,729,NO NOTES,1490,1.31,10,
2026-07-14T20:29:33.628348,WG,72111624,"$2,735.33","ELMA, NY",07/16 10:00,"TITUSVILLE, FL",07/17 12:36,355,"1,180",NO NOTES,1535,1.78,24,
2026-07-14T20:30:03.697266,WG,72111660,"$1,060.44","CORDOVA, IL",07/17 09:00,"MORRIS, IL",07/17 13:07,896,123,L1238923: NO PETS,1019,1.04,2,
2026-07-14T20:37:22.624290,SE,72042240,"$2,601.94","COLUMBUS, OH",07/19 16:30,"SAINT PAUL, MN",07/20 11:00,456,721,NO NOTES,1177,2.21,36,
2026-07-14T20:50:14.384979,WG,72111661,"$1,000.53","PENSACOLA, FL",07/15 17:30,"MOBILE, AL",07/15 19:17,"1,115",61,ORDER NOTE: MUST STAY ON TRUCK UNTIL 530 IN ORDER TO PROTECT THE FREIGHT,1176,0.85,1,
2026-07-14T20:51:19.052121,SE,72111238,"$1,063.48","ALPHARETTA, GA",07/15 09:00,"NASHVILLE, TN",07/15 15:36,776,240,NO NOTES,1016,1.05,2,
2026-07-14T20:58:07.372413,SE,72111529,"$3,524.96","PAOLA, KS",07/15 07:00,"BROCKTON, MA",07/16 15:28,"1,163","1,456",NO NOTES,2619,1.35,13,
2026-07-14T21:09:11.595857,SE,72086051,"$1,749.77","MEMPHIS, TN",07/19 17:00,"LAWRENCEVILLE, GA",07/20 09:00,"1,018",417,NO NOTES,1435,1.22,8,
2026-07-14T21:15:14.799630,WG,72111666,"$2,812.00","SAINT PETERSBURG, FL",07/16 09:00,"PHILADELPHIA, PA",07/17 09:17,"1,067","1,071",NO NOTES,2138,1.32,11,
2026-07-14T21:43:47.297966,WG,72111679,"$2,176.89","RENO, NV",07/16 17:00,"SAN DIEGO, CA",07/17 11:00,"2,641",539,NO NOTES,3180,0.68,2,
2026-07-14T21:57:48.001229,WG,72111573,"$1,697.13","SPARKS, NV",07/16 15:00,"FREMONT, CA",07/17 05:14,"2,634",387,NO NOTES,3021,0.56,1,
2026-07-14T22:08:15.080597,WG,72111669,,,,,,,,NO NOTES,,,1,
2026-07-14T22:43:07.511651,WG,72111671,"$1,013.05","LOCKBOURNE, OH",07/16 08:00,"BROOKS, KY",07/16 14:42,459,221,IC7875: ENSURE THAT YOU HAVE THE ENTIRE BOL FILLED OUT AT THIS LOCATION.,680,1.49,14,
2026-07-14T22:43:36.293650,WG,72111722,"$1,442.55","LA VERGNE, TN",07/16 15:00,"GASTONIA, NC",07/17 00:40,804,384,NO NOTES,1188,1.21,7,
2026-07-14T22:58:12.882719,WG,72111328,"$1,534.59","BROOKS, KY",07/16 17:00,"PITTSBURGH, PA",07/17 08:00,672,393,NO NOTES,1065,1.44,14,
2026-07-14T22:58:18.435744,WG,72111220,"$2,999.24","LOUISVILLE, KY",07/16 17:30,"FORT WORTH, TX",07/17 13:25,667,866,DO NOT ARRIVE MORE THAN 15 MINUTES PRIOR TO SCHEDULED PICKUP TIME,1533,1.96,29,
2026-07-14T23:15:33.448681,WG,72111283,$785.79,"COLUMBUS, OH",07/16 11:00,"PATASKALA, OH",07/16 13:30,465,32,"BICOCT: TRAILERS MUST BE CLEAN, EMPTY, DRY, FREE OF STRUCTURAL DAMAGE AND NO ODORS FROM PRIOR FREIGHT. MUST HAVE TWO LOAD LOCKS IN EACH TRAILER AND FUEL TANKS 3/4 FULL PRIOR TO PICKUP ARRIVAL. ANY SHIPMENTS WITH VA-Q-TEC CONTAINERS, PLEASE MAKE SURE CONTAINERS ARE OFFLOADED AND COMPLETELY EMPTIED AT DELIVERY BEFORE BEING RELOADED ONTO TRUCK FOR RETURN TO VA-Q-TEC.",497,1.58,17,
2026-07-14T23:29:51.272056,WG,72111672,"$2,422.26","LA VERGNE, TN",07/16 17:00,"OVERLAND PARK, KS",07/17 09:00,804,579,NO NOTES,1383,1.75,23,
2026-07-14T23:37:25.890311,SE,72059808,"$2,654.13","TACOMA, WA",07/19 19:30,"WEST SACRAMENTO, CA",07/20 15:21,"2,827",722,"OKL2SO: BASEBALL EQUIPMENT/DRIVER MAY BE REQUESTED TO HELP WITH LOADING/UNLOADING/PCS,WT MAY VARY",3549,0.75,2,
2026-07-14T23:43:21.830825,WG,72111673,$825.66,"COLUMBUS, OH",07/16 09:00,"LOCKBOURNE, OH",07/16 11:00,465,19,"BICOCT: TRAILERS MUST BE CLEAN, EMPTY, DRY, FREE OF STRUCTURAL DAMAGE AND NO ODORS FROM PRIOR FREIGHT. MUST HAVE TWO LOAD LOCKS IN EACH TRAILER AND FUEL TANKS 3/4 FULL PRIOR TO PICKUP ARRIVAL. ANY SHIPMENTS WITH VA-Q-TEC CONTAINERS, PLEASE MAKE SURE CONTAINERS ARE OFFLOADED AND COMPLETELY EMPTIED AT DELIVERY BEFORE BEING RELOADED ONTO TRUCK FOR RETURN TO VA-Q-TEC.",484,1.71,20,
2026-07-15T00:37:11.250288,SE,72109193,"$1,517.08","ROCHESTER, NY",07/19 20:30,"WORCESTER, MA",07/20 07:30,327,354,ORDER NOTE: BASEBALL EQUIPMENT,681,2.23,36,
2026-07-15T00:43:56.947162,WG,72111675,"$1,296.89","MEMPHIS, TN",07/16 18:00,"GROVEPORT, OH",07/17 11:00,"1,016",588,"L1228142: TRACTOR SHIPMENTS MUST BE ABLE TO ACCOMODATE 26 PALLETS, NEED TO HAVE 53' OF SPACE, NO PALLET JACKS",1604,0.81,1,
2026-07-15T03:09:26.987562,SE,72078123,"$2,638.71","TACOMA, WA",07/19 23:00,"RENO, NV",07/20 15:45,"2,827",717,CH2502: DRIVER MAY BE REQUESTED TO HELP WITH LOADING/UNLOADING.,3544,0.74,2,
2026-07-15T03:37:21.435559,SE,72082053,"$4,231.89","ROUND ROCK, TX",07/19 23:30,"LAS VEGAS, NV",07/21 05:21,"1,645","1,333",L1131164: DRIVER MAY BE REQUESTED TO HELP WITH LOADING/UNLOADING.,2978,1.42,16,
2026-07-15T04:07:57.660913,WG,72111289,"$1,775.11","SAINT-LAURENT, QC",07/16 07:00,"SALEM, NH",07/16 15:54,452,301,"*REEFER SET AT 22C/71F (PLEASE HAVE TRUCK CLEAN AND AT TEMPERATURE UPON ARRIVAL AND HAVE PICTURE OF REEFER TEMP DISPLAY SENT PRIOR TO LOADING) *DRIVERS TO FILL OUT 17/18 POINT INSPECTION AT TIME OF PICKUP! *WILL NEED DRIVERS TO STOP ONLY IF NECESSARY AND 1 DRIVER TO REMAIN WITH TRUCK AT ALL TIMES! *NO STOPPING WITHIN THE FIRST 250 MILES FROM SHIPPERS' FACILITY. *PICTURES TO BE PROVIDED PRIOR TO TRUCK DEPARTING SHIPPER FACILITY (SIGNED OFF BOL(S), REEFER TEMPERATURE DISPLAY AND SEAL APPLIED TO TRUCK)",753,2.36,39,
2026-07-15T04:37:22.555387,SE,72072806,"$2,636.46","EL PASO, TX",07/20 00:30,"LAS VEGAS, NV",07/20 18:10,"2,113",736,BASEBALL EQ PCS & WGT MAY VARIE . MAY NEED TO ASSIST IN LOADING/UNLOADING,2849,0.93,2,
2026-07-15T06:57:28.807263,WG,72111758,"$4,843.09","CLEARWATER, FL",07/16 10:00,"ROCKFORD, IL",07/17 14:31,"1,072","1,270",NO NOTES,2342,2.07,34,
2026-07-15T07:43:36.941543,WG,72111560,"$1,432.12","GRAND ISLAND, NY",07/16 13:00,"DEVENS, MA",07/17 09:00,374,448,NO NOTES,822,1.74,22,
2026-07-15T08:57:48.837875,WG,72111759,"$1,615.53","BROOKS, KY",07/16 16:00,"KERNERSVILLE, NC",07/17 08:00,672,472,IC7875: ENSURE THAT YOU HAVE THE ENTIRE BOL FILLED OUT AT THIS LOCATION.,1144,1.41,13,
2026-07-15T11:09:14.810797,WG,72109876,"$2,956.72","AUDUBON, PA",07/20 07:00,"LA VERGNE, TN",07/21 09:00,9,806,NO NOTES,815,3.63,73,
2026-07-15T11:37:19.466159,WG,72061113,"$1,317.09","LOUISVILLE, KY",07/20 07:30,"LA VERGNE, TN",07/20 14:23,667,183,NO NOTES,850,1.55,16,
2026-07-15T11:37:37.048974,SE,72110742,$738.82,"GREENBELT, MD",07/20 07:30,"STERLING, VA",07/20 09:52,135,41,NO NOTES,176,4.20,71,
2026-07-15T11:44:12.601061,SE,72111749,$715.40,"BALTIMORE, MD",07/15 08:30,"BALTIMORE, MD",07/15 12:30,114,83,NO NOTES,197,3.63,71,
2026-07-15T12:02:41.326401,WG,72111123,"$1,570.93","WALKERSVILLE, MD",07/20 08:00,"DEVENS, MA",07/21 08:00,134,445,NO NOTES,579,2.71,49,
2026-07-15T12:08:43.976113,WG,72111782,$905.31,"DES PLAINES, IL",07/16 11:00,"ROCKFORD, IL",07/16 14:00,772,65,NO NOTES,837,1.08,3,
2026-07-15T12:09:30.707135,WG,72111154,"$7,170.69","COCKEYSVILLE, MD",07/20 08:00,"LOUISVILLE, CO",07/22 10:00,108,"1,684",NO NOTES,1792,4.00,76,
2026-07-15T12:09:33.823087,WG,72105161,"$1,323.81","GROVE CITY, OH",07/20 08:00,"WHITESTOWN, IN",07/20 14:00,462,198,"PR2297: IF PALLET JACK REQUESTED NEED TO MAKE SURE IT'S ACCESSIBLE TO OFFLOAD TRK. DRIVERS MAY NEED TO OFFLOAD TRK TO DOCK AT DELIVERIES, ESPECIALLY NC AND FL.",660,2.01,29,
2026-07-15T12:09:36.476563,WG,72111465,$710.90,"ALLENTOWN, PA",07/20 08:00,"EXTON, PA",07/20 10:28,47,46,NO NOTES,93,7.64,71,
2026-07-15T12:15:37.011323,WG,72111768,"$1,407.72","SHEPHERDSVILLE, KY",07/16 12:00,"SIMPSONVILLE, SC",07/17 07:00,677,398,L1244392: TEAM DRIVERS ONLY FOR ALL TAKEDA RUNS,1075,1.31,10,
2026-07-15T12:36:02.926887,WG,72111786,"$2,658.88","ALBANY, GA",07/15 12:02,"TOBYHANNA, PA",07/16 11:12,929,995,NO NOTES,1924,1.38,13,
2026-07-15T12:50:46.172100,WG,72111773,"$1,728.53","SHEPHERDSVILLE, KY",07/16 14:00,"HARRISBURG, PA",07/17 04:07,677,593,NO NOTES,1270,1.36,12,
2026-07-15T12:51:02.034123,WG,72111788,"$1,527.37","MEMPHIS, TN",07/16 16:00,"WHITESTOWN, IN",07/17 07:01,"1,016",495,"L1228142: TRACTOR SHIPMENTS MUST BE ABLE TO ACCOMODATE 26 PALLETS, NEED TO HAVE 53' OF SPACE, NO PALLET JACKS",1511,1.01,2,
2026-07-15T13:01:30.173328,WG,72111771,"$10,492.94","LEBANON, PA",07/16 09:00,"BURNABY, BC",07/18 22:46,71,"2,880",DRIVERS ARE REQUIRED TO SCAN THEIR DRIVERS LICENSE INTO OUR ILOBBY SECURITY SYSTEM UPON ARRIVAL AT PU,2951,3.56,79,
2026-07-15T13:02:49.992785,WG,72110791,"$4,225.56","MIAMI, FL",07/20 09:00,"NEW YORK, NY",07/21 14:04,"1,203","1,296",CLIENT WILL PROVIDE FOLLOW CAR / STRAPS AND BARS NEEDED,2499,1.69,23,
2026-07-15T13:02:53.118352,WG,72105805,"$1,279.94","PHILADELPHIA, PA",07/20 09:00,"RENSSELAER, NY",07/20 15:07,22,217,NO NOTES,239,5.36,71,
2026-07-15T13:02:56.518936,WG,72105815,"$1,339.29","ALLENTOWN, PA",07/20 09:00,"RENSSELAER, NY",07/20 15:08,47,218,NO NOTES,265,5.05,71,
2026-07-15T13:03:03.569351,SE,72111753,$734.58,"CHICAGO, IL",07/15 11:00,"CHICAGO, IL",07/15 14:47,771,37,NO NOTES,808,0.91,1,
2026-07-15T13:09:42.046033,WG,72111554,"$2,666.87","SAINT LOUIS, MO",07/20 09:00,"WILLIAMSBURG, VA",07/21 12:24,882,870,NO NOTES,1752,1.52,17,
2026-07-15T13:09:45.200361,WG,72110136,"$4,432.52","HANOVER, NH",07/20 09:00,"HUNTSVILLE, AL",07/21 11:41,368,"1,184",NO NOTES,1552,2.86,56,
2026-07-15T13:09:48.250895,WG,72102686,"$2,696.26","LA VERGNE, TN",07/20 09:00,"FAIRFIELD, NJ",07/21 05:03,804,872,"CORD11: TRUCK MUST HAVE FULL AMOUNT OF USABLE SPACE FOR THE TRUCK SIZE REQUESTED, 20FT OF USABLE SPACE, 12FT OF USABLE SPACE, 53FT OF USABLE SPACE.",1676,1.61,19,
2026-07-15T13:17:14.371457,SE,72111776,"$2,976.90","BLAINE, MN",07/15 17:13,"DURHAM, NC",07/17 08:00,"1,169","1,202",NO NOTES,2371,1.26,10,
2026-07-15T13:29:31.548621,WG,72111790,"$4,511.47","BLOOMINGTON, IN",07/16 10:00,"AYER, MA",07/17 08:15,687,976,"ORDER NOTE: THE ZIP CODE ENTERED INTO THE PORTAL IS FOR DEVENS, MA (01434), BUT POPULATED AYER, MA. PLEASE HAVE THIS CORRECTED, THANKS!",1663,2.71,52,
2026-07-15T13:38:16.451505,WG,72111552,"$1,686.78","SAINT LOUIS, MO",07/20 09:30,"CARTERSVILLE, GA",07/20 21:58,882,516,NO NOTES,1398,1.21,7,
2026-07-15T13:38:19.953958,WG,72060335,"$2,284.11","LOUISVILLE, KY",07/20 09:30,"OLIVE BRANCH, MS",07/21 07:00,667,382,"TVAL 36-46 C SP 40 C, DRIVER SECURE, NON HAZ PHARMACEUTICALS",1049,2.18,35,
2026-07-15T13:38:24.010415,WG,72111656,"$2,565.01","LINCOLN, NE",07/20 09:30,"KALAMAZOO, MI",07/21 08:00,"1,250",650,NO NOTES,1900,1.35,12,
2026-07-15T13:38:32.296520,SE,72111799,"$2,163.42","SEGUIN, TX",07/15 12:30,"GRIFFIN, GA",07/16 10:06,"1,710",945,NO NOTES,2655,0.81,2,
2026-07-15T13:44:29.055075,WG,72111793,"$6,423.96","LOGAN, UT",07/17 15:00,"NORTHBOROUGH, MA",07/20 08:00,"2,120","2,338",NO NOTES,4458,1.44,18,
2026-07-15T13:51:03.675459,WG,72111794,"$1,328.45","MEMPHIS, TN",07/16 17:00,"BUFORD, GA",07/17 08:00,"1,016",412,"L1228142: TRACTOR SHIPMENTS MUST BE ABLE TO ACCOMODATE 26 PALLETS, NEED TO HAVE 53' OF SPACE, NO PALLET JACKS",1428,0.93,1,
2026-07-15T14:03:06.878790,WG,72111577,"$2,768.36","SAINT LOUIS, MO",07/20 10:00,"FORT COLLINS, CO",07/21 06:38,882,900,NO NOTES,1782,1.55,18,
2026-07-15T14:10:19.706147,WG,72111606,"$1,658.68","COURTLAND, AL",07/20 10:00,"DAHLGREN, VA",07/21 08:00,882,709,NO NOTES,1591,1.04,3,
2026-07-15T14:23:54.178687,WG,72111791,"$1,545.82","ATLANTA, GA",07/17 08:00,"KANSAS CITY, MO",07/20 09:00,808,820,NO NOTES,1628,0.95,1,
2026-07-15T14:28:58.974634,WG,72111796,"$2,048.15","PAULSBORO, NJ",07/15 15:00,"ELYRIA, OH",07/16 08:00,31,446,NO NOTES,477,4.29,72,
2026-07-15T14:36:49.679971,WG,72111842,"$1,287.61","INDIANAPOLIS, IN",07/16 10:30,"NORTH CHICAGO, IL",07/16 16:51,646,228,NO NOTES,874,1.47,14,
2026-07-15T14:44:44.054464,SE,72111845,"$2,740.06","CARROLLTON, TX",07/15 15:00,"GRIFFIN, GA",07/16 09:56,"1,480",820,NO NOTES,2300,1.19,8,
2026-07-15T14:51:25.107911,WG,72111859,$814.79,"BALTIMORE, MD",07/20 08:00,"MACUNGIE, PA",07/20 12:27,107,139,NO NOTES,246,3.31,65,
2026-07-15T14:59:15.301358,SE,72111880,$806.36,"MECHANICSBURG, PA",07/15 16:00,"MILLBURN, NJ",07/16 09:00,100,163,NO NOTES,263,3.07,58,
2026-07-15T15:01:25.677984,WG,72111893,"$2,512.34","JOLIET, IL",07/16 09:00,"ELKHORN, NE",07/17 09:00,754,460,X,1214,2.07,32,
2026-07-15T15:02:57.751717,WG,72111192,"$1,367.40","EAST SYRACUSE, NY",07/20 11:00,"ELIZABETH, NJ",07/20 17:00,246,250,NO NOTES,496,2.76,50,
2026-07-15T15:03:00.799219,WG,72102673,$934.37,"LA VERGNE, TN",07/20 11:00,"MEMPHIS, TN",07/20 16:58,804,210,"CORD11: TRUCK MUST HAVE FULL AMOUNT OF USABLE SPACE FOR THE TRUCK SIZE REQUESTED, 20FT OF USABLE SPACE, 12FT OF USABLE SPACE, 53FT OF USABLE SPACE.",1014,0.92,1,
2026-07-15T15:10:10.460222,WG,72111256,"$4,548.03","MEMPHIS, TN",07/20 11:00,"CHANDLER, AZ",07/21 19:09,"1,002","1,441","ORDER NOTE: FOR TO-2026-142 - FEDEX PLEASE ADHERE TO THE FOLLOWING PICKUP & DELIVERY INSTRUCTIONS: / DEDICATED TEMPERATURE-CONTROLLED VALIDATED TRUCK WITH TWO DRIVERS. / PLEASE SHARE THE DELIVERY APPOINTMENT REFERENCE NUMBER TO ACADIA LOGISTICS, SO THAT WE CAN INCLUDE IN OUR PAPERWORK / ACADIA LOGISTICS TEAM NEEDS FEDEX COMMAND CENTER TRACKING EVERY 4 HOURS TO BE SENT TO ENRIQUE.SANTANA@ACADIA-PHARM.COM & @ACADIA LOGISTICS. / TRUCK TEMPERATURE READOUTS SHOULD BE SHARED AFTER DELIVERY. THIS IS A CONTROLLED AMBIENT SHIPMENT WITH TRUCK TEMP SET POINT AT 20 DEGREES CELSIUS.",2443,1.86,28,
2026-07-15T15:16:25.975365,WG,72111863,"$9,199.51","SANTA ANA, CA",07/17 11:00,"EAST GREENBUSH, NY",07/20 08:00,"2,700","2,814",NO NOTES,5514,1.67,27,
2026-07-15T15:30:41.546355,WG,72111674,"$5,376.17","FARMVILLE, NC",07/20 08:00,"ATLANTA, GA",07/22 07:00,424,"1,397",NO NOTES,1821,2.95,59,
2026-07-15T15:39:07.914198,WG,72111183,"$9,102.55","VACAVILLE, CA",07/20 11:30,"BLOOMINGTON, IN",07/22 12:20,"2,803","2,225",NO NOTES,5028,1.81,31,
2026-07-15T15:39:10.918435,WG,72111580,"$2,385.40","SAINT LOUIS, MO",07/20 11:30,"HOUSTON, TX",07/21 08:00,882,776,NO NOTES,1658,1.44,14,
2026-07-15T15:39:25.604485,SE,72111907,"$1,352.21","CORINTH, MS",07/16 06:00,"EAST PEORIA, IL",07/16 17:56,956,491,NO NOTES,1447,0.93,1,
2026-07-15T15:52:25.722930,SE,72111909,"$2,999.43","CALEXICO, CA",07/15 19:00,"SUNNYVALE, CA",07/16 11:00,"2,619",566,NO NOTES,3185,0.94,3,
2026-07-15T16:01:50.083788,WG,72111867,"$2,128.18","LA VERGNE, TN",07/16 16:00,"MILWAUKEE, WI",07/17 09:00,804,583,ORDER NOTE: CONTACT JENNIFER.ALFREDSON@MILWAUKEECOUNTYWI.GOV TO COORDINATE THE DELIVERY,1387,1.53,17,
2026-07-15T16:02:45.274286,WG,72111292,"$2,173.00","BLOOMINGTON, IN",07/20 12:00,"ALLENTOWN, PA",07/21 08:00,687,674,NO NOTES,1361,1.60,19,
2026-07-15T16:02:48.391329,WG,72111553,"$1,359.44","SAINT LOUIS, MO",07/20 12:00,"COLUMBUS, OH",07/21 07:00,882,430,NO NOTES,1312,1.04,2,
2026-07-15T16:02:51.715675,WG,72109007,$851.90,"SHEPHERDSVILLE, KY",07/20 12:00,"LA VERGNE, TN",07/21 09:00,677,171,BAX5100: MUST HAVE TEAM DRIVERS FOR ALL RUNS NO MATTER WHAT THE MILEAGE IS.,848,1.00,1,
2026-07-15T16:09:44.215714,WG,72111748,"$2,220.02","MEMPHIS, TN",07/20 12:00,"PINELLAS PARK, FL",07/21 07:00,"1,012",786,"L1228142: TRACTOR SHIPMENTS MUST BE ABLE TO ACCOMODATE 26 PALLETS, NEED TO HAVE 53' OF SPACE, NO PALLET JACKS",1798,1.23,8,
2026-07-15T16:09:48.457013,WG,72111699,"$1,374.55","BLOOMINGTON, IN",07/20 12:00,"ROCKFORD, IL",07/20 20:30,687,315,NO NOTES,1002,1.37,12,
2026-07-15T16:09:51.781206,WG,72111230,"$2,173.00","BLOOMINGTON, IN",07/20 12:00,"ALLENTOWN, PA",07/21 08:00,687,674,NO NOTES,1361,1.60,19,
2026-07-15T16:09:54.174549,WG,72111345,"$1,616.76","BLOOMINGTON, IN",07/20 12:00,"MOUNT PROSPECT, IL",07/20 19:01,687,260,NO NOTES,947,1.71,21,
2026-07-15T16:16:06.103808,WG,72111911,"$1,086.56","ALIQUIPPA, PA",07/17 09:00,"MORGANTOWN, WV",07/17 12:23,314,89,NO NOTES,403,2.70,48,
2026-07-15T16:24:29.315563,SE,72111912,"$1,362.56","PLANO, TX",07/16 18:00,"JACKSON, MO",07/17 08:32,"1,470",613,DRIVER WILL NEED TO LOAD THEIR OWN TRUCK FROM THE DOCK. A PALLET JACK WILL BE PROVIDED.,2083,0.65,1,
2026-07-15T16:30:23.442334,WG,72111913,$580.25,"BREINIGSVILLE, PA",07/17 09:00,"SOMERSET, NJ",07/17 12:30,50,73,NO NOTES,123,4.72,70,
2026-07-15T16:31:15.693128,SE,72111914,"$1,279.46","TINLEY PARK, IL",07/15 15:00,"MARSTON, MO",07/16 09:00,740,396,NO NOTES,1136,1.13,5,
2026-07-15T16:31:20.839314,SE,72111922,"$3,623.61","COATESVILLE, PA",07/15 16:00,"MUSKOGEE, OK",07/16 20:09,32,"1,253",NO NOTES,1285,2.82,54,
2026-07-15T16:50:28.102403,WG,72111519,"$4,102.52","WEST PALM BEACH, FL",07/16 13:00,"LONG ISLAND CITY, NY",07/17 16:37,"1,136","1,228",NO NOTES,2364,1.74,24,
2026-07-15T16:51:24.381920,WG,72111932,"$2,434.38","FISHERS, IN",07/20 09:00,"RENSSELAER, NY",07/21 08:00,641,792,NO NOTES,1433,1.70,22,
2026-07-15T16:51:33.349195,WG,72111931,"$2,434.38","FISHERS, IN",07/20 09:00,"RENSSELAER, NY",07/21 08:00,641,792,NO NOTES,1433,1.70,22,
2026-07-15T16:57:37.545971,WG,72111938,"$3,346.41","CENTRAL ISLIP, NY",07/16 14:00,"MASON, OH",07/17 08:00,159,667,"FOR THE DELIVERY IT IS TO GO TO MASON,OH 45036 NOT LEBONON,OHIO ADDRESS IS 4200 BINION WAY MASON,OHIO 45036",826,4.05,73,
2026-07-15T17:03:25.501184,WG,72111877,"$4,118.87","KANSAS CITY, MO",07/20 13:00,"RAHWAY, NJ",07/21 15:51,"1,123","1,192",NO NOTES,2315,1.78,25,
2026-07-15T17:03:28.169903,WG,72107629,"$1,553.84","SHEPHERDSVILLE, KY",07/20 13:00,"DOTHAN, AL",07/21 09:00,677,538,BAX5100: MUST HAVE TEAM DRIVERS FOR ALL RUNS NO MATTER WHAT THE MILEAGE IS.,1215,1.28,9,
2026-07-15T17:03:31.170893,WG,72111052,"$4,692.50","CHANDLER, AZ",07/20 13:00,"MEMPHIS, TN",07/22 10:00,"2,341","1,437",ORDER NOTE: TO-2026-141,3778,1.24,11,
2026-07-15T17:10:05.988399,WG,72111966,"$5,383.68","LOGAN, UT",07/20 09:00,"SUMMIT, NJ",07/22 08:14,"2,120","2,150",NO NOTES,4270,1.26,12,
2026-07-15T17:10:37.133205,WG,72111551,"$2,739.06","WEST MIFFLIN, PA",07/20 13:00,"GOOSE CREEK, SC",07/21 08:00,282,639,NO NOTES,921,2.97,58,
2026-07-15T17:10:47.251880,WG,72110330,"$3,902.20","TAMPA, FL",07/20 13:00,"BROOKS, KY",07/21 09:00,"1,055",868,NO NOTES,1923,2.03,32,
2026-07-15T17:15:46.444833,WG,72111997,"$1,462.85","SINKING SPRING, PA",07/16 14:00,"PORTSMOUTH, NH",07/17 07:00,50,390,00139985: TCU MUST REMAIN RUNNING WHILE LOADING,440,3.32,66,
2026-07-15T17:57:25.039770,WG,72111980,"$1,901.41","NORTH CHICAGO, IL",07/16 14:00,"MONROEVILLE, PA",07/17 08:00,796,521,2 PALLETS / 200 LBS / TVAL 41F,1317,1.44,14,
2026-07-15T18:02:00.846254,WG,72111942,$849.01,"NEW BRUNSWICK, NJ",07/17 08:30,"CLIFTON, NJ",07/17 10:51,65,40,NO NOTES,105,8.09,71,
2026-07-15T18:02:53.226883,WG,72102602,"$3,040.69","LA VERGNE, TN",07/20 14:00,"RALEIGH, NC",07/21 08:00,804,522,"CORD11: TRUCK MUST HAVE FULL AMOUNT OF USABLE SPACE FOR THE TRUCK SIZE REQUESTED, 20FT OF USABLE SPACE, 12FT OF USABLE SPACE, 53FT OF USABLE SPACE.",1326,2.29,39,
2026-07-15T18:02:56.128565,WG,72102662,"$1,905.84","LA VERGNE, TN",07/20 14:00,"MONROEVILLE, PA",07/21 08:00,804,587,"CORD11: TRUCK MUST HAVE FULL AMOUNT OF USABLE SPACE FOR THE TRUCK SIZE REQUESTED, 20FT OF USABLE SPACE, 12FT OF USABLE SPACE, 53FT OF USABLE SPACE.",1391,1.37,12,
2026-07-15T18:08:22.937912,WG,72111946,"$1,268.57","SHEPHERDSVILLE, KY",07/16 12:00,"SIMPSONVILLE, SC",07/17 08:00,677,398,BAX5100: MUST HAVE TEAM DRIVERS FOR ALL RUNS NO MATTER WHAT THE MILEAGE IS.,1075,1.18,6,
2026-07-15T18:10:03.645722,WG,72111876,"$1,607.64","BROOKS, KY",07/20 14:00,"CHARLOTTE, NC",07/21 08:00,672,479,IC7875: ENSURE THAT YOU HAVE THE ENTIRE BOL FILLED OUT AT THIS LOCATION.,1151,1.40,12,
2026-07-15T18:10:17.021279,SE,72111873,"$3,067.48","ELMA, NY",07/16 14:00,"TITUSVILLE, FL",07/17 16:36,355,"1,180",NO NOTES,1535,2.00,31,
2026-07-15T18:29:16.953604,WG,72111802,"$1,345.46","MEMPHIS, TN",07/16 09:00,"SCOTTSBORO, AL",07/17 11:15,"1,017",367,"MAX SKIDS 8 MAYBE SOME BOXES AS WELL , EST 14 PCS TOTAL TAKE WHATS LOADED FOR EACH STOP",1384,0.97,1,
2026-07-15T18:30:19.906037,WG,72111985,$763.10,"WARREN, NJ",07/17 09:00,"NEW BRUNSWICK, NJ",07/17 10:51,74,17,NO NOTES,91,8.39,71,
2026-07-15T18:38:06.755273,WG,72095753,"$3,336.00","GLENCOE, MN",07/20 14:30,"BRANCHBURG, NJ",07/21 18:12,"1,209","1,232","CUSTOMER REQUIRES TEMPERATURE PRINTOUT AT DELIVERY ARRIVAL, ALSO NOTATE DOORS OPENED/CLOSED TIMES ON BOL",2441,1.37,13,
2026-07-15T18:38:34.315361,SE,72112046,"$2,618.68","SAINT LOUIS, MO",07/20 09:30,"PRINCETON, NJ",07/21 09:00,882,927,NO NOTES,1809,1.45,15,
2026-07-15T18:38:37.625371,SE,72110911,$611.54,"ROCHESTER, NY",07/20 14:30,"BUFFALO, NY",07/20 17:38,327,77,"ORDER NOTE: THE LOADING DOCK IS BEHIND THE PERFORMANCE CENTER, WHICH IS IN THE VIP-SUITE-MEDIA LOT ON THE STADIUM SIDE OF THE STREET.",404,1.51,15,
2026-07-15T18:52:17.370923,SE,72111953,"$1,335.09","LIBERTYVILLE, IL",07/16 15:00,"SAINT PAUL, MN",07/17 09:00,794,370,NO NOTES,1164,1.15,5,
2026-07-15T19:03:34.245193,WG,72105648,"$1,965.62","MEMPHIS, TN",07/20 15:00,"CANFIELD, OH",07/21 08:32,"1,016",754,"L1228142: TRACTOR SHIPMENTS MUST BE ABLE TO ACCOMODATE 26 PALLETS, NEED TO HAVE 53' OF SPACE, NO PALLET JACKS",1770,1.11,5,
2026-07-15T19:03:37.035165,WG,72108425,"$2,080.74","SHEPHERDSVILLE, KY",07/20 15:00,"NEWARK, DE",07/21 08:00,677,678,SHIPPER WILL HAVE AN ESCORT TRUCK FOLLOW FOR FIRST 100 MILES.OR THE WHOLE TRIP;CONF #:,1355,1.54,17,
2026-07-15T19:03:39.754229,WG,72102695,"$1,724.34","LA VERGNE, TN",07/20 15:00,"MOUNT PROSPECT, IL",07/21 07:00,804,516,UP TO 6 PALLETS,1320,1.31,10,
2026-07-15T19:08:29.545105,WG,72111990,"$2,358.68","WARTBURG, TN",07/16 14:00,"ELK GROVE VILLAGE, IL",07/17 03:45,674,576,NO NOTES,1250,1.89,27,
2026-07-15T19:10:13.742951,WG,72108295,"$1,326.61","MOUNT VERNON, IN",07/20 15:00,"OLIVE BRANCH, MS",07/21 02:00,795,302,PLEASE BE IN RANGE WHEN YOU ARRIVE AT SHIPPER**SET POINT 5C,1097,1.21,7,
2026-07-15T19:24:07.549061,WG,72111273,"$1,029.12","RICHLAND, MS",07/20 15:15,"MEMPHIS, TN",07/20 21:15,"1,120",207,NO NOTES,1327,0.78,1,
2026-07-15T19:30:06.548930,WG,72112051,"$9,450.90","RENO, NV",07/17 11:00,"SOMERSET, NJ",07/20 08:00,"2,639","2,673",NO NOTES,5312,1.78,30,
2026-07-15T20:02:49.938374,WG,72108064,$944.68,"LA VERGNE, TN",07/20 16:00,"OLIVE BRANCH, MS",07/21 09:00,804,233,"CORD11: TRUCK MUST HAVE FULL AMOUNT OF USABLE SPACE FOR THE TRUCK SIZE REQUESTED, 20FT OF USABLE SPACE, 12FT OF USABLE SPACE, 53FT OF USABLE SPACE.",1037,0.91,1,
2026-07-15T20:02:54.794106,WG,72109919,$938.40,"LA VERGNE, TN",07/20 16:00,"COLLIERVILLE, TN",07/21 09:00,804,219,"CORD11: TRUCK MUST HAVE FULL AMOUNT OF USABLE SPACE FOR THE TRUCK SIZE REQUESTED, 20FT OF USABLE SPACE, 12FT OF USABLE SPACE, 53FT OF USABLE SPACE.",1023,0.92,1,
2026-07-15T20:45:54.568916,SE,72112099,"$2,264.96","EAGLE ROCK, VA",07/16 07:00,"HUMBLE, TX",07/17 10:13,367,"1,209",NO NOTES,1576,1.44,14,
2026-07-15T21:03:14.487473,WG,72100130,"$1,586.37","BROOKS, KY",07/20 17:00,"OLIVE BRANCH, MS",07/21 08:59,672,377,IC7875: ENSURE THAT YOU HAVE THE ENTIRE BOL FILLED OUT AT THIS LOCATION.,1049,1.51,16,
2026-07-15T21:03:17.756775,WG,72105827,"$2,858.41","GROVE CITY, OH",07/20 17:00,"CHESAPEAKE, VA",07/21 08:00,462,568,"ORDER NOTE: PALLET JACK REQUIRED, DRIVER UNLOAD",1030,2.78,52,
2026-07-15T21:03:20.456495,WG,72108061,$916.87,"LA VERGNE, TN",07/20 17:00,"SHEPHERDSVILLE, KY",07/21 07:00,804,171,"CORD11: TRUCK MUST HAVE FULL AMOUNT OF USABLE SPACE FOR THE TRUCK SIZE REQUESTED, 20FT OF USABLE SPACE, 12FT OF USABLE SPACE, 53FT OF USABLE SPACE.",975,0.94,1,
2026-07-15T21:09:45.537424,WG,72099528,"$1,314.79","SHEPHERDSVILLE, KY",07/20 17:00,"WARRENDALE, PA",07/21 08:00,677,417,BAX5100: ALL TAKEDA LOADS THAT ARE TEMP SHOULD BE TVAL,1094,1.20,7,
2026-07-15T21:09:53.091039,WG,72104825,"$4,047.01","ROANOKE, TX",07/20 17:00,"SUNNYVALE, CA",07/22 11:00,"1,501","1,661","FOR NOVEMBER 27TH, 2024, OUR DOCK HOURS WILL BE 6AM-12PM PST FOR HAZMAT.",3162,1.28,11,
2026-07-15T21:09:55.494929,WG,72104121,"$2,251.68","LOCKBOURNE, OH",07/20 17:00,"OLIVE BRANCH, MS",07/21 09:00,459,594,IC7875: ENSURE THAT YOU HAVE THE ENTIRE BOL FILLED OUT AT THIS LOCATION.,1053,2.14,34,
2026-07-15T21:36:05.046379,WG,72112139,"$1,293.01","ROLLING MEADOWS, IL",07/16 14:00,"LOCKBOURNE, OH",07/17 08:00,777,365,CAN NOT PICK UP EARLY,1142,1.13,5,
2026-07-15T21:43:42.272096,WG,72112105,"$1,748.44","GRAFTON, WI",07/20 09:00,"BLOOMINGTON, IN",07/21 07:00,867,350,NO NOTES,1217,1.44,14,
2026-07-15T22:03:04.039021,WG,72100114,"$1,351.39","BROOKS, KY",07/20 18:00,"ELK GROVE VILLAGE, IL",07/21 09:00,672,337,IC7875: ENSURE THAT YOU HAVE THE ENTIRE BOL FILLED OUT AT THIS LOCATION.,1009,1.34,11,
2026-07-15T22:03:06.982294,WG,72100123,"$1,186.47","BROOKS, KY",07/20 18:00,"LA VERGNE, TN",07/21 07:00,672,176,IC7875: ENSURE THAT YOU HAVE THE ENTIRE BOL FILLED OUT AT THIS LOCATION.,848,1.40,12,
2026-07-15T22:10:06.747492,WG,72102653,"$6,336.92","LA VERGNE, TN",07/20 18:00,"REDLANDS, CA",07/22 13:45,804,"1,986",ORDER NOTE: FDCC TO CONTACT 909-796-7171 TO CONFIRM DELIVERY DATE/TIME.,2790,2.27,41,
2026-07-15T22:10:11.606894,WG,72105166,"$2,095.50","GROVE CITY, OH",07/20 18:00,"BURR RIDGE, IL",07/21 08:30,462,330,ORDER NOTE: DRIVER UNLOAD,792,2.65,48,
2026-07-15T22:10:23.063064,SE,72112106,"$2,245.12","RALEIGH, NC",07/16 15:00,"SALEM, NH",07/17 07:54,405,724,NO NOTES,1129,1.99,30,
2026-07-15T22:15:38.734050,WG,72111915,"$4,441.94","SANTA ANA, CA",07/17 15:00,"SEATTLE, WA",07/18 15:21,"2,700","1,170","NO TRACTOR TRAILERS AT DELIVERY, DOCK IS TOO SHORT",3870,1.15,8,
2026-07-15T22:17:15.348073,SE,72112107,"$2,197.74","CALEXICO, CA",07/16 14:00,"SAINT GEORGE, UT",07/17 10:00,"2,619",433,NO NOTES,3052,0.72,2,
2026-07-15T22:58:48.499145,SE,72112144,"$2,450.86","WINNSBORO, SC",07/16 08:00,"OMAHA, NE",07/17 10:21,614,"1,168",NO NOTES,1782,1.38,13,
2026-07-15T23:02:58.215862,WG,72100118,"$1,907.16","BROOKS, KY",07/20 19:00,"DOTHAN, AL",07/21 09:00,672,543,IC7875: ENSURE THAT YOU HAVE THE ENTIRE BOL FILLED OUT AT THIS LOCATION.,1215,1.57,18,
2026-07-15T23:03:00.965792,WG,72108036,"$1,927.79","LA VERGNE, TN",07/20 19:00,"CANFIELD, OH",07/21 08:26,804,561,"CORD11: TRUCK MUST HAVE FULL AMOUNT OF USABLE SPACE FOR THE TRUCK SIZE REQUESTED, 20FT OF USABLE SPACE, 12FT OF USABLE SPACE, 53FT OF USABLE SPACE.",1365,1.41,13,
2026-07-15T23:09:31.124088,WG,72108127,"$1,744.63","KERNERSVILLE, NC",07/20 19:00,"VALDOSTA, GA",07/21 08:00,451,501,DO NOT ARRIVE MORE THAN 30 MINUTES PRIOR TO SCHEDULED PICKUP TIME,952,1.83,25,
2026-07-15T23:09:33.855027,WG,72111284,"$1,020.22","BROOKS, KY",07/20 19:00,"PATASKALA, OH",07/21 08:00,672,237,IC7875: ENSURE THAT YOU HAVE THE ENTIRE BOL FILLED OUT AT THIS LOCATION.,909,1.12,4,
2026-07-15T23:23:40.256163,SE,72112110,$816.26,"HICKSVILLE, NY",07/17 10:00,"JAMAICA, NY",07/17 11:58,138,22,NO NOTES,160,5.10,71,
2026-07-16T00:02:38.797853,WG,72109593,"$1,091.19","MEMPHIS, TN",07/20 20:00,"CHESTERFIELD, MO",07/21 08:00,"1,016",313,"L1228142: TRACTOR SHIPMENTS MUST BE ABLE TO ACCOMODATE 26 PALLETS, NEED TO HAVE 53' OF SPACE, NO PALLET JACKS",1329,0.82,1,
2026-07-16T00:43:23.696634,WG,72112161,"$2,935.58","TUKWILA, WA",07/20 11:00,"KETCHUM, ID",07/21 10:00,"2,818",654,NO NOTES,3472,0.85,3,
2026-07-16T00:44:24.096993,WG,72112163,"$1,091.19","MEMPHIS, TN",07/20 19:30,"CHESTERFIELD, MO",07/21 08:00,"1,016",313,"L1228142: TRACTOR SHIPMENTS MUST BE ABLE TO ACCOMODATE 26 PALLETS, NEED TO HAVE 53' OF SPACE, NO PALLET JACKS",1329,0.82,1,
2026-07-16T01:09:31.645556,WG,72109618,"$1,091.19","MEMPHIS, TN",07/20 21:00,"CHESTERFIELD, MO",07/21 08:00,"1,016",313,"L1228142: TRACTOR SHIPMENTS MUST BE ABLE TO ACCOMODATE 26 PALLETS, NEED TO HAVE 53' OF SPACE, NO PALLET JACKS",1329,0.82,1,
2026-07-16T02:56:47.839981,WG,72112148,"$5,066.30","MEMPHIS, TN",07/16 11:00,"BALTIMORE, MD",07/17 07:56,"1,017",914,NO NOTES,1931,2.62,50,
2026-07-16T08:10:02.707530,SE,72111746,$600.25,"CHICAGO, IL",07/20 09:00,"DES PLAINES, IL",07/20 10:36,771,5,NO NOTES,776,0.77,1,
2026-07-16T11:09:47.658022,WG,72107531,$973.58,"BROOKS, KY",07/21 07:00,"WEST CHESTER, OH",07/21 11:19,672,133,NO NOTES,805,1.21,7,
2026-07-16T11:29:01.675635,WG,72112168,"$6,219.29","GRAND ISLAND, NY",07/17 14:30,"VACAVILLE, CA",07/20 09:00,374,"2,602",FRT RDY 1430-1600 LOCAL ONLY THEY CLOSE AT 1600,2976,2.09,36,
2026-07-16T11:29:46.381239,WG,72112115,"$1,689.03","GREENVILLE, NC",07/20 15:00,"EAST BRUNSWICK, NJ",07/21 08:00,424,480,NO NOTES,904,1.87,26,
2026-07-16T11:43:17.199502,WG,72112100,"$4,850.11","CHASKA, MN",07/20 11:00,"DURHAM, NC",07/21 14:17,"1,181","1,212",NO NOTES,2393,2.03,33,
2026-07-16T12:02:56.557010,WG,72111055,"$3,017.26","ALLENTOWN, PA",07/21 08:00,"BROOKS, KY",07/22 08:30,47,660,NO NOTES,707,4.27,73,
2026-07-16T12:02:59.032182,WG,72105853,"$4,985.21","GROVE CITY, OH",07/21 08:00,"BOCA RATON, FL",07/22 09:08,462,"1,111","ORDER NOTE: DRIVER UNLOAD, PALLET JACK NEEDED OR SHIPMENT MAY BE REFUSED",1573,3.17,65,
2026-07-16T12:03:01.745824,WG,72103727,"$1,282.70","LOCKBOURNE, OH",07/21 08:00,"BROOKS, KY",07/21 14:12,459,221,NO NOTES,680,1.89,26,
2026-07-16T12:09:44.328920,WG,72111402,"$1,107.55","LOCKBOURNE, OH",07/21 08:00,"LOUISVILLE, KY",07/21 14:05,459,216,NO NOTES,675,1.64,19,
2026-07-16T12:59:00.841608,SE,72112175,$700.67,"PIEDMONT, SC",07/16 16:00,"CASTLE HAYNE, NC",07/17 00:07,657,311,NO NOTES,968,0.72,1,
2026-07-16T13:01:02.052313,WG,72112173,"$1,110.58","NORTH CHARLESTON, SC",07/17 09:00,"WILMINGTON, NC",07/17 14:17,674,178,NO NOTES,852,1.30,9,
2026-07-16T13:02:54.719010,WG,72111639,"$8,104.49","WALKERSVILLE, MD",07/21 09:00,"NEWARK, CA",07/24 11:00,134,"2,787",NO NOTES,2921,2.77,57,
2026-07-16T13:02:58.382325,WG,72111403,"$1,107.55","LOCKBOURNE, OH",07/21 09:00,"LOUISVILLE, KY",07/21 15:05,459,216,NO NOTES,675,1.64,19,
2026-07-16T13:09:39.080403,WG,72111253,"$4,320.51","FORT WORTH, TX",07/21 09:00,"RENO, NV",07/23 12:00,"1,507","1,639","L1163385: TRAILERS MUST BE CLEAN, EMPTY, DRY, FREE OF STRUCTURAL DAMAGE AND NO ODORS FROM PRIOR FREIGHT. MUST HAVE TWO LOAD LOCKS IN EACH TRAILER AND FUEL TANKS 3/4 FULL PRIOR TO PICKUP ARRIVAL.",3146,1.37,14,
2026-07-16T13:15:05.277757,WG,72112187,$802.69,"ALLENTOWN, PA",07/17 08:00,"ALLENTOWN, PA",07/17 10:00,47,1,NO NOTES,48,16.72,71,
2026-07-16T13:15:10.145039,WG,72112201,$794.56,"NEW BRUNSWICK, NJ",07/17 09:15,"CLIFTON, NJ",07/17 11:36,65,40,NO NOTES,105,7.57,71,
2026-07-16T13:29:00.882970,WG,72112188,$764.16,"NEW BRUNSWICK, NJ",07/17 10:00,"LEBANON, NJ",07/17 12:01,65,25,ORDER NOTE: PLEASE MAKE SURE TEMP RANGE IS BETWEEN 15 TO 25C WITH SET POINT AT 20C.,90,8.49,71,
2026-07-16T13:30:13.853050,WG,72112219,"$2,144.37","LOUISVILLE, KY",07/20 17:00,"CARY, NC",07/21 07:00,667,556,NOTE: PLEASE ADVISE DRIVERS THEY CANNOT ARRIVE IN THE PARKING LOT UNTIL 15 MINUTES PRIOR TO THEIR SCHEDULED PICKUP TIME.,1223,1.75,23,
2026-07-16T13:30:56.508326,SE,72112237,$955.78,"ROCHESTER, NH",07/16 12:00,"MONTPELIER, VT",07/16 16:46,384,154,NO NOTES,538,1.78,22,
2026-07-16T13:37:57.012768,WG,72108598,"$1,267.18","PATASKALA, OH",07/21 09:30,"JEFFERSONVILLE, IN",07/21 15:48,440,226,NO NOTES,666,1.90,26,
2026-07-16T13:57:10.755365,WG,72112191,"$2,243.94","ALLENTOWN, PA",07/16 11:00,"CINCINNATI, OH",07/17 08:00,47,535,NO NOTES,582,3.86,72,
2026-07-16T14:02:03.599032,WG,72112241,"$9,662.36","SPOKANE, WA",07/20 13:00,"NORRISTOWN, PA",07/22 20:26,"2,535","2,535",NO NOTES,5070,1.91,34,
2026-07-16T14:03:22.064052,WG,72106545,"$2,528.60","BLOOMINGTON, IN",07/21 10:00,"RENSSELAER, NY",07/22 07:00,690,839,DOCK HIGH / SEALABLE TRUCK REQUIRED - VANS ARE NOT ACCEPTABLE,1529,1.65,20,
2026-07-16T14:03:30.919041,SE,72112240,"$1,007.40","GLENDALE HEIGHTS, IL",07/16 17:00,"APPLETON, WI",07/16 22:42,771,198,NO NOTES,969,1.04,2,
2026-07-16T14:03:45.191147,SE,72112239,$929.21,"BETHLEHEM, PA",07/20 10:00,"NORWOOD, MA",07/20 18:11,51,291,NO NOTES,342,2.72,49,
2026-07-16T14:09:54.178791,WG,72111434,"$3,356.75","TAMPA, FL",07/21 10:00,"BROOKS, KY",07/22 08:15,"1,055",868,NO NOTES,1923,1.75,24,
2026-07-16T14:10:05.517622,SE,72112221,$761.82,"MEMPHIS, TN",07/16 12:30,"BROOKS, KY",07/17 07:00,"1,002",354,DO NOT STACK FREIGHT,1356,0.56,1,
2026-07-16T14:24:14.046684,SE,72112248,$806.36,"MECHANICSBURG, PA",07/16 14:00,"MILLBURN, NJ",07/16 18:58,100,163,NO NOTES,263,3.07,58,
2026-07-16T14:36:01.526524,WG,72112251,"$1,991.88","MORRISVILLE, NC",07/17 08:00,"MIDDLETON, WI",07/20 09:00,419,949,NO NOTES,1368,1.46,14,
2026-07-16T14:38:19.976850,WG,72100838,"$2,572.97","SHEPHERDSVILLE, KY",07/21 10:30,"MONTCLAIR, CA",07/23 08:05,677,"2,072",NO NOTES,2749,0.94,2,
2026-07-16T15:02:55.090237,WG,72107336,"$3,722.90","BRANCHBURG, NJ",07/20 19:00,"LEWISVILLE, TX",07/22 09:00,61,"1,530",NO NOTES,1591,2.34,41,
2026-07-16T15:03:34.019072,WG,72111429,"$1,347.30","DEVENS, MA",07/21 11:00,"ELIZABETH, NJ",07/21 17:14,305,223,NO NOTES,528,2.55,45,
2026-07-16T15:03:38.052089,WG,72108923,"$1,249.87","SHEPHERDSVILLE, KY",07/21 11:00,"BURR RIDGE, IL",07/22 09:00,677,325,BAX5100: MUST HAVE TEAM DRIVERS FOR ALL RUNS NO MATTER WHAT THE MILEAGE IS.,1002,1.25,8,
2026-07-16T15:03:43.507172,WG,72108327,"$3,914.99","MOUNT VERNON, IN",07/21 11:00,"TEMPE, AZ",07/23 12:00,795,"1,684",PLEASE ARRIVE AT PICKUP IN RANGE**SET POINT 5C,2479,1.58,20,
2026-07-16T15:04:27.824414,SE,72107671,"$5,513.99","MORGAN HILL, CA",07/21 11:00,"CHICAGO, IL",07/23 11:00,"2,905","2,180",NO NOTES,5085,1.08,7,
2026-07-16T15:10:20.324912,WG,72108800,"$1,110.72","SHEPHERDSVILLE, KY",07/21 11:00,"BURR RIDGE, IL",07/22 09:00,677,325,BAX5100: MUST HAVE TEAM DRIVERS FOR ALL RUNS NO MATTER WHAT THE MILEAGE IS.,1002,1.11,4,
2026-07-16T15:10:59.331483,SE,72108964,"$5,627.92","MORGAN HILL, CA",07/21 11:00,"CHICAGO, IL",07/23 12:48,"2,905","2,200",NO NOTES,5105,1.10,8,
2026-07-16T15:17:23.161504,SE,72112224,$454.30,"ATLANTA, GA",07/16 13:30,"GRIFFIN, GA",07/16 15:40,800,32,NO NOTES,832,0.55,1,
2026-07-16T15:29:08.286925,WG,72112290,"$2,975.37","NORTH CHICAGO, IL",07/17 11:30,"BELLAIRE, TX",07/20 09:00,796,"1,130",MAX BOX LENGTH IS 18FT,1926,1.54,18,
2026-07-16T15:37:03.574418,WG,72111879,"$2,125.07","PARSIPPANY, NJ",07/20 13:00,"BROOKS, KY",07/21 10:00,86,732,ORDER NOTE: PLEASE ENSURE THAT AN APPOINTMENT IS MADE AT ICS THROUGH THE DESCARTES PORTAL,818,2.60,47,
2026-07-16T15:38:56.222852,SE,72112272,"$1,917.20","CONROE, TX",07/21 11:00,"HUNTSVILLE, AL",07/22 09:00,"1,551",766,NO NOTES,2317,0.83,2,
2026-07-16T15:44:39.990830,WG,72112225,"$1,086.56","ALIQUIPPA, PA",07/21 09:00,"MORGANTOWN, WV",07/21 12:23,314,89,NO NOTES,403,2.70,48,
2026-07-16T16:02:49.294230,WG,72111528,"$6,026.79","SPOKANE, WA",07/21 12:00,"CLINTON, TN",07/23 14:45,"2,535","2,315",NO NOTES,4850,1.24,12,
2026-07-16T16:15:36.738298,WG,72112228,"$1,078.05","SAINT LOUIS, MO",07/20 07:00,"KANKAKEE, IL",07/20 13:54,882,254,DEL FRT ASAP NEED BY 1400 LOCAL,1136,0.95,1,
2026-07-16T16:29:24.428396,WG,72112227,"$9,512.58","BRIGHTON, MI",07/20 10:00,"SANTA FE SPRINGS, CA",07/22 11:27,588,"2,254",NO NOTES,2842,3.35,74,
2026-07-16T16:43:37.160440,WG,72112322,"$1,165.45","PHILADELPHIA, PA",07/20 13:00,"LOCKBOURNE, OH",07/21 17:00,22,485,NO NOTES,507,2.30,37,
2026-07-16T16:49:55.063014,WG,72112324,$980.30,"GRAND RAPIDS, MI",07/16 16:00,"COLUMBUS, OH",07/17 07:00,698,308,"BICOCT: TRAILERS MUST BE CLEAN, EMPTY, DRY, FREE OF STRUCTURAL DAMAGE AND NO ODORS FROM PRIOR FREIGHT. MUST HAVE TWO LOAD LOCKS IN EACH TRAILER AND FUEL TANKS 3/4 FULL PRIOR TO PICKUP ARRIVAL. ANY SHIPMENTS WITH VA-Q-TEC CONTAINERS, PLEASE MAKE SURE CONTAINERS ARE OFFLOADED AND COMPLETELY EMPTIED AT DELIVERY BEFORE BEING RELOADED ONTO TRUCK FOR RETURN TO VA-Q-TEC.",1006,0.97,1,
2026-07-16T17:09:54.741178,WG,72111515,"$2,383.53","RENSSELAER, NY",07/21 13:00,"BLOOMINGTON, IN",07/22 08:17,227,836,NO NOTES,1063,2.24,37,
2026-07-16T17:09:57.245232,WG,72108029,"$2,424.07","LA VERGNE, TN",07/21 13:00,"OMAHA, NE",07/22 09:00,804,760,"CORD11: TRUCK MUST HAVE FULL AMOUNT OF USABLE SPACE FOR THE TRUCK SIZE REQUESTED, 20FT OF USABLE SPACE, 12FT OF USABLE SPACE, 53FT OF USABLE SPACE.",1564,1.55,17,
2026-07-16T17:29:07.893510,WG,72112235,"$1,615.28","BROOKS, KY",07/20 08:00,"BURR RIDGE, IL",07/20 16:00,672,319,NO NOTES,991,1.63,19,
2026-07-16T17:31:03.039970,WG,72111830,"$6,032.36","OLIVE BRANCH, MS",07/21 13:00,"SOUTH SAN FRANCISCO, CA",07/23 11:26,"1,022","2,112",NO NOTES,3134,1.92,31,
2026-07-16T17:38:02.763922,SE,72112236,"$5,106.08","LEMONT FURNACE, PA",07/17 09:00,"HUNTINGTON BEACH, CA",07/19 14:50,270,"2,460",NO NOTES,2730,1.87,29,
2026-07-16T17:45:50.560360,SE,72112311,$878.74,"SAN DIEGO, CA",07/18 12:00,"CALEXICO, CA",07/18 16:10,"2,732",126,NO NOTES,2858,0.31,1,
2026-07-16T17:50:45.783670,WG,72112327,"$1,517.29","LA VERGNE, TN",07/20 13:00,"COLUMBUS, OH",07/21 08:30,804,393,NO NOTES,1197,1.27,9,
2026-07-16T18:02:59.799619,WG,72108023,"$3,199.01","LA VERGNE, TN",07/21 14:00,"LUBBOCK, TX",07/22 14:00,804,"1,044","CORD11: TRUCK MUST HAVE FULL AMOUNT OF USABLE SPACE FOR THE TRUCK SIZE REQUESTED, 20FT OF USABLE SPACE, 12FT OF USABLE SPACE, 53FT OF USABLE SPACE.",1848,1.73,23,
2026-07-16T18:03:02.894059,WG,72100982,"$2,369.21","SAINT PAUL, MN",07/21 14:00,"LIBERTYVILLE, IL",07/22 09:00,"1,154",371,PALLET COUNT MAY BE FROM 1-8 PALLETS,1525,1.55,18,
2026-07-16T18:03:05.544988,WG,72111214,"$2,424.12","SHEPHERDSVILLE, KY",07/21 14:00,"EAST WINDSOR, NJ",07/22 06:58,677,727,NO NOTES,1404,1.73,22,
2026-07-16T18:03:39.557043,SE,72112357,"$1,394.46","LOUISVILLE, KY",07/21 13:00,"CHARLOTTE, NC",07/22 08:00,667,477,NO NOTES,1144,1.22,7,
2026-07-16T18:10:45.568308,SE,72112217,"$3,334.28","SOUTH WINDSOR, CT",07/17 15:00,"FORT LAUDERDALE, FL",07/19 00:14,226,"1,388",NO NOTES,1614,2.07,33,
2026-07-16T18:14:58.906422,WG,72106539,"$2,634.48","BLOOMINGTON, IN",07/17 10:00,"RENSSELAER, NY",07/18 07:00,690,839,DOCK HIGH / SEALABLE TRUCK REQUIRED - VANS ARE NOT ACCEPTABLE,1529,1.72,23,
2026-07-16T18:31:30.441937,WG,72112333,"$2,439.06","SANFORD, NC",07/21 14:00,"ANDOVER, MA",07/22 10:00,454,764,NO NOTES,1218,2.00,30,
2026-07-16T18:36:09.432847,WG,72112401,"$1,238.50","KANKAKEE, IL",07/20 08:30,"SAINT LOUIS, MO",07/20 15:22,771,253,NO NOTES,1024,1.21,7,
2026-07-16T18:36:15.241378,WG,72112378,$764.45,"CARY, NC",07/20 09:00,"RALEIGH, NC",07/20 09:01,423,20,NO NOTES,443,1.73,21,
2026-07-16T18:51:54.844085,WG,72112363,"$1,259.29","WILMINGTON, OH",07/21 11:00,"SPENCERVILLE, OH",07/21 14:47,515,108,NO NOTES,623,2.02,30,
2026-07-16T19:03:11.516132,WG,72102720,"$3,401.70","LA VERGNE, TN",07/21 15:00,"MILFORD, MA",07/22 15:27,804,"1,079","CORD11: TRUCK MUST HAVE FULL AMOUNT OF USABLE SPACE FOR THE TRUCK SIZE REQUESTED, 20FT OF USABLE SPACE, 12FT OF USABLE SPACE, 53FT OF USABLE SPACE.",1883,1.81,26,
2026-07-16T19:03:14.917319,WG,72108025,"$1,869.89","LA VERGNE, TN",07/21 15:00,"CORAOPOLIS, PA",07/22 08:00,804,575,"CORD11: TRUCK MUST HAVE FULL AMOUNT OF USABLE SPACE FOR THE TRUCK SIZE REQUESTED, 20FT OF USABLE SPACE, 12FT OF USABLE SPACE, 53FT OF USABLE SPACE.",1379,1.36,12,
2026-07-16T19:10:10.571637,WG,72106424,"$1,732.61","BROOKS, KY",07/21 15:00,"KERNERSVILLE, NC",07/22 08:00,672,472,NO NOTES,1144,1.51,16,
2026-07-16T19:10:14.271941,WG,72109971,"$1,134.66","LOUISVILLE, KY",07/21 15:00,"GROVEPORT, OH",07/21 20:00,667,217,NO NOTES,884,1.28,9,
2026-07-16T19:15:21.714569,WG,72104966,"$4,000.87","DULUTH, GA",07/20 10:00,"SPRINGFIELD, MA",07/21 09:00,767,"1,001",NO NOTES,1768,2.26,39,
2026-07-16T19:16:39.336948,WG,72112413,"$7,290.90","SAN DIEGO, CA",07/21 10:00,"ALLENTOWN, PA",07/24 08:00,"2,732","2,716",NO NOTES,5448,1.34,16,
2026-07-16T19:29:08.323884,WG,72112390,$793.33,"BALTIMORE, MD",07/20 07:00,"GAITHERSBURG, MD",07/20 09:23,114,42,NO NOTES,156,5.09,71,
2026-07-16T19:31:35.212272,SE,72112414,"$2,508.39","DUNCAN, SC",07/16 19:30,"MELVILLE, NY",07/17 13:21,630,769,NO NOTES,1399,1.79,24,
2026-07-16T19:36:41.091799,WG,72112391,"$5,450.12","LOCKBOURNE, OH",07/20 14:00,"MONTCLAIR, CA",07/22 14:54,459,"2,228",BAX5100: MUST HAVE TEAM DRIVERS FOR ALL RUNS NO MATTER WHAT THE MILEAGE IS.,2687,2.03,34,
2026-07-16T19:38:07.321731,WG,72108553,"$2,975.41","PATASKALA, OH",07/21 15:30,"OVERLAND PARK, KS",07/22 08:15,440,694,NO NOTES,1134,2.62,48,
2026-07-16T19:38:10.346607,WG,72103761,"$1,282.70","BROOKS, KY",07/21 15:30,"GROVEPORT, OH",07/21 22:00,672,221,NO NOTES,893,1.44,13,
2026-07-16T19:44:51.870877,WG,72112395,"$4,372.82","SHEPHERDSVILLE, KY",07/21 14:00,"TEMPE, AZ",07/23 12:00,677,"1,728",BAX5100: MUST HAVE TEAM DRIVERS FOR ALL RUNS NO MATTER WHAT THE MILEAGE IS.,2405,1.82,27,
2026-07-16T19:57:28.502382,WG,72112419,$914.57,"DES PLAINES, IL",07/20 11:00,"ROCKFORD, IL",07/20 12:22,772,65,NO NOTES,837,1.09,3,
2026-07-16T19:57:53.305916,WG,72112418,"$2,157.85","BLOOMINGTON, IN",07/20 13:00,"SWIFTWATER, PA",07/21 08:00,687,704,NO NOTES,1391,1.55,17,
2026-07-16T20:08:11.485914,WG,72112437,"$3,071.09","ROCKFORD, IL",07/17 15:00,"BURLINGTON, ON",07/20 08:00,832,579,NO NOTES,1411,2.18,36,
2026-07-16T20:10:45.236648,WG,72105712,"$1,416.68","MEMPHIS, TN",07/21 16:00,"LOCKBOURNE, OH",07/22 06:30,"1,016",588,"TRACTOR SHIPMENTS MUST BE ABLE TO ACCOMODATE 26 PALLETS, NEED TO HAVE 53' OF SPACE",1604,0.88,1,
2026-07-16T20:10:47.940985,WG,72102871,"$1,902.84","LA VERGNE, TN",07/21 16:00,"LENEXA, KS",07/22 09:00,804,586,"CORD11: TRUCK MUST HAVE FULL AMOUNT OF USABLE SPACE FOR THE TRUCK SIZE REQUESTED, 20FT OF USABLE SPACE, 12FT OF USABLE SPACE, 53FT OF USABLE SPACE.",1390,1.37,12,
2026-07-16T20:10:50.485890,WG,72102829,"$5,426.30","LA VERGNE, TN",07/21 16:00,"LAS VEGAS, NV",07/23 07:55,804,"1,806","CORD11: TRUCK MUST HAVE FULL AMOUNT OF USABLE SPACE FOR THE TRUCK SIZE REQUESTED, 20FT OF USABLE SPACE, 12FT OF USABLE SPACE, 53FT OF USABLE SPACE.",2610,2.08,35,
2026-07-16T20:29:08.371312,WG,72112425,"$2,312.20","GREENVILLE, NC",07/20 08:30,"BROOKS, KY",07/21 08:30,424,647,NO NOTES,1071,2.16,34,
2026-07-16T20:29:40.398089,WG,72112336,"$11,199.23","SAN DIEGO, CA",07/20 12:00,"EAST GREENBUSH, NY",07/23 09:00,"2,732","2,871",NO NOTES,5603,2.00,38,
2026-07-16T20:32:09.912310,SE,72112423,"$1,717.10","PRYOR, OK",07/17 10:00,"MINNEAPOLIS, MN",07/18 01:49,"1,243",673,NO NOTES,1916,0.90,1,
2026-07-16T20:39:07.508300,WG,72062684,"$1,305.59","LOUISVILLE, KY",07/21 16:30,"OLIVE BRANCH, MS",07/22 09:00,667,381,DRIVER NEEDS TO REFERENCE DELIVERY# 232733997 AT PICKUP,1048,1.25,8,
2026-07-16T20:51:00.937826,WG,72112427,"$1,762.73","LOCKBOURNE, OH",07/20 15:00,"SOMERSET, NJ",07/21 08:00,459,513,NO NOTES,972,1.81,24,
2026-07-16T20:52:12.628262,WG,72112445,"$3,336.00","GLENCOE, MN",07/21 14:30,"BRANCHBURG, NJ",07/22 18:12,"1,209","1,232",FRT IS PIG SKINS/TVAL/TEAM DRIVERS/BE PREPARED TO DELIVER STRAIGHT THRU,2441,1.37,13,
2026-07-16T20:52:42.444747,SE,72112371,"$1,774.72","GARYVILLE, LA",07/16 19:00,"LIMA, OH",07/17 16:54,"1,260",959,NO NOTES,2219,0.80,1,
2026-07-16T21:10:30.428534,WG,72106190,"$1,118.60","BROOKS, KY",07/21 17:00,"COLUMBUS, OH",07/22 09:00,672,219,IC7875: ENSURE THAT YOU HAVE THE ENTIRE BOL FILLED OUT AT THIS LOCATION.,891,1.26,8,
2026-07-16T21:10:33.775901,WG,72108864,"$2,917.70","RENO, NV",07/21 17:00,"TEMPE, AZ",07/22 12:00,"2,641",783,NO NOTES,3424,0.85,3,
2026-07-16T21:10:36.467370,WG,72102859,"$2,256.31","LA VERGNE, TN",07/21 17:00,"FLOWER MOUND, TX",07/22 09:28,804,704,UP TO 6 PALLETS,1508,1.50,16,
2026-07-16T21:10:39.166161,WG,72108867,"$2,217.15","RENO, NV",07/21 17:00,"MONTCLAIR, CA",07/22 11:00,"2,641",552,NO NOTES,3193,0.69,2,
2026-07-16T21:35:45.474714,WG,72112448,"$3,144.19","HILLSBORO, OR",07/16 20:30,"SAN JOSE, CA",07/17 12:14,"2,864",669,NO NOTES,3533,0.89,3,
2026-07-16T21:38:40.363511,SE,72112431,"$1,320.88","BROOKS, KY",07/19 12:00,"PITTSBURGH, PA",07/20 08:00,672,393,IC7875: ENSURE THAT YOU HAVE THE ENTIRE BOL FILLED OUT AT THIS LOCATION.,1065,1.24,8,
2026-07-16T21:58:19.994493,WG,72112434,"$1,991.94","CALEDONIA, MI",07/21 09:00,"ALLENTOWN, PA",07/22 08:00,697,667,NO NOTES,1364,1.46,15,
2026-07-16T22:03:57.170348,WG,72103765,"$1,282.70","BROOKS, KY",07/21 18:00,"LOCKBOURNE, OH",07/22 00:12,672,221,NO NOTES,893,1.44,13,
2026-07-16T22:04:01.161613,WG,72105894,"$1,160.37","NEWARK, DE",07/21 18:00,"EDISON, NJ",07/22 08:00,46,102,ORDER NOTE: PALLET JACK NEEDED FOR DRIVER INSIDE DELIVERY,148,7.84,71,
2026-07-16T22:04:03.881635,WG,72108066,"$1,925.70","LA VERGNE, TN",07/21 18:00,"CARY, NC",07/22 08:00,804,529,"CORD11: TRUCK MUST HAVE FULL AMOUNT OF USABLE SPACE FOR THE TRUCK SIZE REQUESTED, 20FT OF USABLE SPACE, 12FT OF USABLE SPACE, 53FT OF USABLE SPACE.",1333,1.44,14,
2026-07-16T22:10:59.622873,SE,72112374,$694.28,"CHICAGO, IL",07/20 09:00,"CHICAGO, IL",07/20 13:00,771,37,NO NOTES,808,0.86,1,
2026-07-16T22:32:09.869036,SE,72112458,$561.69,"CRANBURY, NJ",07/17 10:00,"ELIZABETH, NJ",07/17 12:14,58,35,NO NOTES,93,6.04,70,
2026-07-16T22:36:19.922850,WG,72111628,"$2,780.62","SPARKS, NV",07/20 11:00,"LOS ANGELES, CA",07/21 13:01,"2,634",659,NO NOTES,3293,0.84,2,
2026-07-16T23:09:35.974257,WG,72112325,"$2,946.80","TAMPA, FL",07/21 10:00,"DURHAM, NC",07/22 08:00,"1,055",676,NO NOTES,1731,1.70,22,
2026-07-16T23:10:29.444603,WG,72108058,"$2,298.25","LA VERGNE, TN",07/21 19:00,"FORT WORTH, TX",07/22 11:46,804,718,"CORD11: TRUCK MUST HAVE FULL AMOUNT OF USABLE SPACE FOR THE TRUCK SIZE REQUESTED, 20FT OF USABLE SPACE, 12FT OF USABLE SPACE, 53FT OF USABLE SPACE.",1522,1.51,16,
2026-07-16T23:10:31.801696,WG,72103769,"$1,545.48","BROOKS, KY",07/21 19:00,"MEMPHIS, TN",07/22 08:31,672,355,NO NOTES,1027,1.50,15,
2026-07-16T23:10:34.161483,WG,72108034,$938.40,"LA VERGNE, TN",07/21 19:00,"COLLIERVILLE, TN",07/22 09:00,804,219,"CORD11: TRUCK MUST HAVE FULL AMOUNT OF USABLE SPACE FOR THE TRUCK SIZE REQUESTED, 20FT OF USABLE SPACE, 12FT OF USABLE SPACE, 53FT OF USABLE SPACE.",1023,0.92,1,
2026-07-17T00:03:48.038872,WG,72106294,$992.87,"BROOKS, KY",07/21 20:00,"LA VERGNE, TN",07/22 07:00,672,176,IC7875: ENSURE THAT YOU HAVE THE ENTIRE BOL FILLED OUT AT THIS LOCATION.,848,1.17,6,
2026-07-17T00:03:50.627855,WG,72109602,"$1,091.19","MEMPHIS, TN",07/21 20:00,"CHESTERFIELD, MO",07/22 08:00,"1,016",313,"L1228142: TRACTOR SHIPMENTS MUST BE ABLE TO ACCOMODATE 26 PALLETS, NEED TO HAVE 53' OF SPACE, NO PALLET JACKS",1329,0.82,1,
2026-07-17T00:03:52.980169,WG,72111770,"$1,091.19","MEMPHIS, TN",07/21 20:00,"CHESTERFIELD, MO",07/22 09:00,"1,016",313,"L1228142: TRACTOR SHIPMENTS MUST BE ABLE TO ACCOMODATE 26 PALLETS, NEED TO HAVE 53' OF SPACE, NO PALLET JACKS",1329,0.82,1,
2026-07-17T00:24:41.349326,SE,72112464,$816.26,"HICKSVILLE, NY",07/17 10:00,"JAMAICA, NY",07/17 11:58,138,22,NO NOTES,160,5.10,71,
2026-07-17T00:29:02.250608,WG,72112465,"$4,126.67","TAMPA, FL",07/20 08:30,"ALLENTOWN, PA",07/21 08:00,"1,055","1,078",PALLET JACK AND TAMPER PROOF SEAL FOR THE TRUCK WILL BE NEEDED,2133,1.93,30,
2026-07-17T00:56:49.423212,WG,72112466,"$1,391.19","TALLASSEE, AL",07/17 08:00,"INDIANAPOLIS, IN",07/17 19:19,935,579,NO NOTES,1514,0.92,1,
2026-07-17T00:49:48.975170,WG,72112488,"$1,361.98","COOKEVILLE, TN",07/20 09:00,"OLIVE BRANCH, MS",07/20 16:47,801,296,NO NOTES,1097,1.24,8,
2026-07-17T03:35:52.397182,WG,72112492,"$1,315.55","FREDERICK, MD",07/20 09:00,"RENSSELAER, NY",07/21 08:00,227,378,NO NOTES,605,2.17,34,
2026-07-17T05:00:59.916378,WG,72112497,$878.23,"DES PLAINES, IL",07/20 11:00,"ROCKFORD, IL",07/20 14:00,814,65,NO NOTES,879,1.00,1,
2026-07-17T05:31:29.261913,SE,72112481,$478.53,"GREER, SC",07/17 07:30,"ANDERSON, SC",07/17 09:56,635,44,NO NOTES,679,0.70,1,
2026-07-17T06:04:03.863338,SE,72112500,"$1,448.87","CASTLE HAYNE, NC",07/17 17:00,"ERLANGER, KY",07/18 07:55,569,631,ORDER NOTE: WE WILL BE ADDING MORE FREIGHT AS THE DAY GOES BY. WE WILL NEED A 20FT TRUCK.,1200,1.21,7,
2026-07-17T06:42:38.454585,WG,72112499,"$3,003.34","GREENCASTLE, PA",07/20 09:00,"MINNEAPOLIS, MN",07/21 09:00,225,"1,049",NO NOTES,1274,2.36,41,
2026-07-17T07:10:35.230283,SE,72112503,$984.46,"FAIRFAX, VA",07/17 11:00,"BALTIMORE, MD",07/17 13:40,229,55,NO NOTES,284,3.47,70,
2026-07-17T07:35:55.939582,WG,72112504,"$2,069.92","NEW BRUNSWICK, NJ",07/20 10:30,"MOUNT VERNON, IN",07/21 09:00,20,852,BRCOAR: TRAILER MUST BE EMPTY OUTSIDE OF EQUIPMENT NEEDED TO SECURE. NO PLYWOOD IN TRAILER FLOORS ON REEFER LOADS.,872,2.37,40,
2026-07-17T07:43:24.464954,WG,72112506,$608.49,"BRANCHBURG, NJ",07/20 12:00,"ALLENDALE, NJ",07/20 14:44,29,58,NO NOTES,87,6.99,70,
2026-07-17T07:52:53.913553,SE,72084563,"$3,480.29","ALBUQUERQUE, NM",07/19 22:30,"WEST SACRAMENTO, CA",07/20 23:01,"1,996","1,082",BASEBALL EQ/ PCS & WGT VARY/ MAY HAVE TO ASSIST WITH LOADING/UNLOADING,3078,1.13,7,
2026-07-17T08:38:38.266917,WG,72108848,"$1,025.35","MOUNT VERNON, IN",07/22 08:30,"BROOKS, KY",07/22 13:15,867,153,PLEASE ARRIVE AT PICKUP IN RANGE*SET POINT 5C,1020,1.01,1,
2026-07-17T08:39:02.841982,SE,72112472,"$2,968.47","INDIANAPOLIS, IN",07/20 07:00,"OCALA, FL",07/21 03:54,721,912,NO NOTES,1633,1.82,25,
2026-07-17T09:04:10.289336,SE,72112512,"$6,211.33","DANA POINT, CA",07/20 17:00,"LARGO, MD",07/23 08:00,"2,792","2,696",NO NOTES,5488,1.13,9,
2026-07-17T09:38:32.194776,WG,72108450,"$3,269.95","HARRISBURG, PA",07/22 09:30,"SHREVEPORT, LA",07/23 13:53,159,"1,264",NO NOTES,1423,2.30,39,
2026-07-17T09:38:35.048047,WG,72108602,"$1,207.18","PATASKALA, OH",07/22 09:30,"JEFFERSONVILLE, IN",07/22 15:48,513,226,NO NOTES,739,1.63,19,
2026-07-17T09:45:24.967922,WG,72112515,"$1,548.75","PAULSBORO, NJ",07/22 07:00,"BROOKHAVEN, NY",07/22 14:00,88,177,UN2811,265,5.84,71,
2026-07-17T09:52:54.827260,SE,72112193,$960.28,"BETHLEHEM, PA",07/20 10:00,"NORWOOD, MA",07/21 08:00,73,291,NO NOTES,364,2.64,47,
2026-07-17T09:59:05.328402,SE,72112531,$773.09,"BALTIMORE, MD",07/17 11:00,"BALTIMORE, MD",07/17 15:45,184,83,CSAFE RKN SHIPMENT TO DELIVER FREIGHT. WILL NEED TO FOLLOW DESTINATION DRIVER INSTRUCTIONS. INSTRUCTIONS WILL BE EMAILED TO YOU,267,2.90,54,
2026-07-17T10:03:26.465290,WG,72112006,$887.78,"GAINESVILLE, GA",07/22 10:00,"FLOWERY BRANCH, GA",07/22 11:46,831,13,"ORDER NOTE: TEMPERATURE REQUIREMENT IS -20Â°C(-4Â°F). PLEASE DO NOT OPEN TRUCK DOORS UNTIL AMERICOLD IS READY TO LOAD. PLEASE ENSURE THERE IS A SEAL ON THE TRUCK PRIOR TO DEPARTING AMERICOLD. AMERICOLD REQUIRES PICK UP APPOINTMENTS. PLEASE CALL CHRIS JOHNSON AT 770-531-9800 X2174 OR EMAIL HIM AT CHRIS.JOHNSON@AMERICOLD.COM. AMERICOLD WILL ASK FOR AN ORDER NUMBER, PLEASE USE SO10922.",844,1.05,2,
2026-07-17T10:08:09.093458,WG,72112519,"$3,536.85","SPARKS, NV",07/20 13:00,"BLYTHE, CA",07/22 11:00,"2,676",934,NO NOTES,3610,0.98,3,
2026-07-17T10:10:12.006885,WG,72111831,"$2,050.84","BLOOMINGTON, IN",07/22 10:00,"PEPPERELL, MA",07/23 08:35,762,991,NO NOTES,1753,1.17,6,
2026-07-17T10:11:09.733429,SE,72110135,$663.77,"BERKELEY, MO",07/22 10:00,"BRIDGETON, MO",07/22 14:00,958,8,CSAFE RKN SHIPMENT TO PICK UP FREIGHT. WILL NEED TO FOLLOW SHIPPER ORIGIN INSTRUCTIONS AT ALL LOCATIONS. INSTRUCTIONS WILL BE EMAILED TO YOU,966,0.69,1,
2026-07-17T10:14:27.973033,WG,72112516,"$2,257.75","KENNEDY SPACE CENTER, FL",07/20 07:00,"ELKTON, MD",07/21 08:00,"1,071",951,US CITIZENS TEAM DRIVERS TO CALL JEFF BOLOGNESE AT 321.289.7758 TODAY TO GIVE YOUR PERSONAL INFO SO HE CAN START THE BADGING PROCESS FOR THE GATE,2022,1.12,5,
2026-07-17T10:29:09.228778,WG,72112540,"$1,814.84","GREENVILLE, NC",07/20 16:00,"MORGANTOWN, WV",07/21 08:00,494,473,NO NOTES,967,1.88,26,
2026-07-17T10:51:12.202439,WG,72112542,$840.38,"TRENTON, NJ",07/21 11:00,"HORSHAM, PA",07/21 13:13,43,34,NO NOTES,77,10.91,71,
2026-07-17T11:03:24.922820,WG,72102957,"$2,525.65","LA VERGNE, TN",07/22 11:00,"TAMPA, FL",07/23 13:07,876,768,"CORD11: TRUCK MUST HAVE FULL AMOUNT OF USABLE SPACE FOR THE TRUCK SIZE REQUESTED, 20FT OF USABLE SPACE, 12FT OF USABLE SPACE, 53FT OF USABLE SPACE.",1644,1.54,17,
2026-07-17T11:03:27.950279,WG,72112421,"$8,732.49","TEMPE, AZ",07/22 11:00,"LARGO, FL",07/24 09:44,"2,401","2,126",NO NOTES,4527,1.93,34,
2026-07-17T11:03:31.191981,WG,72106714,"$1,576.39","BROOKS, KY",07/22 11:00,"AURORA, IL",07/23 08:00,744,341,IC7875: ENSURE THAT YOU HAVE THE ENTIRE BOL FILLED OUT AT THIS LOCATION.,1085,1.45,14,
2026-07-17T11:03:33.867896,WG,72108032,$932.11,"LA VERGNE, TN",07/22 11:00,"MEMPHIS, TN",07/22 17:01,876,213,"CORD11: TRUCK MUST HAVE FULL AMOUNT OF USABLE SPACE FOR THE TRUCK SIZE REQUESTED, 20FT OF USABLE SPACE, 12FT OF USABLE SPACE, 53FT OF USABLE SPACE.",1089,0.86,1,
2026-07-17T11:03:36.301116,WG,72111437,"$1,294.13","DEVENS, MA",07/22 11:00,"ELIZABETH, NJ",07/22 17:14,223,223,NO NOTES,446,2.90,54,
2026-07-17T11:03:39.013083,WG,72111385,"$1,318.59","TORRANCE, CA",07/22 11:00,"SAN DIEGO, CA",07/22 14:44,"2,798",105,NO NOTES,2903,0.45,1,
2026-07-17T11:09:56.141763,WG,72103776,$759.69,"LOCKBOURNE, OH",07/22 11:00,"LOCKBOURNE, OH",07/22 12:31,532,1,NO NOTES,533,1.43,12,
2026-07-17T11:10:06.137332,WG,72106204,"$2,465.60","LOCKBOURNE, OH",07/22 11:00,"DOTHAN, AL",07/23 09:00,532,763,IC7875: ENSURE THAT YOU HAVE THE ENTIRE BOL FILLED OUT AT THIS LOCATION.,1295,1.90,27,
2026-07-17T11:16:52.094194,WG,72112545,"$4,623.86","WEST DEPTFORD, NJ",07/22 08:00,"MCPHERSON, KS",07/23 13:38,88,"1,323",NO NOTES,1411,3.28,68,
2026-07-17T11:22:06.394190,WG,72112570,"$3,298.51","LA VERGNE, TN",07/20 11:30,"PLANO, TX",07/21 11:30,876,685,NO NOTES,1561,2.11,34,
2026-07-17T11:22:54.983250,WG,72112550,"$1,073.06","BOONE, IA",07/21 09:00,"ORANGE CITY, IA",07/21 14:20,"1,141",179,BLIND SHIPMENT DOES NOT WANT THE SHIPPER TO KNOW WHERE FREIGHT I S DELIVERING TO,1320,0.81,1,
2026-07-17T11:31:09.258400,WG,72112574,"$5,131.61","SHEPHERDSVILLE, KY",07/21 15:00,"TEMECULA, CA",07/23 14:18,750,"2,115",BAX5100: MUST HAVE TEAM DRIVERS FOR ALL RUNS NO MATTER WHAT THE MILEAGE IS.,2865,1.79,27,
2026-07-17T11:35:48.868846,WG,72112577,"$3,650.59","BOULDER, CO",07/20 10:00,"INDIANAPOLIS, IN",07/21 12:00,"1,774","1,101",ORDER NOTE: P.O. 9201022842,2875,1.27,11,
2026-07-17T11:49:42.157197,WG,72112578,"$1,743.37","BREINIGSVILLE, PA",07/20 09:00,"MOUNT VERNON, IN",07/21 09:00,93,781,BRCOAR: TRAILER MUST BE EMPTY OUTSIDE OF EQUIPMENT NEEDED TO SECURE. NO PLYWOOD IN TRAILER FLOORS ON REEFER LOADS.,874,1.99,29,
2026-07-17T12:01:14.972904,WG,72112551,"$2,108.10","MOUNT VERNON, IN",07/20 15:00,"BREINIGSVILLE, PA",07/21 08:00,867,781,BRCOAR: TRAILER MUST BE EMPTY OUTSIDE OF EQUIPMENT NEEDED TO SECURE. NO PLYWOOD IN TRAILER FLOORS ON REEFER LOADS.,1648,1.28,10,
2026-07-17T12:03:42.251419,WG,72108291,"$2,254.84","MANCHESTER, PA",07/22 12:00,"DOTHAN, AL",07/23 09:26,166,937,PLEASE BE SURE YOU ARE IN RANGE WHEN YOU ARRIVE AT PICKUP**SET POINT 20C,1103,2.04,31,
2026-07-17T12:03:45.055873,WG,72108290,"$2,254.84","MANCHESTER, PA",07/22 12:00,"DOTHAN, AL",07/23 09:26,166,937,PLEASE BE SURE YOU ARE IN RANGE WHEN YOU ARRIVE AT PICKUP**SET POINT 5C,1103,2.04,31,
2026-07-17T12:03:47.757057,WG,72102882,"$1,830.35","LA VERGNE, TN",07/22 12:00,"TROY, MI",07/23 09:00,876,563,"CORD11: TRUCK MUST HAVE FULL AMOUNT OF USABLE SPACE FOR THE TRUCK SIZE REQUESTED, 20FT OF USABLE SPACE, 12FT OF USABLE SPACE, 53FT OF USABLE SPACE.",1439,1.27,9,
2026-07-17T12:03:59.114042,SE,72112554,$719.44,"CEDAR RAPIDS, IA",07/17 14:00,"HAGER CITY, WI",07/17 20:14,"1,015",223,NO NOTES,1238,0.58,1,
2026-07-17T12:09:00.969088,WG,72112597,"$1,663.52","KENNEDY SPACE CENTER, FL",07/21 09:00,"HUNTSVILLE, AL",07/22 09:00,"1,071",685,NO NOTES,1756,0.95,1,
2026-07-17T12:10:55.105982,WG,72112054,"$1,034.23","BROOKS, KY",07/22 12:00,"LOUISVILLE, KY",07/22 15:40,744,23,NO NOTES,767,1.35,11,
2026-07-17T12:10:57.883922,WG,72112581,"$2,161.95","SHEPHERDSVILLE, KY",07/22 12:00,"FLOWER MOUND, TX",07/23 07:22,750,840,BAX5100: MUST HAVE TEAM DRIVERS FOR ALL RUNS NO MATTER WHAT THE MILEAGE IS.,1590,1.36,12,
2026-07-17T12:11:32.673831,SE,72106948,"$5,387.36","RICHMOND, CA",07/22 12:00,"CHICAGO, IL",07/24 13:36,"2,882","2,120",NO NOTES,5002,1.08,7,
2026-07-17T12:21:45.321873,WG,72111795,"$1,191.62","CALEDONIA, MI",07/20 09:00,"NORTH CHICAGO, IL",07/20 15:31,737,236,NO NOTES,973,1.22,7,
2026-07-17T12:38:57.314593,SE,72112620,$388.28,"FORT WAYNE, IN",07/17 18:30,"ERLANGER, KY",07/17 23:24,648,160,NO NOTES,808,0.48,1,
2026-07-17T12:52:57.510363,SE,72112369,"$1,293.23","BILLERICA, MA",07/20 10:00,"FAIRFIELD, NJ",07/20 16:27,230,233,NO NOTES,463,2.79,51,
2026-07-17T12:58:24.304277,WG,72112588,"$2,433.98","BROOKS, KY",07/21 14:00,"LAKEWOOD, NJ",07/22 08:00,747,739,IC7875: ENSURE THAT YOU HAVE THE ENTIRE BOL FILLED OUT AT THIS LOCATION.,1486,1.64,20,
2026-07-17T13:10:16.457843,WG,72112316,$828.84,"OCEANSIDE, CA",07/22 13:00,"SANTA MONICA, CA",07/22 17:00,"2,816",103,"L1145981: IF PICKING UP AT UPS MIRA LOMA, CA PU IS AT DOOR 2132.",2919,0.28,1,
2026-07-17T13:10:19.207730,WG,72104375,"$1,377.24","LA VERNE, CA",07/22 13:00,"MONTCLAIR, CA",07/22 14:41,"2,755",9,NO NOTES,2764,0.50,1,
2026-07-17T13:10:22.217650,WG,72112505,$946.64,"SHEPHERDSVILLE, KY",07/22 13:00,"GROVEPORT, OH",07/22 22:30,752,226,L1233585: BE SURE THAT YOUR PREVENTIVE MAINTANANCE IS UP TO DATE BEFORE PICKING UP.,978,0.97,1,
2026-07-17T13:14:38.139813,WG,72112628,$857.27,"PHILADELPHIA, PA",07/20 09:00,"BREINIGSVILLE, PA",07/20 14:00,81,63,NO NOTES,144,5.95,71,
2026-07-17T13:29:17.650052,WG,72112629,"$2,671.75","PHILADELPHIA, PA",07/20 14:00,"INDIANAPOLIS, IN",07/21 07:00,81,671,NO NOTES,752,3.55,72,
2026-07-17T13:35:39.577044,WG,72112632,$953.41,"FREDERICK, MD",07/20 09:00,"HARMANS, MD",07/20 13:24,239,49,NO NOTES,288,3.31,65,
2026-07-17T13:45:31.791787,WG,72112596,"$2,402.85","SHEPHERDSVILLE, KY",07/22 13:00,"FARMINGDALE, NY",07/23 08:00,752,802,BAX5100: MUST HAVE TEAM DRIVERS FOR ALL RUNS NO MATTER WHAT THE MILEAGE IS.,1554,1.55,17,
2026-07-17T14:03:22.460849,WG,72102707,"$2,692.66","LA VERGNE, TN",07/22 14:00,"FAIRFIELD, NJ",07/23 10:03,878,872,UP TO 6 PALLETS,1750,1.54,17,
2026-07-17T14:03:25.563853,WG,72104451,$875.33,"MIRA LOMA, CA",07/22 14:00,"SANTA MONICA, CA",07/22 18:31,"2,749",72,"L1145981: IF PICKING UP AT UPS MIRA LOMA, CA PU IS AT DOOR 2132.",2821,0.31,1,
2026-07-17T14:03:28.575575,WG,72112372,"$2,209.45","SANFORD, NC",07/22 14:00,"PORTAGE, MI",07/23 10:00,537,723,ORDER NOTE: MUST MAKE APPOINTMENT FOR DELIVERY ON THURSDAY 23JUL2026,1260,1.75,23,
2026-07-17T14:10:32.077500,WG,72111762,"$1,617.88","KNOXVILLE, TN",07/22 14:00,"GROVE CITY, OH",07/23 07:06,705,349,"GSCOCT: ALL LOADS WITH DRIVER SECURE PROGRAM MUST BE TEAM DRIVERS, NO SOLO DRIVERS. MUST BE 3/4 FUELED PRIOR TO PICKUP ARRIVAL.",1054,1.53,16,
2026-07-17T14:31:21.785715,WG,72112643,"$1,309.81","ROCKFORD, IL",07/22 14:00,"LOCKBOURNE, OH",07/23 14:00,873,418,L1244392: TEAM DRIVERS ONLY FOR ALL TAKEDA RUNS,1291,1.01,1,
2026-07-17T14:35:28.335074,WG,72112450,$862.34,"WEST GREENWICH, RI",07/20 08:00,"CAMBRIDGE, MA",07/20 11:04,166,74,EQUIPMENT MUST BE 48FT OR SMALLER,240,3.59,71,
2026-07-17T14:43:24.244537,WG,72112658,"$2,530.82","INDIANAPOLIS, IN",07/20 12:00,"SMYRNA, GA",07/21 08:30,741,528,NO NOTES,1269,1.99,30,
2026-07-17T14:43:45.088884,WG,72112645,"$5,447.31","LA VERGNE, TN",07/20 19:00,"MONTCLAIR, CA",07/22 14:46,898,"1,987","CORD11: TRUCK MUST HAVE FULL AMOUNT OF USABLE SPACE FOR THE TRUCK SIZE REQUESTED, 20FT OF USABLE SPACE, 12FT OF USABLE SPACE, 53FT OF USABLE SPACE.",2885,1.89,30,
2026-07-17T14:45:53.780399,SE,72112646,"$1,535.12","WILMINGTON, NC",07/18 12:00,"CINCINNATI, OH",07/20 08:00,605,658,NO NOTES,1263,1.22,7,
2026-07-17T14:46:05.670329,SE,72112590,$741.36,"LOCKBOURNE, OH",07/22 08:00,"LOUISVILLE, KY",07/22 14:05,554,216,NO NOTES,770,0.96,1,
2026-07-17T14:50:42.006431,WG,72112599,"$1,019.32","MCDONOUGH, GA",07/21 09:00,"COURTLAND, AL",07/21 16:00,906,284,"?CORRECT ADDRESS FROM CUSTOMER - 1325 MACON ST, MCDONOUGH, GA",1190,0.86,1,
2026-07-17T15:03:52.745451,WG,72108069,"$7,315.04","LA VERGNE, TN",07/22 15:00,"SAN LEANDRO, CA",07/24 17:22,898,"2,297","CORD11: TRUCK MUST HAVE FULL AMOUNT OF USABLE SPACE FOR THE TRUCK SIZE REQUESTED, 20FT OF USABLE SPACE, 12FT OF USABLE SPACE, 53FT OF USABLE SPACE.",3195,2.29,43,
2026-07-17T15:03:55.860974,WG,72112364,"$2,233.05","WILMINGTON, OH",07/22 15:00,"SOUDERTON, PA",07/23 07:00,610,528,"ORDER NOTE: PRE-ALERT HAS BEEN SENT TO ALMAC, BUT NO DOCK APPOINTMENT MADE OR CONFIRMED.",1138,1.96,29,
2026-07-17T15:10:29.924111,WG,72103811,"$1,439.16","LOCKBOURNE, OH",07/22 15:00,"OLIVE BRANCH, MS",07/23 08:00,554,594,NO NOTES,1148,1.25,8,
2026-07-17T15:14:33.693671,WG,72112653,$854.92,"NEW BRUNSWICK, NJ",07/20 08:30,"ALLENTOWN, PA",07/20 11:31,44,72,NO NOTES,116,7.37,71,
2026-07-17T15:22:31.850291,WG,72112654,"$2,367.56","WARTBURG, TN",07/20 14:00,"ELK GROVE VILLAGE, IL",07/21 09:00,767,576,NO NOTES,1343,1.76,23,
2026-07-17T15:45:48.692948,SE,72112679,"$1,250.19","ELIZABETH, NJ",07/21 08:00,"UPPER MARLBORO, MD",07/21 13:52,31,206,NO NOTES,237,5.28,71,
2026-07-17T15:52:31.287901,SE,72112678,$654.48,"SALISBURY, NC",07/20 08:00,"DURHAM, NC",07/20 11:44,601,105,NO NOTES,706,0.93,1,
2026-07-17T16:03:44.745900,WG,72102004,"$1,740.35","SHEPHERDSVILLE, KY",07/22 16:00,"DOTHAN, AL",07/23 09:00,772,538,NO NOTES,1310,1.33,11,
2026-07-17T16:03:47.540817,WG,72102926,"$1,914.72","LA VERGNE, TN",07/22 16:00,"MONROEVILLE, PA",07/23 08:00,898,587,"CORD11: TRUCK MUST HAVE FULL AMOUNT OF USABLE SPACE FOR THE TRUCK SIZE REQUESTED, 20FT OF USABLE SPACE, 12FT OF USABLE SPACE, 53FT OF USABLE SPACE.",1485,1.29,10,
2026-07-17T16:03:50.332608,WG,72068272,"$2,710.51","LOUISVILLE, KY",07/22 16:00,"OVERLAND PARK, KS",07/23 09:00,761,527,NO NOTES,1288,2.10,33,
2026-07-17T16:03:53.025430,WG,72109644,"$1,503.07","LA VERGNE, TN",07/22 16:00,"COLUMBUS, OH",07/23 08:00,898,402,"CORD11: TRUCK MUST HAVE FULL AMOUNT OF USABLE SPACE FOR THE TRUCK SIZE REQUESTED, 20FT OF USABLE SPACE, 12FT OF USABLE SPACE, 53FT OF USABLE SPACE.",1300,1.16,6,
2026-07-17T16:10:33.675735,WG,72109626,"$1,775.99","BRIDGMAN, MI",07/22 16:00,"WAMPUM, PA",07/23 07:30,753,383,L1158680: ***NO QOC'S** PER CUST REQ,1136,1.56,17,
2026-07-17T16:23:33.881762,WG,72112664,"$5,659.62","LOCKBOURNE, OH",07/21 19:00,"TEMPE, AZ",07/23 12:33,554,"1,883",IC7875: ENSURE THAT YOU HAVE THE ENTIRE BOL FILLED OUT AT THIS LOCATION.,2437,2.32,42,
2026-07-17T16:24:53.138884,SE,72112636,"$1,658.71","DALLAS, NC",07/20 10:00,"INDIANAPOLIS, IN",07/21 08:00,670,582,NO NOTES,1252,1.32,10,
2026-07-17T16:44:08.482948,WG,72112688,"$1,628.77","LOUISVILLE, KY",07/21 09:30,"OLIVE BRANCH, MS",07/22 07:00,761,382,"TVAL 36-46 C SP 40 C, DRIVER SECURE, NON HAZ PHARMACEUTICALS",1143,1.42,13,
2026-07-17T16:57:42.113467,WG,72112691,"$1,165.54","ALLENTOWN, PA",07/21 10:00,"LOCKBOURNE, OH",07/21 21:01,110,448,NO NOTES,558,2.09,31,
2026-07-17T17:02:16.007113,WG,72112692,"$4,678.52","TEMPE, AZ",07/21 11:00,"CARROLLTON, TX",07/22 11:09,"2,423","1,065",NO NOTES,3488,1.34,14,
2026-07-17T17:04:18.542963,WG,72107304,"$1,267.27","SHEPHERDSVILLE, KY",07/22 17:00,"WARRENDALE, PA",07/23 08:00,772,417,BAX5100: ALL TAKEDA LOADS THAT ARE TEMP SHOULD BE TVAL,1189,1.07,3,
2026-07-17T17:04:21.292052,WG,72105139,"$1,278.54","GROVE CITY, OH",07/22 17:00,"WARRENDALE, PA",07/23 08:00,557,203,"PR2297: IF PALLET JACK REQUESTED NEED TO MAKE SURE IT'S ACCESSIBLE TO OFFLOAD TRK. DRIVERS MAY NEED TO OFFLOAD TRK TO DOCK AT DELIVERIES, ESPECIALLY NC AND FL.",760,1.68,20,
2026-07-17T17:04:23.753042,WG,72054779,"$1,487.07","BROOKS, KY",07/22 17:00,"PITTSBURGH, PA",07/23 08:00,766,393,NO NOTES,1159,1.28,9,
2026-07-17T17:04:26.442908,WG,72109131,"$2,024.15","MOUNT VERNON, IN",07/22 17:00,"SHREVEPORT, LA",07/23 07:56,889,632,PLEASE ARRIVE AT THE PICKUP IN RANGE*SET POINT 5C,1521,1.33,11,
2026-07-17T17:11:04.611904,WG,72104853,"$1,991.25","ROANOKE, TX",07/22 17:00,"LITTLETON, CO",07/23 10:28,"1,595",751,7 DIFFERENT SMALL LIMITTED QUANTITY PIECES THAT ARE HAZMAT 2 ACETONE UN1090 HC3 1 UN1193 HC3 1 UN1219 HC 3 1 UN3288 HC 6.1 1 UN2789 HC 8(3) 1 UN2320 UN2320 HC 8,2346,0.85,2,
2026-07-17T17:11:09.943110,WG,72104854,"$1,991.25","ROANOKE, TX",07/22 17:00,"LITTLETON, CO",07/30 10:28,"1,595",751,MUST BE US CITIZEN TEMP CONTROLLED HAZMAT,2346,0.85,2,
2026-07-17T17:17:57.792454,SE,72112666,"$2,149.31","ENGLEWOOD, CO",07/21 12:00,"ONTARIO, CA",07/22 13:00,"1,793",989,ORDER NOTE: PLEASE CONTACT 15 MINUTES BEFORE PICK UP AND DELIVERY.,2782,0.77,2,
2026-07-17T17:23:59.708333,WG,72112601,"$3,587.04","QUINCY, WA",07/22 12:00,"NAPA, CA",07/23 12:00,"2,726",756,NO NOTES,3482,1.03,4,
2026-07-17T17:24:08.986609,WG,72112694,"$1,607.89","SHEPHERDSVILLE, KY",07/22 14:00,"RALEIGH, NC",07/23 08:00,772,570,BAX5100: MUST HAVE TEAM DRIVERS FOR ALL RUNS NO MATTER WHAT THE MILEAGE IS.,1342,1.20,7,
2026-07-17T17:38:23.660953,WG,72112669,"$2,398.62","SHEPHERDSVILLE, KY",07/22 15:00,"HOUSTON, TX",07/23 12:27,772,938,BAX5100: MUST HAVE TEAM DRIVERS FOR ALL RUNS NO MATTER WHAT THE MILEAGE IS.,1710,1.40,13,
2026-07-17T17:38:56.617335,WG,72105144,"$1,278.54","GROVE CITY, OH",07/22 17:30,"WARRENDALE, PA",07/23 08:00,557,203,"PR2297: IF PALLET JACK REQUESTED NEED TO MAKE SURE IT'S ACCESSIBLE TO OFFLOAD TRK. DRIVERS MAY NEED TO OFFLOAD TRK TO DOCK AT DELIVERIES, ESPECIALLY NC AND FL.",760,1.68,20,
2026-07-17T18:01:42.025849,WG,72112618,"$4,720.62","BEDFORD, NH",07/21 09:00,"ROCKFORD, IL",07/22 10:05,246,"1,109",NO NOTES,1355,3.48,74,
2026-07-17T18:04:14.030678,WG,72106312,"$1,497.47","BROOKS, KY",07/22 18:00,"ELK GROVE VILLAGE, IL",07/23 09:30,766,337,IC7875: ENSURE THAT YOU HAVE THE ENTIRE BOL FILLED OUT AT THIS LOCATION.,1103,1.36,11,
2026-07-17T18:04:16.729598,WG,72101660,"$1,154.57","LA VERGNE, TN",07/22 18:00,"SAINT CHARLES, MO",07/23 08:00,898,348,UP TO 10 PALLETS,1246,0.93,1,
2026-07-17T18:04:19.698501,WG,72106320,"$1,346.40","BROOKS, KY",07/22 18:00,"COLLIERVILLE, TN",07/23 09:30,766,360,IC7875: ENSURE THAT YOU HAVE THE ENTIRE BOL FILLED OUT AT THIS LOCATION.,1126,1.20,7,
2026-07-17T18:04:32.911061,SE,72112697,"$2,114.32","BROWNSBURG, IN",07/21 13:00,"PHILADELPHIA, PA",07/22 08:00,743,669,NO NOTES,1412,1.50,16,
2026-07-17T18:04:35.258702,SE,72106325,$850.01,"BROOKS, KY",07/22 18:00,"LOCKBOURNE, OH",07/23 07:00,766,222,IC7875: ENSURE THAT YOU HAVE THE ENTIRE BOL FILLED OUT AT THIS LOCATION.,988,0.86,1,
2026-07-17T18:15:39.511103,WG,72112698,"$3,610.53","ROCKFORD, IL",07/21 10:00,"EAST BRUNSWICK, NJ",07/22 09:00,886,874,NO NOTES,1760,2.05,33,
2026-07-17T18:29:55.650502,WG,72112699,"$9,489.25","SANTA ANA, CA",07/21 15:00,"MILFORD, MA",07/24 07:35,"2,791","2,965",NO NOTES,5756,1.65,27,
2026-07-17T19:03:50.970832,WG,72103752,"$1,343.72","LOCKBOURNE, OH",07/22 19:00,"CHESTERFIELD, MO",07/23 09:00,554,463,NO NOTES,1017,1.32,10,
2026-07-17T19:08:47.114623,WG,72112672,$447.86,"LA VERGNE, TN",07/21 13:00,"LAFAYETTE, LA",07/22 04:19,898,650,"CORD11: TRUCK MUST HAVE FULL AMOUNT OF USABLE SPACE FOR THE TRUCK SIZE REQUESTED, 20FT OF USABLE SPACE, 12FT OF USABLE SPACE, 53FT OF USABLE SPACE.",1548,0.29,1,
2026-07-17T19:10:51.101321,WG,72103783,"$1,303.80","BROOKS, KY",07/22 19:00,"OLIVE BRANCH, MS",07/23 07:00,766,374,NO NOTES,1140,1.14,5,
2026-07-17T19:10:53.809016,WG,72112389,"$2,563.43","BROOKS, KY",07/22 19:00,"WESTBURY, NY",07/23 13:14,766,787,IC7875: ENSURE THAT YOU HAVE THE ENTIRE BOL FILLED OUT AT THIS LOCATION.,1553,1.65,20,
2026-07-17T19:22:48.702405,WG,72112707,$967.73,"BRANCHBURG, NJ",07/21 12:00,"ALLENDALE, NJ",07/21 14:00,53,58,PLEASE TRANSFER TO SECURECOMM ONCE THE SHIPPER DEPART CALL IS COMPLETE. SECURECOMM MUST SPEAK TO THE DRIVERS BEFORE THEY DEPART THE SHIPPER. SCC/MZC,111,8.72,71,
2026-07-17T19:32:25.122221,SE,72112605,"$3,607.27","TUCSON, AZ",07/22 17:00,"OAK RIDGE, TN",07/24 08:26,"2,396","1,783",NO NOTES,4179,0.86,3,
2026-07-17T19:39:32.179903,SE,72112576,"$7,377.14","FORT LEWIS, WA",07/22 19:30,"CHARLOTTESVILLE, VA",07/25 09:15,"2,895","2,832",NO NOTES,5727,1.29,15,
2026-07-17T19:44:19.513633,WG,72112708,"$1,047.15","MOUNT VERNON, IN",07/21 16:00,"LA VERGNE, TN",07/22 08:00,889,185,BRCOAR: TRAILER MUST BE EMPTY OUTSIDE OF EQUIPMENT NEEDED TO SECURE. NO PLYWOOD IN TRAILER FLOORS ON REEFER LOADS.,1074,0.98,1,
2026-07-17T20:03:45.142580,WG,72109617,"$1,100.07","MEMPHIS, TN",07/22 20:00,"CHESTERFIELD, MO",07/23 08:00,"1,110",313,"L1228142: TRACTOR SHIPMENTS MUST BE ABLE TO ACCOMODATE 26 PALLETS, NEED TO HAVE 53' OF SPACE, NO PALLET JACKS",1423,0.77,1,
2026-07-17T20:03:48.063162,WG,72106722,"$1,734.17","BROOKS, KY",07/22 20:00,"CORAOPOLIS, PA",07/23 13:35,766,403,IC7875: ENSURE THAT YOU HAVE THE ENTIRE BOL FILLED OUT AT THIS LOCATION.,1169,1.48,15,
2026-07-17T20:17:42.605844,WG,72104401,"$2,375.49","LOCKBOURNE, OH",07/22 20:00,"LA VERGNE, TN",07/23 07:00,554,396,NO NOTES,950,2.50,44,
2026-07-17T21:01:21.213306,WG,72112709,"$3,275.25","BATON ROUGE, LA",07/21 08:30,"BARTOW, FL",07/22 07:30,"1,378",727,NO NOTES,2105,1.56,18,
2026-07-17T22:56:26.001444,WG,72112420,"$3,729.28","WAUKESHA, WI",07/18 09:00,"SANFORD, NC",07/20 16:04,915,894,PLEASE CONTACT JANE HOLUB AT BADGER AT 262-521-2188 OR EMAIL JANE@BADGERDISTRIBUTION.COM WITH YOUR CUSTOMER'S PO# P0006977 OR OUR REFERENCE NUMBER O92600033 FOR A PICKUP DATE AND TIME.,1809,2.06,33,
2026-07-18T01:03:32.964269,WG,72111274,"$1,038.00","RICHLAND, MS",07/23 01:00,"MEMPHIS, TN",07/23 06:54,"1,214",207,NO NOTES,1421,0.73,1,
2026-07-18T02:52:43.930135,SE,72112710,"$1,387.32","FAIRFIELD, OH",07/18 08:00,"AUBURN, AL",07/19 08:00,647,584,NO NOTES,1231,1.13,5,
2026-07-18T03:31:58.637771,SE,72112673,$586.36,"CHARLOTTE, NC",07/18 08:00,"MOUNT HOLLY, NC",07/18 12:00,663,11,NO NOTES,674,0.87,1,
2026-07-18T05:10:48.713956,WG,72112064,"$1,495.83","WILMINGTON, DE",07/23 05:00,"CENTRAL ISLIP, NY",07/23 10:21,132,181,NO NOTES,313,4.78,71,
2026-07-18T07:03:44.025402,WG,72108778,$926.06,"BROOKS, KY",07/23 07:00,"WEST CHESTER, OH",07/23 11:19,766,133,NO NOTES,899,1.03,2,
2026-07-18T07:24:33.390997,WG,72111046,"$1,079.02","INDIANAPOLIS, IN",07/23 07:15,"LOUISVILLE, KY",07/23 11:24,723,125,NO NOTES,848,1.27,8,
2026-07-18T08:10:41.159485,WG,72111136,"$1,097.14","HOBART, NY",07/23 08:00,"JAMAICA, NY",07/23 13:04,156,168,NO NOTES,324,3.39,68,
2026-07-18T08:10:44.830519,WG,72111860,$911.54,"BALTIMORE, MD",07/23 08:00,"MACUNGIE, PA",07/23 12:27,200,139,NO NOTES,339,2.69,48,
2026-07-18T08:10:47.499878,WG,72111404,$902.51,"WALKERSVILLE, MD",07/23 08:00,"SUMMIT, NJ",07/23 14:09,257,219,NO NOTES,476,1.90,26,
2026-07-18T08:16:09.536236,WG,72112778,"$1,418.21","MEMPHIS, TN",07/21 16:00,"MEMPHIS, TN",07/21 16:00,"1,111",0,"TEAM DRIVERS, NO DESTINATIONS, CALLER WILL UPDATE LAST MINUTE * END OF QUARTER STAGING",1111,1.28,9,
2026-07-18T08:30:55.642930,WG,72112780,"$1,418.21","MEMPHIS, TN",07/22 16:00,"MEMPHIS, TN",07/22 16:00,"1,111",0,"TEAM DRIVERS, NO DESTINATIONS, CALLER WILL UPDATE LAST MINUTE * END OF QUARTER STAGING",1111,1.28,9,
2026-07-18T08:30:58.483384,WG,72112779,"$1,418.21","MEMPHIS, TN",07/22 16:00,"MEMPHIS, TN",07/22 16:00,"1,111",0,"TEAM DRIVERS, NO DESTINATIONS, CALLER WILL UPDATE LAST MINUTE * END OF QUARTER STAGING",1111,1.28,9,
2026-07-18T09:04:08.313927,WG,72105816,"$1,410.35","ALLENTOWN, PA",07/23 09:00,"RENSSELAER, NY",07/23 15:08,110,218,NO NOTES,328,4.30,71,
2026-07-18T09:04:11.126786,WG,72105806,"$1,450.28","PHILADELPHIA, PA",07/23 09:00,"RENSSELAER, NY",07/23 15:07,91,217,NO NOTES,308,4.71,71,
2026-07-18T09:38:47.804860,WG,72108709,"$1,150.50","SHEPHERDSVILLE, KY",07/23 09:30,"OLIVE BRANCH, MS",07/23 18:51,772,369,BAX5100: MUST HAVE TEAM DRIVERS FOR ALL RUNS NO MATTER WHAT THE MILEAGE IS.,1141,1.01,1,
2026-07-18T10:03:35.498111,WG,72106543,"$2,287.48","BLOOMINGTON, IN",07/23 10:00,"RENSSELAER, NY",07/24 07:00,784,839,DOCK HIGH / SEALABLE TRUCK REQUIRED - VANS ARE NOT ACCEPTABLE,1623,1.41,13,
2026-07-18T10:29:17.171045,WG,72112693,"$2,427.91","CINCINNATI, OH",07/21 10:00,"DURHAM, NC",07/22 10:00,641,500,NO NOTES,1141,2.13,34,
2026-07-18T10:45:58.966692,SE,72112801,"$1,187.77","BATESVILLE, MS",07/18 14:00,"ERLANGER, KY",07/19 02:40,"1,167",525,NO NOTES,1692,0.70,1,
2026-07-18T11:10:52.245931,WG,72111369,"$2,387.80","FORT WORTH, TX",07/23 11:00,"CAROL STREAM, IL",07/24 11:00,"1,601",940,TRUCK WILL NEED TO BE PRE-COLLED PRIOR TO SHIPPER ARRIVAL AND CONTINUOUSLY RUN.,2541,0.94,2,
2026-07-18T12:04:16.357360,WG,72112594,"$2,483.41","BLOOMINGTON, IN",07/23 12:00,"EAST GREENBUSH, NY",07/24 08:00,782,840,NO NOTES,1622,1.53,17,
2026-07-18T12:04:18.827085,WG,72106762,$866.86,"BROOKS, KY",07/23 12:00,"BROOKS, KY",07/23 13:30,766,1,IC7875: ENSURE THAT YOU HAVE THE ENTIRE BOL FILLED OUT AT THIS LOCATION.,767,1.13,4,
2026-07-18T12:37:25.393140,WG,72112767,$783.97,"COLUMBUS, OH",07/22 12:00,"PATASKALA, OH",07/22 14:00,560,32,"BICOCT: TRAILERS MUST BE CLEAN, EMPTY, DRY, FREE OF STRUCTURAL DAMAGE AND NO ODORS FROM PRIOR FREIGHT. MUST HAVE TWO LOAD LOCKS IN EACH TRAILER AND FUEL TANKS 3/4 FULL PRIOR TO PICKUP ARRIVAL. ANY SHIPMENTS WITH VA-Q-TEC CONTAINERS, PLEASE MAKE SURE CONTAINERS ARE OFFLOADED AND COMPLETELY EMPTIED AT DELIVERY BEFORE BEING RELOADED ONTO TRUCK FOR RETURN TO VA-Q-TEC.",592,1.32,10,
2026-07-18T12:46:04.690715,SE,72112805,$660.24,"ALLENTOWN, PA",07/20 09:00,"ALLENTOWN, PA",07/20 12:01,101,25,NO NOTES,126,5.24,70,
2026-07-18T12:51:12.282277,WG,72112762,"$2,565.45","COLUMBUS, OH",07/22 11:00,"ORLANDO, FL",07/23 08:00,560,961,"BICOCT: TRAILERS MUST BE CLEAN, EMPTY, DRY, FREE OF STRUCTURAL DAMAGE AND NO ODORS FROM PRIOR FREIGHT. MUST HAVE TWO LOAD LOCKS IN EACH TRAILER AND FUEL TANKS 3/4 FULL PRIOR TO PICKUP ARRIVAL. ANY SHIPMENTS WITH VA-Q-TEC CONTAINERS, PLEASE MAKE SURE CONTAINERS ARE OFFLOADED AND COMPLETELY EMPTIED AT DELIVERY BEFORE BEING RELOADED ONTO TRUCK FOR RETURN TO VA-Q-TEC.",1521,1.69,21,
2026-07-18T12:58:02.417853,WG,72112757,$810.88,"COLUMBUS, OH",07/22 10:00,"WEST CHESTER, OH",07/22 11:00,560,92,"BICOCT: TRAILERS MUST BE CLEAN, EMPTY, DRY, FREE OF STRUCTURAL DAMAGE AND NO ODORS FROM PRIOR FREIGHT. MUST HAVE TWO LOAD LOCKS IN EACH TRAILER AND FUEL TANKS 3/4 FULL PRIOR TO PICKUP ARRIVAL. ANY SHIPMENTS WITH VA-Q-TEC CONTAINERS, PLEASE MAKE SURE CONTAINERS ARE OFFLOADED AND COMPLETELY EMPTIED AT DELIVERY BEFORE BEING RELOADED ONTO TRUCK FOR RETURN TO VA-Q-TEC.",652,1.24,7,
2026-07-18T14:03:47.035776,WG,72112501,"$2,461.75","WEST DEPTFORD, NJ",07/23 14:00,"COLUMBUS, OH",07/24 07:30,111,480,NO NOTES,591,4.17,72,
2026-07-18T14:03:49.785560,WG,72112029,"$1,051.13","MADISON, AL",07/23 14:00,"CINCINNATI, OH",07/24 08:00,947,403,NO NOTES,1350,0.78,1,
2026-07-18T15:03:59.624121,WG,72112365,,"WILMINGTON, OH",07/23 15:00,"PHILADELPHIA, PA",07/24 08:00,0,536,NO NOTES,536,,1,
2026-07-18T15:04:02.745691,WG,72108296,"$1,279.09","MOUNT VERNON, IN",07/23 15:00,"OLIVE BRANCH, MS",07/24 02:00,889,302,PLEASE BE IN RANGE WHEN YOU ARRIVE AT SHIPPER**SET POINT 5C,1191,1.07,3,
2026-07-18T15:04:05.468059,WG,72112676,"$2,380.79","BROOKS, KY",07/23 15:00,"NEW CASTLE, DE",07/24 08:30,766,682,NO NOTES,1448,1.64,20,
2026-07-18T15:10:52.625204,WG,72104418,"$3,711.93","LOCKBOURNE, OH",07/23 15:00,"DOTHAN, AL",07/24 09:00,554,763,NO NOTES,1317,2.82,54,
2026-07-18T16:03:46.446329,WG,72112781,"$1,418.21","MEMPHIS, TN",07/23 16:00,"MEMPHIS, TN",07/23 16:00,"1,111",0,"TEAM DRIVERS, NO DESTINATIONS, CALLER WILL UPDATE LAST MINUTE * END OF QUARTER STAGING",1111,1.28,9,
2026-07-18T16:03:48.948969,WG,72112782,"$1,418.21","MEMPHIS, TN",07/23 16:00,"MEMPHIS, TN",07/23 16:00,"1,111",0,"TEAM DRIVERS, NO DESTINATIONS, CALLER WILL UPDATE LAST MINUTE * END OF QUARTER STAGING",1111,1.28,9,
2026-07-18T16:03:51.668582,WG,72105857,"$1,629.12","NEWARK, DE",07/23 16:00,"ALBANY, NY",07/24 08:00,138,274,ORDER NOTE: PALLET JACK NEEDED FOR DRIVER UNLOAD,412,3.95,71,
2026-07-18T17:03:58.381622,WG,72106791,"$1,568.01","BROOKS, KY",07/23 17:00,"KERNERSVILLE, NC",07/24 08:00,766,472,IC7875: ENSURE THAT YOU HAVE THE ENTIRE BOL FILLED OUT AT THIS LOCATION.,1238,1.27,9,
2026-07-18T18:03:46.163346,WG,72107642,"$1,506.32","SHEPHERDSVILLE, KY",07/23 18:00,"DOTHAN, AL",07/24 09:00,772,538,BAX5100: ALL TAKEDA LOADS THAT ARE TEMP SHOULD BE TVAL,1310,1.15,5,
2026-07-18T18:03:48.590928,WG,72105904,"$1,865.11","NEWARK, DE",07/23 18:00,"SHREWSBURY, MA",07/24 08:00,138,313,ORDER NOTE: PALLET JACK NEEDED FOR DRIVER UNLOAD,451,4.14,72,
2026-07-18T18:03:51.662468,WG,72112621,"$2,374.22","GROVE CITY, OH",07/23 18:00,"BREINIGSVILLE, PA",07/24 08:00,557,448,ORDER NOTE: C,1005,2.36,40,
2026-07-18T18:52:53.729150,WG,72097654,"$2,953.55","AUSTIN, TX",07/23 09:00,"LINCOLN, NE",07/24 09:00,"1,760",824,"TR30SU: PLEASE USE STRAPS AT ALL TIMES, CALL TCI WITH ANY EXCEPTIONS DURING BUSINESS HOURS ONLY",2584,1.14,7,
2026-07-18T19:04:03.272475,WG,72106801,"$1,261.09","BROOKS, KY",07/23 19:00,"GROVE CITY, OH",07/24 08:30,766,211,IC7875: ENSURE THAT YOU HAVE THE ENTIRE BOL FILLED OUT AT THIS LOCATION.,977,1.29,9,
2026-07-18T20:10:39.264009,WG,72112433,"$1,791.14","SAN FRANCISCO, CA",07/23 18:00,"LOS ANGELES, CA",07/24 11:30,"2,912",388,NO NOTES,3300,0.54,1,
2026-07-18T20:10:47.255443,WG,72104412,"$3,385.03","LOCKBOURNE, OH",07/23 20:00,"OVERLAND PARK, KS",07/24 12:03,554,684,NO NOTES,1238,2.73,52,
2026-07-19T07:24:39.363336,WG,72111125,$992.37,"INDIANAPOLIS, IN",07/24 07:15,"LOUISVILLE, KY",07/24 11:24,723,125,NO NOTES,848,1.17,6,
2026-07-19T09:10:39.619424,WG,72112591,$987.74,"LEVITTOWN, PA",07/24 09:04,"BALTIMORE, MD",07/24 16:55,84,228,NO NOTES,312,3.17,61,
2026-07-19T09:10:54.754165,SE,72112662,"$5,078.25","NORTHBOROUGH, MA",07/24 09:00,"IRVINE, CA",07/27 13:00,185,"2,959",NO NOTES,3144,1.62,22,
2026-07-19T09:16:00.479080,WG,72112785,$878.23,"DES PLAINES, IL",07/22 11:00,"ROCKFORD, IL",07/22 13:00,826,65,"DRIVERS MUST HAVE STRAPS / LOAD BARS.  IF DRIVERS DO NOT HAVE LOAD SECUREMENT DEVICES, THEY WILL BE REFUSED.",891,0.99,1,
2026-07-19T10:36:04.546997,WG,72112827,"$2,580.46","FISHERS, IN",07/21 11:00,"RENSSELAER, NY",07/22 08:00,735,792,NO NOTES,1527,1.69,22,
2026-07-19T11:03:52.270398,WG,72112598,"$1,169.15","BROOKS, KY",07/24 11:00,"SHEPHERDSVILLE, KY",07/24 13:07,766,6,IC7875: ENSURE THAT YOU HAVE THE ENTIRE BOL FILLED OUT AT THIS LOCATION.,772,1.51,15,
2026-07-19T11:10:39.801319,WG,72112328,"$5,184.66","THOUSAND OAKS, CA",07/24 11:00,"SHEPHERDSVILLE, KY",07/27 09:00,"2,838","2,141",L1244392: TEAM DRIVERS ONLY FOR ALL TAKEDA RUNS,4979,1.04,6,
2026-07-19T11:17:52.745005,SE,72112830,"$2,402.62","SAN MARCOS, TX",07/19 14:00,"PEEBLES, OH",07/20 17:27,"1,787","1,220",NO NOTES,3007,0.80,2,
2026-07-19T12:03:45.834323,WG,72106833,$866.86,"BROOKS, KY",07/24 12:00,"BROOKS, KY",07/24 13:30,766,1,IC7875: ENSURE THAT YOU HAVE THE ENTIRE BOL FILLED OUT AT THIS LOCATION.,767,1.13,4,
2026-07-19T13:38:11.906736,WG,72112164,"$6,167.43","NEWARK, CA",07/24 13:30,"RICHMOND, IL",07/27 09:00,"2,929","2,142",NO NOTES,5071,1.22,12,
2026-07-19T14:10:21.078988,WG,72112234,"$10,445.19","SAN LEANDRO, CA",07/24 14:00,"ROCKVILLE, MD",07/27 10:00,"2,916","2,797",NO NOTES,5713,1.83,33,
2026-07-20T07:10:15.407377,SE,72112847,"$2,967.64","SANFORD, NC",07/20 13:00,"MCPHERSON, KS",07/21 16:45,547,"1,234",NO NOTES,1781,1.67,21,
2026-07-20T07:22:35.184103,WG,72112848,"$6,487.91","FARMVILLE, NC",07/22 13:00,"AURORA, CO",07/24 09:00,517,"1,724",NO NOTES,2241,2.90,59,
2026-07-20T07:28:29.421147,WG,72112857,"$1,642.77","BYRON, GA",07/20 10:30,"MARION, IL",07/21 09:00,928,537,NO NOTES,1465,1.12,5,
2026-07-20T08:08:01.542560,WG,72112859,"$2,944.83","LA VERGNE, TN",07/21 15:00,"SAN ANTONIO, TX",07/22 12:47,898,954,"CORD11: TRUCK MUST HAVE FULL AMOUNT OF USABLE SPACE FOR THE TRUCK SIZE REQUESTED, 20FT OF USABLE SPACE, 12FT OF USABLE SPACE, 53FT OF USABLE SPACE.",1852,1.59,19,
2026-07-20T08:30:57.185468,SE,72112862,$572.18,"LOUISVILLE, KY",07/20 09:00,"LOUISVILLE, KY",07/20 11:00,758,18,NO NOTES,776,0.74,1,
2026-07-20T08:31:00.186905,SE,72112806,$581.79,"RESTON, VA",07/20 09:00,"STERLING, VA",07/20 10:41,252,9,NO NOTES,261,2.23,35,
2026-07-20T08:42:57.981449,WG,72112892,$788.24,"SHEPHERDSVILLE, KY",07/21 12:00,"CINCINNATI, OH",07/22 08:00,772,135,BAX5100: MUST HAVE TEAM DRIVERS FOR ALL RUNS NO MATTER WHAT THE MILEAGE IS.,907,0.87,1,
2026-07-20T08:44:50.295074,WG,72112808,$962.08,"KANSAS CITY, MO",07/23 08:30,"KANSAS CITY, MO",07/23 12:52,"1,232",65,CSAFE RKN SHIPMENT TO PICK UP FREIGHT. WILL NEED TO FOLLOW SHIPPER ORIGIN INSTRUCTIONS AT ALL LOCATIONS. INSTRUCTIONS WILL BE EMAILED TO YOU TEMP TRUCK SET POINT 20C AND RANGE 17-23C,1297,0.74,1,
2026-07-20T08:50:36.672928,WG,72112867,$773.36,"CRANBURY, NJ",07/22 10:00,"RARITAN, NJ",07/22 12:07,54,29,00046768: ALL TEMP CONTROL LOADS MUST BE TVAL,83,9.32,71,
2026-07-20T08:52:10.715463,WG,72112869,$773.36,"CRANBURY, NJ",07/23 10:00,"RARITAN, NJ",07/23 12:07,54,29,00046768: ALL TEMP CONTROL LOADS MUST BE TVAL,83,9.32,71,
2026-07-20T08:57:12.672217,WG,72112868,"$1,520.30","SHEPHERDSVILLE, KY",07/21 13:00,"LENEXA, KS",07/22 09:00,772,544,BAX5100: MUST HAVE TEAM DRIVERS FOR ALL RUNS NO MATTER WHAT THE MILEAGE IS.,1316,1.16,6,
2026-07-20T09:31:47.661844,SE,72112813,$795.03,"SALT LAKE CITY, UT",07/21 12:00,"OGDEN, UT",07/21 14:15,"2,182",36,NO NOTES,2218,0.36,1,
2026-07-20T09:44:43.788853,WG,72112901,"$1,952.74","BLOOMINGTON, IN",07/23 13:00,"SWIFTWATER, PA",07/24 08:00,782,704,NO NOTES,1486,1.31,10,
2026-07-20T09:45:12.417282,SE,72110399,"$4,733.47","MOUNTAIN VIEW, CA",07/20 14:00,"HOUSTON, TX",07/22 09:17,"2,942","1,894",NO NOTES,4836,0.98,4,
2026-07-20T09:52:35.666104,SE,72112866,"$3,476.24","WISCONSIN RAPIDS, WI",07/20 13:45,"MIDDLEBORO, MA",07/21 17:44,"1,054","1,245",NO NOTES,2299,1.51,17,
2026-07-20T10:10:37.703005,SE,72112904,"$1,833.44","BOHEMIA, NY",07/22 08:00,"NEWINGTON, NH",07/22 15:47,58,296,NO NOTES,354,5.18,72,
2026-07-20T10:36:14.664765,WG,72112704,"$3,536.71","ATLANTA, GA",07/22 09:00,"CONSHOHOCKEN, PA",07/23 07:00,915,808,NO NOTES,1723,2.05,33,
2026-07-20T10:52:23.323428,SE,72112910,$612.52,"ALLENTOWN, PA",07/21 08:00,"CARLSTADT, NJ",07/21 11:31,110,95,NO NOTES,205,2.99,56,
2026-07-20T10:58:40.040027,WG,72112874,"$1,504.36","GREENVILLE, NC",07/23 13:00,"PHILADELPHIA, PA",07/24 08:00,516,432,NO NOTES,948,1.59,18,
2026-07-20T11:21:30.418972,WG,72112912,"$1,870.28","MOUNT VERNON, IN",07/21 09:00,"BREINIGSVILLE, PA",07/22 08:00,889,781,NO NOTES,1670,1.12,5,
2026-07-20T11:29:23.905440,WG,72112870,$691.68,"CRANBURY, NJ",07/22 10:00,"RARITAN, NJ",07/22 12:07,54,29,00046768: ALL TEMP CONTROL LOADS MUST BE TVAL,83,8.33,70,
2026-07-20T11:42:48.132150,WG,72111186,"$2,950.74","OLIVE BRANCH, MS",07/21 13:00,"BREINIGSVILLE, PA",07/22 11:54,"1,115","1,006",NO NOTES,2121,1.39,14,
2026-07-20T11:44:45.433163,WG,72112916,$781.96,"ALLENTOWN, PA",07/23 09:00,"EXTON, PA",07/23 11:28,110,46,NO NOTES,156,5.01,71,
2026-07-20T11:52:25.871189,SE,72112915,$872.27,"STERLING, VA",07/20 17:30,"DURHAM, NC",07/21 00:40,259,267,NO NOTES,526,1.66,19,
2026-07-20T11:59:19.852973,SE,72112939,"$1,531.23","LENEXA, KS",07/22 09:00,"CHICAGO, IL",07/23 09:00,"1,230",528,NO NOTES,1758,0.87,1,
2026-07-20T12:02:34.741639,WG,72112940,"$2,125.48","BLOOMINGTON, IN",07/23 12:00,"ALLENTOWN, PA",07/24 08:00,782,674,NO NOTES,1456,1.46,15,
2026-07-20T12:07:56.607088,WG,72112920,"$1,249.85","MOUNT VERNON, IN",07/21 14:00,"GROVEPORT, OH",07/21 22:50,889,345,BRCOAR: TRAILER MUST BE EMPTY OUTSIDE OF EQUIPMENT NEEDED TO SECURE. NO PLYWOOD IN TRAILER FLOORS ON REEFER LOADS.,1234,1.01,1,
2026-07-20T12:16:43.080762,WG,72112959,"$1,147.67","BLOOMINGTON, IN",07/23 12:00,"MOUNT PROSPECT, IL",07/24 09:00,782,260,NO NOTES,1042,1.10,4,
2026-07-20T12:21:45.950034,WG,72112921,"$2,001.83","LAYTON, UT",07/21 11:00,"TRAVIS AFB, CA",07/22 11:00,"2,171",710,NO NOTES,2881,0.69,2,
2026-07-20T12:31:26.592446,SE,72112962,$883.64,"QUEENSBURY, NY",07/21 08:30,"MANSFIELD, MA",07/21 14:37,198,217,NO NOTES,415,2.13,32,
2026-07-20T13:00:29.705825,WG,72112997,"$1,122.02","WEST DEPTFORD, NJ",07/21 08:00,"WILMINGTON, DE",07/21 10:00,111,24,NO NOTES,135,8.31,71,
2026-07-20T13:35:42.767769,WG,72110241,"$2,374.80","LOS ANGELES, CA",07/21 10:00,"SPARKS, NV",07/22 08:41,"2,798",526,NO NOTES,3324,0.71,2,
2026-07-20T14:01:02.688210,WG,72112972,$852.00,"INDIANAPOLIS, IN",07/22 08:30,"HAMILTON, OH",07/22 12:30,739,118,"L1218217: TRAILER MUST BE EMPTY AND NO PERSONAL ITEMS, OR PALLET JACK, SECUREMENT ITEMS ONLY",857,0.99,1,
2026-07-20T14:03:27.242232,SE,72112971,$661.51,"KANSAS CITY, MO",07/24 11:00,"KANSAS CITY, MO",07/24 15:22,"1,232",65,NO NOTES,1297,0.51,1,
2026-07-20T14:14:34.115566,WG,72112685,$957.59,"CORAOPOLIS, PA",07/21 10:00,"CORAOPOLIS, PA",07/21 13:46,394,27,NO NOTES,421,2.27,36,
2026-07-20T14:14:47.134863,WG,72113013,"$2,367.56","WARTBURG, TN",07/21 14:00,"ELK GROVE VILLAGE, IL",07/22 09:00,767,576,NO NOTES,1343,1.76,23,
2026-07-20T14:16:31.245358,WG,72113014,"$1,558.72","INDIANAPOLIS, IN",07/23 09:00,"CONCORD, NC",07/24 08:00,739,587,"L1218217: TRAILER MUST BE EMPTY AND NO PERSONAL ITEMS, OR PALLET JACK, SECUREMENT ITEMS ONLY",1326,1.18,6,
2026-07-20T14:17:24.522609,SE,72112949,"$1,916.66","ETOWAH, TN",07/21 14:00,"HOUSTON, TX",07/22 10:14,789,881,NO NOTES,1670,1.15,6,
2026-07-20T14:21:51.247081,WG,72113025,"$5,652.87","HOUSTON, TX",07/21 20:00,"SPARTA, NJ",07/23 09:00,"1,653","1,617",SMITH53: DRIVERS WILL BE REQUIRED AND ASKED TO PROVIDE CELL PHONE #'S TO CUSTOMER. DRIVERS WHO ACCEPT THE LOAD AND THEN REFUSE TO COMPLY SHOULD UNDERSTAND THAT THEY WILL BE REMOVED FROM THE SHIPMENT,3270,1.73,25,
2026-07-20T14:21:53.796621,WG,72111945,"$5,652.87","HOUSTON, TX",07/21 20:00,"SPARTA, NJ",07/23 08:00,"1,653","1,617",SMITH53: DRIVERS WILL BE REQUIRED AND ASKED TO PROVIDE CELL PHONE #'S TO CUSTOMER. DRIVERS WHO ACCEPT THE LOAD AND THEN REFUSE TO COMPLY SHOULD UNDERSTAND THAT THEY WILL BE REMOVED FROM THE SHIPMENT,3270,1.73,25,
2026-07-20T14:21:57.127723,WG,72113026,"$5,652.87","HOUSTON, TX",07/21 22:00,"SPARTA, NJ",07/23 10:00,"1,653","1,617",SMITH53: DRIVERS WILL BE REQUIRED AND ASKED TO PROVIDE CELL PHONE #'S TO CUSTOMER. DRIVERS WHO ACCEPT THE LOAD AND THEN REFUSE TO COMPLY SHOULD UNDERSTAND THAT THEY WILL BE REMOVED FROM THE SHIPMENT,3270,1.73,25,
2026-07-20T14:31:39.511854,SE,72112974,"$2,980.95","INDIANAPOLIS, IN",07/22 08:00,"OCALA, FL",07/23 08:00,743,912,PU# RYDFC-1289-MG,1655,1.80,25,
2026-07-20T14:37:13.955740,WG,72113027,"$5,652.87","HOUSTON, TX",07/22 20:00,"SPARTA, NJ",07/24 08:00,"1,653","1,617",SMITH53: DRIVERS WILL BE REQUIRED AND ASKED TO PROVIDE CELL PHONE #'S TO CUSTOMER. DRIVERS WHO ACCEPT THE LOAD AND THEN REFUSE TO COMPLY SHOULD UNDERSTAND THAT THEY WILL BE REMOVED FROM THE SHIPMENT,3270,1.73,25,
2026-07-20T14:37:21.797942,WG,72113028,"$5,652.87","HOUSTON, TX",07/22 21:00,"SPARTA, NJ",07/24 09:00,"1,653","1,617",SMITH53: DRIVERS WILL BE REQUIRED AND ASKED TO PROVIDE CELL PHONE #'S TO CUSTOMER. DRIVERS WHO ACCEPT THE LOAD AND THEN REFUSE TO COMPLY SHOULD UNDERSTAND THAT THEY WILL BE REMOVED FROM THE SHIPMENT,3270,1.73,25,
2026-07-20T14:37:24.226625,WG,72113029,"$5,652.87","HOUSTON, TX",07/22 22:00,"SPARTA, NJ",07/24 10:00,"1,653","1,617",SMITH53: DRIVERS WILL BE REQUIRED AND ASKED TO PROVIDE CELL PHONE #'S TO CUSTOMER. DRIVERS WHO ACCEPT THE LOAD AND THEN REFUSE TO COMPLY SHOULD UNDERSTAND THAT THEY WILL BE REMOVED FROM THE SHIPMENT,3270,1.73,25,
2026-07-20T14:50:28.129231,WG,72113077,"$1,742.25","KANSAS CITY, MO",07/22 14:00,"INDIANAPOLIS, IN",07/23 09:00,"1,218",482,NO NOTES,1700,1.02,2,
2026-07-20T14:50:30.590000,WG,72113043,"$4,071.47","MERCHANTVILLE, NJ",07/22 15:00,"LITTLETON, CO",07/24 10:00,96,"1,760",DRIVER TO PROVIDE A SEAL. US CITIZENS TEAM TO DO CSS CONSTANT SURVEILLANCE,1856,2.19,37,
2026-07-20T15:03:47.126425,SE,72113078,"$2,653.60","ISLANDIA, NY",07/21 07:00,"VERGENNES, VT",07/21 15:07,51,311,NO NOTES,362,7.33,72,
2026-07-20T15:17:26.049490,SE,72113081,$782.50,"MECHANICSBURG, PA",07/21 09:00,"MILLBURN, NJ",07/21 13:58,197,163,NO NOTES,360,2.17,33,
2026-07-20T15:23:54.639633,SE,72112968,"$2,516.72","ABILENE, TX",07/20 17:00,"LOCKBOURNE, OH",07/21 20:47,"1,758","1,236",NO NOTES,2994,0.84,2,
2026-07-20T15:35:36.434871,WG,72113107,"$2,039.20","OPELIKA, AL",07/21 11:30,"GRAHAM, KY",07/22 09:00,"1,232",413,NO HAZMAT REROUTE EXPLOSIVES 1.1D,1645,1.24,8,
2026-07-20T15:43:17.950976,WG,72113066,"$1,897.58","WINCHESTER, KY",07/22 13:00,"NEW BRUNSWICK, NJ",07/23 09:00,930,664,NO NOTES,1594,1.19,7,
2026-07-20T16:15:30.841926,WG,72113067,"$1,345.55","JOHNSON CITY, TN",07/22 15:00,"BOAZ, AL",07/23 08:00,865,315,NO NOTES,1180,1.14,5,
2026-07-20T16:28:49.581459,WG,72113110,"$4,849.57","EL SEGUNDO, CA",07/21 16:15,"TITUSVILLE, FL",07/24 08:00,"2,916","2,564",NO NOTES,5480,0.88,4,
2026-07-20T16:30:35.719471,WG,72113111,"$1,903.90","SHEPHERDSVILLE, KY",07/23 13:00,"SHREVEPORT, LA",07/24 09:00,923,732,BAX5100: ALL TAKEDA LOADS THAT ARE TEMP SHOULD BE TVAL,1655,1.15,6,
2026-07-20T16:43:04.234649,WG,72113090,"$1,102.74","BLOOMINGTON, IN",07/22 11:00,"MIDDLETON, WI",07/22 20:50,921,392,BRCOAR: TRAILER MUST BE EMPTY OUTSIDE OF EQUIPMENT NEEDED TO SECURE. NO PLYWOOD IN TRAILER FLOORS ON REEFER LOADS.,1313,0.84,1,
2026-07-20T17:15:31.662956,WG,72113092,"$3,978.04","BRAINTREE, MA",07/22 17:00,"SPARTANBURG, SC",07/23 14:18,218,931,NO NOTES,1149,3.46,72,
2026-07-20T17:16:55.326484,SE,72113075,$547.50,"FORT WORTH, TX",07/21 12:00,"TYLER, TX",07/21 17:00,"1,776",138,NO NOTES,1914,0.29,1,
2026-07-20T17:29:24.448027,WG,72113093,"$2,897.27","LOUISVILLE, KY",07/22 17:00,"FORT WORTH, TX",07/23 13:25,912,866,DO NOT ARRIVE MORE THAN 15 MINUTES PRIOR TO SCHEDULED PICKUP TIME,1778,1.63,20,
2026-07-20T17:35:54.860351,WG,72113120,"$4,107.44","ROCKFORD, IL",07/22 11:00,"NEW BRUNSWICK, NJ",07/23 07:00,987,867,NO NOTES,1854,2.22,38,
2026-07-20T17:36:00.486576,WG,72113095,"$2,716.24","OGDEN, UT",07/22 13:00,"HENDERSON, NV",07/23 11:00,"2,276",478,NO NOTES,2754,0.99,2,
2026-07-20T18:14:42.153838,WG,72113125,$833.86,"MEMPHIS, TN",07/22 11:00,"MEMPHIS, TN",07/22 16:00,"1,286",2,NO NOTES,1288,0.65,1,
2026-07-20T18:30:09.031763,WG,72113138,"$1,166.60","SHEPHERDSVILLE, KY",07/23 15:00,"SIMPSONVILLE, SC",07/24 08:00,923,398,BAX5100: MUST HAVE TEAM DRIVERS FOR ALL RUNS NO MATTER WHAT THE MILEAGE IS.,1321,0.88,1,
2026-07-20T20:00:34.888222,WG,72113135,"$1,162.39","PETERSBURG, VA",07/22 09:00,"WILMINGTON, NC",07/22 15:19,629,227,NO NOTES,856,1.36,11,
2026-07-20T20:42:30.254316,WG,72113140,$906.59,"BROOKS, KY",07/22 06:30,"GROVE CITY, OH",07/22 12:29,917,211,IC7875: ENSURE THAT YOU HAVE THE ENTIRE BOL FILLED OUT AT THIS LOCATION.,1128,0.80,1,
2026-07-20T21:07:27.252906,WG,72113136,"$2,528.51","SPARKS, NV",07/21 15:00,"EL CENTRO, CA",07/23 09:30,"2,789",775,NO NOTES,3564,0.71,2,
2026-07-20T21:50:14.752216,WG,72112976,"$1,235.20","SHEPHERDSVILLE, KY",07/22 16:00,"OLIVE BRANCH, MS",07/23 09:00,923,369,NO NOTES,1292,0.96,1,
2026-07-21T07:57:52.315459,WG,72113171,"$1,547.41","RENSSELAER, NY",07/23 10:00,"CENTRAL ISLIP, NY",07/23 15:33,126,191,F1093389: BOTH DRIVERS MUST BE IN THE TRUCK UPON PICKUP ARRIVAL.,317,4.88,71,
2026-07-21T07:58:35.536901,SE,72113149,"$1,162.77","RICHMOND, VA",07/21 09:00,"HARRODSBURG, KY",07/22 08:00,612,540,1 CRATE 75LB 63.63.10 C UNIT NON HAZ PO# 211159,1152,1.01,1,
2026-07-21T08:01:10.936204,WG,72113166,"$1,786.41","LA VERGNE, TN",07/22 16:00,"DES PLAINES, IL",07/24 06:29,"1,092",514,NO NOTES,1606,1.11,5,
2026-07-21T08:02:39.522953,SE,72113172,$715.99,"PIEDMONT, SC",07/21 16:00,"WILMINGTON, NC",07/21 23:59,993,305,NO NOTES,1298,0.55,1,
2026-07-21T08:15:54.757462,WG,72113173,"$5,039.37","GLEN ROCK, PA",07/23 10:00,"WEST SAINT PAUL, MN",07/24 08:58,438,"1,104",NO NOTES,1542,3.27,68,
2026-07-21T08:23:40.168502,SE,72113180,$661.42,"BOSTON, MA",07/22 09:00,"BOSTON, MA",07/22 13:00,210,98,CSAFE RKN SHIPMENT TO PICK UP FREIGHT. WILL NEED TO FOLLOW SHIPPER ORIGIN INSTRUCTIONS AT ALL LOCATIONS. INSTRUCTIONS WILL BE EMAILED TO YOU,308,2.15,33,
2026-07-21T08:37:25.792406,WG,72113181,"$2,221.37","MORRISVILLE, NC",07/23 15:00,"ALLENTOWN, PA",07/24 08:00,763,447,NO NOTES,1210,1.84,25,
2026-07-21T09:15:53.203089,WG,72113202,$983.37,"MOUNT VERNON, IN",07/23 09:00,"BROOKS, KY",07/23 12:00,"1,040",153,BRCOAR: TRAILER MUST BE EMPTY OUTSIDE OF EQUIPMENT NEEDED TO SECURE. NO PLYWOOD IN TRAILER FLOORS ON REEFER LOADS.,1193,0.82,1,
2026-07-21T09:29:47.111275,WG,72113217,$906.59,"BROOKS, KY",07/22 19:30,"GROVE CITY, OH",07/23 07:00,917,211,IC7875: ENSURE THAT YOU HAVE THE ENTIRE BOL FILLED OUT AT THIS LOCATION.,1128,0.80,1,
2026-07-21T09:30:37.028299,SE,72113218,"$2,191.19","COLUMBUS, OH",07/21 11:30,"FORT WORTH, TX",07/22 11:31,701,"1,059",NO NOTES,1760,1.24,9,
2026-07-21T09:50:50.334470,WG,72113185,"$2,370.36","NEWARK, DE",07/23 09:29,"BROOKS, KY",07/24 01:20,390,675,1 TRUCK (PLEASE MAKE SURE THE APPROPRIATE TRUCK IS SCHEDULED FOR PICKUP),1065,2.23,36,
2026-07-21T10:00:35.316145,WG,72113222,"$1,167.45","CHARLESTON, SC",07/22 10:00,"WILMINGTON, NC",07/22 15:07,985,170,NO NOTES,1155,1.01,1,
2026-07-21T10:16:18.593335,WG,72113186,"$1,432.52","BROOKS, KY",07/23 15:00,"OLIVE BRANCH, MS",07/24 09:30,807,374,NO NOTES,1181,1.21,7,
2026-07-21T10:58:25.176181,SE,72113209,"$1,457.85","MEMPHIS, TN",07/22 15:00,"LAFAYETTE, IN",07/23 08:00,"1,286",516,NO NOTES,1802,0.81,1,
2026-07-21T11:15:18.487833,WG,72113230,"$1,009.83","VANDALIA, OH",07/23 08:00,"SEYMOUR, IN",07/23 12:28,758,140,NO NOTES,898,1.12,4,
2026-07-21T11:37:12.268627,SE,72113187,"$2,256.10","MILLVILLE, NJ",07/22 06:00,"PORT CHESTER, NY",07/22 10:56,393,162,NO TRUCKS OVER 28' CAN FIT AT THIS LOCATION,555,4.07,72,
2026-07-21T11:58:27.438652,SE,72113240,$801.09,"MIDLOTHIAN, VA",07/22 14:00,"ALLENTOWN, PA",07/23 08:00,616,300,NO NOTES,916,0.87,1,
2026-07-21T11:58:33.240160,SE,72113231,"$7,433.53","ARLINGTON, VA",07/24 10:00,"RIDGECREST, CA",07/27 13:00,291,"2,641",NO NOTES,2932,2.54,50,
2026-07-21T12:02:51.566925,SE,72112149,"$2,885.68","KANSAS CITY, MO",07/24 09:00,"ATLANTA, GA",07/27 08:00,"1,261",807,NO NOTES,2068,1.40,14,
2026-07-21T12:07:44.671794,WG,72112858,"$4,606.45","ROCKFORD, IL",07/22 14:00,"LA VERNE, CA",07/24 08:32,987,"1,929",NO NOTES,2916,1.58,20,
2026-07-21T12:15:20.039092,WG,72113188,"$1,958.10","BLOOMINGTON, IN",07/23 10:00,"ROCKFORD, IL",07/24 09:00,823,315,NO NOTES,1138,1.72,22,
2026-07-21T12:35:39.174303,WG,72113213,"$3,885.27","ROCKFORD, IL",07/22 11:00,"DURHAM, NC",07/23 08:00,987,864,NO NOTES,1851,2.10,34,
2026-07-21T12:43:57.629289,SE,72113190,$719.47,"BOSTON, MA",07/24 09:00,"BOSTON, MA",07/24 13:08,246,54,CSAFE RKN SHIPMENT TO PICK UP FREIGHT. WILL NEED TO FOLLOW SHIPPER ORIGIN INSTRUCTIONS AT ALL LOCATIONS. INSTRUCTIONS WILL BE EMAILED TO YOU,300,2.40,40,
2026-07-21T12:57:56.736953,WG,72113258,"$2,044.22","ROCKFORD, IL",07/23 13:00,"MOUNT VERNON, IN",07/24 09:00,927,345,NO NOTES,1272,1.61,19,
2026-07-21T13:02:07.362611,SE,72113192,"$5,734.58","MORGAN HILL, CA",07/22 11:00,"CHICAGO, IL",07/24 12:48,"3,060","2,200",NO NOTES,5260,1.09,8,
2026-07-21T13:30:22.821907,SE,72113196,"$1,855.33","SOUTH GATE, CA",07/22 18:00,"RIO RANCHO, NM",07/23 12:31,"2,903",800,NO NOTES,3703,0.50,2,
2026-07-21T13:35:57.404743,WG,72113245,"$2,310.57","BETHLEHEM, PA",07/22 14:00,"INDIANAPOLIS, IN",07/23 09:31,324,652,NO NOTES,976,2.37,40,
2026-07-21T13:50:23.270905,WG,72113261,"$2,371.93","FISHERS, IN",07/23 09:00,"RENSSELAER, NY",07/24 08:00,872,792,NO NOTES,1664,1.43,14,
2026-07-21T13:56:28.556835,WG,72113260,"$9,269.54","GARNER, NC",07/22 09:00,"BEND, OR",07/24 21:12,765,"2,759",NO NOTES,3524,2.63,54,
2026-07-21T14:01:40.618993,WG,72113246,"$1,920.96","LOUISVILLE, KY",07/23 09:00,"OVERLAND PARK, KS",07/24 09:00,912,527,NO NOTES,1439,1.33,11,
2026-07-21T14:16:04.319821,WG,72113252,"$1,350.38","LA VERGNE, TN",07/23 15:00,"GROVEPORT, OH",07/24 06:00,939,395,"CORD11: TRUCK MUST HAVE FULL AMOUNT OF USABLE SPACE FOR THE TRUCK SIZE REQUESTED, 20FT OF USABLE SPACE, 12FT OF USABLE SPACE, 53FT OF USABLE SPACE.",1334,1.01,1,
2026-07-21T14:43:26.682139,WG,72109063,"$3,659.51","CINCINNATI, OH",07/23 10:00,"BASTROP, TX",07/24 12:30,682,"1,173",NO NOTES,1855,1.97,30,
2026-07-21T14:51:05.589800,SE,72113345,$731.41,"BOSTON, MA",07/24 09:00,"BOSTON, MA",07/24 13:00,246,77,CSAFE RKN SHIPMENT TO PICK UP FREIGHT. WILL NEED TO FOLLOW SHIPPER ORIGIN INSTRUCTIONS AT ALL LOCATIONS. INSTRUCTIONS WILL BE EMAILED TO YOU,323,2.26,36,
2026-07-21T15:01:31.602959,WG,72113327,"$2,261.09","LA VERGNE, TN",07/23 13:00,"WAUKESHA, WI",07/24 09:30,939,601,"CORD11: TRUCK MUST HAVE FULL AMOUNT OF USABLE SPACE FOR THE TRUCK SIZE REQUESTED, 20FT OF USABLE SPACE, 12FT OF USABLE SPACE, 53FT OF USABLE SPACE.",1540,1.47,15,
2026-07-21T15:01:59.861731,SE,72113259,"$1,586.56","NEWTON HIGHLANDS, MA",07/21 15:30,"LYNCHBURG, VA",07/22 08:00,212,612,NO NOTES,824,1.93,27,
2026-07-21T15:08:17.282176,WG,72113348,"$1,126.53","BOONE, IA",07/23 09:00,"ORANGE CITY, IA",07/23 14:18,"1,254",179,NO NOTES,1433,0.79,1,
2026-07-21T15:37:14.144286,SE,72058451,"$2,599.40","INDIANAPOLIS, IN",07/26 15:30,"ALLENTOWN, PA",07/27 08:30,772,632,NO NOTES,1404,1.85,26,
2026-07-21T16:01:27.921279,WG,72113367,"$2,493.55","CINCINNATI, OH",07/23 10:15,"DURHAM, NC",07/24 10:00,682,500,NO NOTES,1182,2.11,33,
2026-07-21T16:14:34.773465,WG,72113384,"$1,817.05","OLIVE BRANCH, MS",07/22 16:00,"LOUISVILLE, KY",07/23 13:30,"1,156",394,NO NOTES,1550,1.17,6,
2026-07-21T16:23:27.566923,SE,72112097,$687.50,"BUFFALO, NY",07/26 16:15,"ROCHESTER, NY",07/26 19:23,428,77,NO NOTES,505,1.36,11,
2026-07-21T16:29:40.614203,WG,72113270,"$2,492.49","KANSAS CITY, MO",07/23 12:00,"CLINTON, TN",07/24 09:00,"1,259",728,NO NOTES,1987,1.25,9,
2026-07-21T16:36:50.846930,SE,72113409,$592.62,"SALISBURY, NC",07/22 08:00,"DURHAM, NC",07/22 11:44,823,105,NO NOTES,928,0.64,1,
2026-07-21T16:44:29.331293,SE,72113388,"$1,509.58","HAVRE DE GRACE, MD",07/22 08:00,"ETOWAH, TN",07/23 08:00,386,629,NO NOTES,1015,1.49,15,
2026-07-21T16:57:04.934121,WG,72113390,$885.38,"DURHAM, NC",07/23 12:00,"RALEIGH, NC",07/23 14:39,556,31,NO NOTES,587,1.51,15,
2026-07-21T16:57:58.630268,SE,72113439,"$3,841.43","LOS ANGELES, CA",07/23 11:00,"CORINNE, UT",07/24 09:30,"2,837",746,NO NOTES,3583,1.07,5,
2026-07-21T17:02:17.843913,SE,72099717,"$3,609.22","WORCESTER, MA",07/26 17:00,"JACKSONVILLE, FL",07/27 18:15,204,"1,117",ORDER NOTE: SPORTS EQUIPMENT,1321,2.73,52,
2026-07-21T17:09:03.187318,SE,72113395,$722.14,"MANASSAS, VA",07/22 12:00,"NORFOLK, VA",07/24 10:00,314,180,NO NOTES,494,1.46,13,
2026-07-21T17:14:56.107921,WG,72113440,"$4,890.47","EDEN PRAIRIE, MN",07/23 10:00,"EAST GREENBUSH, NY",07/24 13:58,"1,264","1,244",NO NOTES,2508,1.95,31,
2026-07-21T17:15:50.359049,SE,72113386,"$2,327.51","RALEIGH, NC",07/22 08:00,"SALEM, NH",07/23 00:54,678,724,NO NOTES,1402,1.66,20,
2026-07-21T17:28:42.855748,WG,72113442,"$3,041.72","OLIVE BRANCH, MS",07/23 09:00,"BREINIGSVILLE, PA",07/23 08:01,"1,211","1,006",NO NOTES,2217,1.37,13,
2026-07-21T17:42:30.478102,WG,72113434,"$1,695.30","LOUISVILLE, KY",07/22 16:00,"WAUKESHA, WI",07/23 09:30,822,422,L1068563: YOU MUST HAVE ALL OF YOUR USEABLE SPACE AVAILABLE. PLEASE ENSURE PERSONAL BELONGINGS ARE STOWED APPROPRIATELY.,1244,1.36,12,
2026-07-21T17:50:08.426742,WG,72113445,"$1,512.07","NORTHBOROUGH, MA",07/23 10:30,"PHILADELPHIA, PA",07/24 10:00,213,269,NO NOTES,482,3.14,61,
2026-07-21T17:57:48.398567,SE,72113119,"$1,765.42","EVANSVILLE, IN",07/22 09:00,"EASLEY, SC",07/23 08:00,921,512,NO NOTES,1433,1.23,8,
2026-07-21T18:00:28.060807,WG,72113447,"$1,817.05","OLIVE BRANCH, MS",07/22 09:00,"LOUISVILLE, KY",07/23 13:30,"1,156",394,NO NOTES,1550,1.17,6,
2026-07-21T18:14:25.120698,WG,72113448,"$2,208.52","BROWNSBURG, IN",07/22 09:00,"PHILADELPHIA, PA",07/23 08:00,793,669,NO NOTES,1462,1.51,16,
2026-07-21T18:14:58.926806,WG,72113436,"$2,080.86","ALLENTOWN, PA",07/23 09:00,"SHEPHERDSVILLE, KY",07/24 07:00,151,665,NO NOTES,816,2.55,45,
2026-07-21T18:15:07.248610,WG,72113457,"$1,025.01","CINCINNATI, OH",07/23 10:00,"BROOKS, KY",07/23 12:30,688,121,NO NOTES,809,1.27,8,
2026-07-21T18:36:48.037705,SE,72113450,"$2,455.09","VAN WERT, OH",07/22 09:00,"GRIFFIN, GA",07/23 06:30,660,641,NO NOTES,1301,1.89,27,
2026-07-21T18:37:02.747950,SE,72084567,"$2,655.01","WEST SACRAMENTO, CA",07/26 18:30,"TACOMA, WA",07/27 11:21,"2,867",722,BASEBALL EQ/ PCS & WGT VARY/ MAY HAVE TO ASSIST WITH LOADING/UNLOADING,3589,0.74,2,
2026-07-21T18:37:06.041488,SE,72112919,"$1,464.16","TOLEDO, OH",07/26 18:30,"LOUISVILLE, KY",07/27 09:00,609,301,NO NOTES,910,1.61,18,
2026-07-21T18:37:08.691843,SE,72042242,"$2,645.86","SAINT PAUL, MN",07/26 18:30,"COLUMBUS, OH",07/27 11:30,"1,244",721,NO NOTES,1965,1.35,12,
2026-07-21T19:07:25.773083,WG,72113462,"$1,924.11","LA VERGNE, TN",07/21 21:41,"CORAOPOLIS, PA",07/22 11:25,"1,011",575,"CORD11: TRUCK MUST HAVE FULL AMOUNT OF USABLE SPACE FOR THE TRUCK SIZE REQUESTED, 20FT OF USABLE SPACE, 12FT OF USABLE SPACE, 53FT OF USABLE SPACE.",1586,1.21,8,
2026-07-21T19:37:02.357111,SE,72084305,"$2,339.17","MEMPHIS, TN",07/26 19:30,"JACKSONVILLE, FL",07/27 11:44,"1,153",669,NO NOTES,1822,1.28,10,
2026-07-21T22:29:07.109841,WG,72113468,"$2,198.83","BLOOMINGTON, IN",07/23 12:00,"ALLENTOWN, PA",07/24 08:00,823,674,NO NOTES,1497,1.47,15,
2026-07-21T22:35:52.437004,WG,72113470,"$1,018.81","LOCKBOURNE, OH",07/23 08:00,"BROOKS, KY",07/23 14:00,595,221,IC7875: ENSURE THAT YOU HAVE THE ENTIRE BOL FILLED OUT AT THIS LOCATION.,816,1.25,8,
2026-07-22T00:08:52.281894,SE,72113473,$512.98,"PITTSBURGH, PA",07/24 11:00,"ALIQUIPPA, PA",07/24 13:07,419,29,NO NOTES,448,1.15,4,
2026-07-22T00:35:51.535644,WG,72113497,$905.61,"PEABODY, MA",07/23 08:00,"DEVENS, MA",07/23 11:30,259,46,BRCOAR: TRAILER MUST BE EMPTY OUTSIDE OF EQUIPMENT NEEDED TO SECURE. NO PLYWOOD IN TRAILER FLOORS ON REEFER LOADS.,305,2.97,56,
2026-07-22T00:43:13.101984,WG,72113498,$924.60,"DES PLAINES, IL",07/23 11:00,"ROCKFORD, IL",07/23 14:00,867,65,NO NOTES,932,0.99,1,
2026-07-22T01:02:10.958473,SE,72078125,"$2,639.40","RENO, NV",07/27 01:00,"TACOMA, WA",07/27 17:45,"2,734",717,BASEBALL EQ PCS & WEIGHT WILL VARY/ MAY HAVE TO HELP WITH LOADING/UNLOADING EQUIPMENT,3451,0.76,2,
2026-07-22T01:37:09.375692,SE,72082054,"$3,824.55","LAS VEGAS, NV",07/27 01:30,"OKLAHOMA CITY, OK",07/28 03:00,"2,584","1,128",L1131164: DRIVER MAY BE REQUESTED TO HELP WITH LOADING/UNLOADING.,3712,1.03,4,
2026-07-22T01:37:12.058053,SE,72072831,"$2,798.95","LAS VEGAS, NV",07/27 01:30,"EL PASO, TX",07/27 17:10,"2,584",736,BASEBALL EQ PCS & WGT MAY VARIE . MAY NEED TO ASSIST IN LOADING/UNLOADING,3320,0.84,2,
2026-07-22T07:01:41.031587,WG,72111894,"$11,073.08","CARY, NC",07/27 07:00,"HAWTHORNE, CA",07/30 17:00,563,"2,806",NO NOTES,3369,3.29,74,
2026-07-22T07:36:38.825240,WG,72061114,"$1,321.16","LOUISVILLE, KY",07/27 07:30,"LA VERGNE, TN",07/27 14:23,802,183,NO NOTES,985,1.34,11,
2026-07-22T08:00:43.376972,WG,72113484,,,,,,,,NO NOTES,,,1,
2026-07-22T08:01:55.856813,WG,72113389,$870.77,"LOCKBOURNE, OH",07/27 08:00,"BROOKS, KY",07/27 14:12,595,221,NO NOTES,816,1.07,3,
2026-07-22T08:01:58.998907,WG,72111608,"$1,207.62","LOUISVILLE, KY",07/27 08:00,"LOUISVILLE, KY",07/27 08:00,802,0,L1068563: YOU MUST HAVE ALL OF YOUR USEABLE SPACE AVAILABLE. PLEASE ENSURE PERSONAL BELONGINGS ARE STOWED APPROPRIATELY.,802,1.51,15,
2026-07-22T08:08:54.293064,WG,72111999,$935.57,"BALTIMORE, MD",07/27 08:00,"MACUNGIE, PA",07/27 12:27,247,139,NO NOTES,386,2.42,41,
2026-07-22T08:08:59.810528,WG,72105162,"$1,328.55","GROVE CITY, OH",07/27 08:00,"WHITESTOWN, IN",07/27 14:00,598,198,"PR2297: IF PALLET JACK REQUESTED NEED TO MAKE SURE IT'S ACCESSIBLE TO OFFLOAD TRK. DRIVERS MAY NEED TO OFFLOAD TRK TO DOCK AT DELIVERIES, ESPECIALLY NC AND FL.",796,1.67,20,
2026-07-22T08:28:51.669317,WG,72113517,"$1,963.93","BROWNSBURG, IN",07/23 09:00,"PHILADELPHIA, PA",07/24 00:44,784,669,NO NOTES,1453,1.35,11,
2026-07-22T09:02:03.010854,WG,72105807,"$1,492.40","PHILADELPHIA, PA",07/27 09:00,"RENSSELAER, NY",07/27 15:07,139,217,NO NOTES,356,4.19,71,
2026-07-22T09:02:06.439380,WG,72113472,"$2,028.64","CALEDONIA, MI",07/27 09:00,"ALLENTOWN, PA",07/28 08:00,792,667,NO NOTES,1459,1.39,13,
2026-07-22T09:02:10.222385,WG,72102687,"$2,787.26","LA VERGNE, TN",07/27 09:00,"FAIRFIELD, NJ",07/28 05:03,939,872,"CORD11: TRUCK MUST HAVE FULL AMOUNT OF USABLE SPACE FOR THE TRUCK SIZE REQUESTED, 20FT OF USABLE SPACE, 12FT OF USABLE SPACE, 53FT OF USABLE SPACE.",1811,1.54,17,
2026-07-22T09:02:13.356103,WG,72105817,"$1,463.50","ALLENTOWN, PA",07/27 09:00,"RENSSELAER, NY",07/27 15:08,151,218,NO NOTES,369,3.97,71,
2026-07-22T09:02:16.372378,WG,72113197,"$3,028.63","LAFAYETTE, IN",07/27 09:00,"QUAKERTOWN, PA",07/28 08:00,819,704,NO NOTES,1523,1.99,30,
2026-07-22T09:08:55.505009,WG,72113263,"$5,232.65","KENNEDY SPACE CENTER, FL",07/27 09:00,"LITTLETON, CO",07/29 10:00,"1,141","1,919",US CITIZENS TEAM DRIVERS TO CALL JEFF BOLOGNESE AT 321.289.7758 TODAY TO GIVE YOUR PERSONAL INFO SO HE CAN START THE BADGING PROCESS FOR THE GATE,3060,1.71,25,
2026-07-22T09:09:00.445398,WG,72100492,"$8,304.47","DEARBORN, MI",07/27 09:00,"SEATTLE, WA",07/29 12:21,660,"2,343",NO NOTES,3003,2.77,57,
2026-07-22T09:15:13.584071,WG,72113212,"$2,132.88","CINCINNATI, OH",07/23 13:00,"SOUDERTON, PA",07/24 08:00,688,565,NO NOTES,1253,1.70,21,
2026-07-22T09:16:44.187723,SE,72113239,$731.70,"MIAMI, FL",07/27 09:00,"MULBERRY, FL",07/27 15:05,"1,351",216,NO NOTES,1567,0.47,1,
2026-07-22T09:29:55.155465,WG,72113485,"$1,432.68","CHICAGO, IL",07/27 09:00,"LOCKBOURNE, OH",07/27 18:07,866,358,NO NOTES,1224,1.17,6,
2026-07-22T09:36:45.669753,WG,72113512,"$6,881.89","LYNCHBURG, VA",07/27 08:00,"IDAHO FALLS, ID",07/29 09:00,460,"2,132",NO NOTES,2592,2.66,52,
2026-07-22T10:09:09.953805,WG,72104652,"$3,019.12","NEW YORK, NY",07/27 10:00,"CHICAGO, IL",07/28 12:45,51,807,NO NOTES,858,3.52,73,
2026-07-22T10:09:15.132915,WG,72112071,"$5,621.38","DES PLAINES, IL",07/27 10:00,"DES PLAINES, IL",07/29 08:00,867,"1,610",NO NOTES,2477,2.27,41,
2026-07-22T10:16:01.109850,SE,72113546,$809.59,"MECHANICSBURG, PA",07/22 14:00,"MILLBURN, NJ",07/23 09:00,310,163,NO NOTES,473,1.71,21,
2026-07-22T10:23:17.136848,SE,72113551,"$4,290.49","GRAND RAPIDS, MI",07/24 09:00,"SEATTLE, WA",07/27 11:00,789,"2,254",NO NOTES,3043,1.41,15,
2026-07-22T10:37:13.217011,WG,72110701,$760.57,"KING OF PRUSSIA, PA",07/27 10:30,"PATUXENT RIVER, MD",07/28 09:30,159,191,ORDER NOTE: FREIGHT CHARGE NUMBER: 1MIAM9004CES,350,2.17,33,
2026-07-22T10:51:13.646857,WG,72113201,"$3,902.69","NEWARK, DE",07/27 10:30,"MEMPHIS, TN",07/28 10:00,186,973,NO NOTES,1159,3.37,70,
2026-07-22T10:51:26.923555,SE,72113076,"$1,265.08","KNOXVILLE, TN",07/23 14:30,"CHICAGO, IL",07/24 09:00,768,552,NO NOTES,1320,0.96,1,
2026-07-22T11:00:58.301091,WG,72113559,"$1,185.05","HARLEYSVILLE, PA",07/23 10:00,"SOUDERTON, PA",07/23 11:37,163,6,NO NOTES,169,7.01,71,
2026-07-22T11:02:34.415267,WG,72102675,$930.11,"LA VERGNE, TN",07/27 11:00,"MEMPHIS, TN",07/27 16:58,494,210,UP TO 6 PALLETS,704,1.32,10,
2026-07-22T11:02:54.982795,SE,72107871,"$1,288.60","BUFFALO, NY",07/27 11:00,"ALLENTOWN, PA",07/27 19:28,535,328,NO NOTES,863,1.49,15,
2026-07-22T11:08:36.066703,WG,72113585,"$1,635.47","CHARLES CITY, IA",07/27 10:00,"SHEPHERDSVILLE, KY",07/28 11:00,319,626,L1244392: TEAM DRIVERS ONLY FOR ALL TAKEDA RUNS,945,1.73,22,
2026-07-22T11:14:34.304305,WG,72113564,"$2,500.63","SAINT LOUIS, MO",07/22 13:00,"SWIFTWATER, PA",07/23 09:46,"1,035",906,NO NOTES,1941,1.29,10,
2026-07-22T11:16:01.870993,WG,72113566,$915.88,"PHILADELPHIA, PA",07/24 10:00,"SOUDERTON, PA",07/24 12:12,139,33,NO NOTES,172,5.32,71,
2026-07-22T11:16:37.958551,SE,72113565,"$1,455.55","ANNANDALE, NJ",07/23 08:00,"GRAND RAPIDS, MI",07/24 08:00,180,699,NO NOTES,879,1.66,20,
2026-07-22T11:29:32.896259,WG,72113265,"$5,009.23","MOUNT VERNON, IN",07/24 12:00,"SOUTH SAN FRANCISCO, CA",07/27 11:00,930,"2,216",PLEASE ARRIVE AT PICKUP IN RANGE*SET POINT 5C,3146,1.59,21,
2026-07-22T11:30:09.613468,SE,72113567,"$1,983.34","ANDERSON, IN",07/22 15:00,"HASTINGS, NE",07/23 09:27,759,797,NO NOTES,1556,1.27,9,
2026-07-22T11:36:34.424636,WG,72113592,"$9,248.39","SANTA ANA, CA",07/24 11:00,"EAST GREENBUSH, NY",07/27 08:00,"2,832","2,814",NO NOTES,5646,1.64,26,
2026-07-22T12:08:01.324200,WG,72113624,"$7,508.37","BIRMINGHAM, AL",07/23 12:00,"SAN DIEGO, CA",07/25 09:00,"1,023","1,996",NO NOTES,3019,2.49,48,
2026-07-22T12:08:40.873702,WG,72113609,"$3,651.51","QUAKERTOWN, PA",07/24 08:00,"LAFAYETTE, IN",07/25 08:00,154,704,NO NOTES,858,4.26,73,
2026-07-22T12:09:12.472541,WG,72113591,"$1,570.87","ALLENTOWN, PA",07/27 12:00,"LOCKBOURNE, OH",07/28 10:00,719,448,L1244392: TEAM DRIVERS ONLY FOR ALL TAKEDA RUNS,1167,1.35,11,
2026-07-22T12:09:16.297273,WG,72112660,"$2,761.87","GOLETA, CA",07/27 12:00,"BOULDER, CO",07/28 13:41,"2,108","1,137",NO NOTES,3245,0.85,2,
2026-07-22T12:30:19.216458,SE,72113368,"$1,761.99","INDIANAPOLIS, IN",07/22 18:30,"AUBURN, AL",07/23 09:00,784,600,NO NOTES,1384,1.27,9,
2026-07-22T12:30:25.001045,SE,72113644,"$3,210.12","LEWISVILLE, TX",07/23 09:00,"MIAMI, FL",07/24 15:12,"1,694","1,349",NO NOTES,3043,1.05,4,
2026-07-22T12:43:50.121275,SE,72113651,"$1,373.38","EATONTOWN, NJ",07/23 08:00,"NEWINGTON, NH",07/23 16:10,195,314,NO NOTES,509,2.70,49,
2026-07-22T12:50:15.440300,WG,72113432,"$3,842.02","ATLANTA, GA",07/27 07:30,"SALT LAKE CITY, UT",07/30 10:00,955,"1,979",NO NOTES,2934,1.31,12,
2026-07-22T12:50:59.308098,SE,72113661,"$1,334.26","BROOKS, KY",07/26 14:00,"PITTSBURGH, PA",07/27 08:00,807,393,IC7875: ENSURE THAT YOU HAVE THE ENTIRE BOL FILLED OUT AT THIS LOCATION.,1200,1.11,4,
2026-07-22T13:01:27.059260,WG,72113666,"$1,233.09","NORTH CHARLESTON, SC",07/24 09:00,"WILMINGTON, NC",07/24 14:17,814,178,NO NOTES,992,1.24,8,
2026-07-22T13:02:11.077901,WG,72112680,"$11,308.06","WEST SACRAMENTO, CA",07/27 13:00,"DURHAM, NC",07/30 08:00,"2,040","2,771",NO NOTES,4811,2.35,48,
2026-07-22T13:02:15.952707,WG,72113489,$921.39,"COSTA MESA, CA",07/27 13:00,"CARSON, CA",07/27 15:03,"2,012",26,NO NOTES,2038,0.45,1,
2026-07-22T13:02:20.339070,WG,72107664,"$1,411.29","SHEPHERDSVILLE, KY",07/27 13:00,"DOTHAN, AL",07/28 09:00,325,538,BAX5100: MUST HAVE TEAM DRIVERS FOR ALL RUNS NO MATTER WHAT THE MILEAGE IS.,863,1.64,19,
2026-07-22T13:02:47.126386,SE,72113226,$775.03,"LOUISVILLE, KY",07/27 13:00,"MARYLAND HEIGHTS, MO",07/28 09:00,315,290,NO NOTES,605,1.28,8,
2026-07-22T13:29:11.165994,WG,72113700,$898.64,"WEST HAVEN, CT",07/27 08:00,"BOSTON, MA",07/27 14:28,105,163,CSAFE RKN SHIPMENT TO PICK UP FREIGHT. WILL NEED TO FOLLOW SHIPPER ORIGIN INSTRUCTIONS AT ALL LOCATIONS. INSTRUCTIONS WILL BE EMAILED TO YOU TEMP TRUCK SET POINT -20C AND RANGE -26 TO -14C,268,3.35,67,
2026-07-22T13:29:58.588825,SE,72113654,"$5,524.77","RICHMOND, CA",07/24 12:00,"CHICAGO, IL",07/27 13:36,"2,935","2,120",NO NOTES,5055,1.09,7,
2026-07-22T13:37:39.172687,SE,72113701,$719.47,"BOSTON, MA",07/27 09:00,"BOSTON, MA",07/27 13:00,246,54,CSAFE RKN SHIPMENT TO PICK UP FREIGHT. WILL NEED TO FOLLOW SHIPPER ORIGIN INSTRUCTIONS AT ALL LOCATIONS. INSTRUCTIONS WILL BE EMAILED TO YOU,300,2.40,40,
2026-07-22T13:56:58.454788,WG,72113686,"$6,155.82","LOUISVILLE, KY",07/24 08:00,"VAN NUYS, CA",07/27 11:30,802,"2,107",L1068563: YOU MUST HAVE ALL OF YOUR USEABLE SPACE AVAILABLE. PLEASE ENSURE PERSONAL BELONGINGS ARE STOWED APPROPRIATELY.,2909,2.12,37,
2026-07-22T13:57:10.250932,WG,72113686,"$6,155.82","LOUISVILLE, KY",07/24 08:00,"VAN NUYS, CA",07/27 11:30,802,"2,107",L1068563: YOU MUST HAVE ALL OF YOUR USEABLE SPACE AVAILABLE. PLEASE ENSURE PERSONAL BELONGINGS ARE STOWED APPROPRIATELY.,2909,2.12,37,
2026-07-22T13:57:44.100244,SE,72113719,"$1,220.70","CARTERSVILLE, GA",07/22 18:30,"SAINT LOUIS, MO",07/23 07:00,997,517,NO NOTES,1514,0.81,1,
2026-07-22T13:57:56.224778,SE,72113719,"$1,220.70","CARTERSVILLE, GA",07/22 18:30,"SAINT LOUIS, MO",07/23 07:00,997,517,NO NOTES,1514,0.81,1,
2026-07-22T14:01:12.728601,WG,72113721,"$1,056.91","MALVERN, PA",07/24 07:00,"RARITAN, NJ",07/24 09:52,166,65,NO NOTES,231,4.58,71,
2026-07-22T14:01:16.031523,WG,72113720,$844.82,"MALVERN, PA",07/24 08:00,"PINE BROOK, NJ",07/24 11:31,166,95,NO NOTES,261,3.24,63,
2026-07-22T14:02:06.214673,WG,72113702,"$3,052.69","BLOOMINGTON, IN",07/27 12:00,"MISSISSAUGA, ON",07/28 08:00,238,551,NO NOTES,789,3.87,73,
2026-07-22T14:02:19.796813,WG,72102663,"$1,918.28","LA VERGNE, TN",07/27 14:00,"MONROEVILLE, PA",07/28 08:00,494,587,"CORD11: TRUCK MUST HAVE FULL AMOUNT OF USABLE SPACE FOR THE TRUCK SIZE REQUESTED, 20FT OF USABLE SPACE, 12FT OF USABLE SPACE, 53FT OF USABLE SPACE.",1081,1.77,23,
2026-07-22T14:02:22.713171,WG,72102603,"$1,720.69","LA VERGNE, TN",07/27 14:00,"RALEIGH, NC",07/28 08:00,494,522,"CORD11: TRUCK MUST HAVE FULL AMOUNT OF USABLE SPACE FOR THE TRUCK SIZE REQUESTED, 20FT OF USABLE SPACE, 12FT OF USABLE SPACE, 53FT OF USABLE SPACE.",1016,1.69,21,
2026-07-22T14:08:07.751921,WG,72113722,"$1,056.91","MALVERN, PA",07/24 07:30,"RARITAN, NJ",07/24 10:22,166,65,NO NOTES,231,4.58,71,
2026-07-22T14:09:00.368268,WG,72112455,"$1,551.77","WAYNE, NJ",07/27 14:00,"FORT WAYNE, IN",07/28 08:00,779,637,NO NOTES,1416,1.10,4,
2026-07-22T14:09:03.981021,WG,72112687,$833.19,"CARY, NC",07/27 14:00,"RALEIGH, NC",07/27 15:34,803,21,NO NOTES,824,1.01,1,
2026-07-22T14:14:34.029955,WG,72113687,"$1,182.99","LOUISVILLE, KY",07/23 08:00,"MASON, OH",07/23 15:21,826,134,L1068563: YOU MUST HAVE ALL OF YOUR USEABLE SPACE AVAILABLE. PLEASE ENSURE PERSONAL BELONGINGS ARE STOWED APPROPRIATELY.,960,1.23,7,
2026-07-22T14:36:54.681776,WG,72095754,"$3,233.27","GLENCOE, MN",07/27 14:30,"BRANCHBURG, NJ",07/28 18:12,460,"1,232",FRT IS PIG SKINS/TVAL/TEAM DRIVERS/BE PREPARED TO DELIVER STRAIGHT THRU,1692,1.91,28,
2026-07-22T14:37:09.600606,SE,72113703,$778.56,"HICKSVILLE, NY",07/23 08:00,"JAMAICA, NY",07/23 09:58,176,22,NO NOTES,198,3.93,71,
2026-07-22T15:02:10.031283,WG,72102696,"$1,733.63","LA VERGNE, TN",07/27 15:00,"MOUNT PROSPECT, IL",07/28 07:00,494,516,UP TO 6 PALLETS,1010,1.72,22,
2026-07-22T15:02:13.478756,WG,72108626,"$1,944.39","SHEPHERDSVILLE, KY",07/27 15:00,"NEWARK, DE",07/28 08:00,325,678,SHIPPER WILL HAVE AN ESCORT TRUCK FOLLOW FOR FIRST 100 MILES.OR THE WHOLE TRIP;CONF #:,1003,1.94,28,
2026-07-22T15:02:16.500377,WG,72110585,"$1,159.45","MOUNT VERNON, IN",07/27 15:00,"OLIVE BRANCH, MS",07/28 02:00,308,302,PLEASE BE IN RANGE WHEN YOU ARRIVE AT SHIPPER**SET POINT 5C,610,1.90,26,
2026-07-22T15:02:19.537135,WG,72105310,"$2,406.75","LA VERGNE, TN",07/27 15:00,"RICHARDSON, TX",07/28 09:00,494,684,"CORD11: TRUCK MUST HAVE FULL AMOUNT OF USABLE SPACE FOR THE TRUCK SIZE REQUESTED, 20FT OF USABLE SPACE, 12FT OF USABLE SPACE, 53FT OF USABLE SPACE.",1178,2.04,31,
2026-07-22T15:02:22.899650,WG,72105649,"$1,980.92","MEMPHIS, TN",07/27 15:00,"CANFIELD, OH",07/28 08:32,550,754,"L1228142: TRACTOR SHIPMENTS MUST BE ABLE TO ACCOMODATE 26 PALLETS, NEED TO HAVE 53' OF SPACE, NO PALLET JACKS",1304,1.52,16,
2026-07-22T15:21:35.288955,WG,72113629,"$1,796.84","SHEPHERDSVILLE, KY",07/23 12:00,"VALDOSTA, GA",07/24 08:00,812,632,NO NOTES,1444,1.24,8,
2026-07-22T15:29:24.592200,WG,72113706,"$2,686.91","SAINT PETERSBURG, FL",07/27 09:00,"NEW BRUNSWICK, NJ",07/28 10:14,"1,207","1,116",NO NOTES,2323,1.16,7,
2026-07-22T15:37:41.352249,SE,72113728,$580.41,"MEMPHIS, TN",07/24 10:00,"MEMPHIS, TN",07/24 15:00,"1,152",2,NO NOTES,1154,0.50,1,
2026-07-22T16:02:15.303454,WG,72112784,"$1,391.23","MEMPHIS, TN",07/27 16:00,"MEMPHIS, TN",07/27 16:00,545,0,"TEAM DRIVERS, NO DESTINATIONS, CALLER WILL UPDATE LAST MINUTE * END OF QUARTER STAGING",545,2.55,45,
2026-07-22T16:02:17.801406,WG,72112783,"$1,391.23","MEMPHIS, TN",07/27 16:00,"MEMPHIS, TN",07/27 16:00,545,0,"TEAM DRIVERS, NO DESTINATIONS, CALLER WILL UPDATE LAST MINUTE * END OF QUARTER STAGING",545,2.55,45,
2026-07-22T16:02:20.544548,WG,72108065,$941.44,"LA VERGNE, TN",07/27 16:00,"OLIVE BRANCH, MS",07/28 09:00,494,233,"CORD11: TRUCK MUST HAVE FULL AMOUNT OF USABLE SPACE FOR THE TRUCK SIZE REQUESTED, 20FT OF USABLE SPACE, 12FT OF USABLE SPACE, 53FT OF USABLE SPACE.",727,1.29,9,
2026-07-22T16:02:22.912346,WG,72109920,$934.54,"LA VERGNE, TN",07/27 16:00,"COLLIERVILLE, TN",07/28 09:00,494,219,"CORD11: TRUCK MUST HAVE FULL AMOUNT OF USABLE SPACE FOR THE TRUCK SIZE REQUESTED, 20FT OF USABLE SPACE, 12FT OF USABLE SPACE, 53FT OF USABLE SPACE.",713,1.31,9,
2026-07-22T16:02:53.883199,SE,72113782,"$1,642.60","SPARKS, NV",07/27 11:00,"SAN FRANCISCO, CA",07/28 09:00,"1,901",224,NO NOTES,2125,0.77,1,
2026-07-22T16:28:31.616323,WG,72113322,"$4,655.12","MORRISVILLE, NC",07/23 12:00,"PAPILLION, NE",07/24 15:51,559,"1,239",NO NOTES,1798,2.59,49,
2026-07-22T16:30:29.604111,SE,72113787,$891.07,"NEW ORLEANS, LA",07/27 11:00,"HUNTSVILLE, AL",07/28 09:00,924,425,NO NOTES,1349,0.66,1,
2026-07-22T16:37:15.226764,SE,72113730,$586.32,"MEMPHIS, TN",07/23 11:00,"MEMPHIS, TN",07/23 17:29,"1,152",14,NO NOTES,1166,0.50,1,
2026-07-22T16:42:29.351725,WG,72113731,"$1,427.06","JAMAICA, NY",07/23 08:00,"ALLENTOWN, PA",07/23 12:00,166,118,NO NOTES,284,5.02,71,
2026-07-22T16:51:28.326146,SE,72113807,$894.84,"PEABODY, MA",07/24 09:00,"MARCY, NY",07/24 16:30,259,282,NO NOTES,541,1.65,19,
2026-07-22T16:58:14.629815,SE,72113791,"$3,515.71","CORDOVA, IL",07/23 08:00,"PHILADELPHIA, PA",07/24 07:00,965,921,L1238923: NO PETS,1886,1.86,27,
2026-07-22T17:02:36.988629,WG,72105828,"$2,707.57","GROVE CITY, OH",07/27 17:00,"CHESAPEAKE, VA",07/28 08:00,333,568,"ORDER NOTE: PALLET JACK REQUIRED, DRIVER UNLOAD",901,3.01,58,
2026-07-22T17:02:40.434033,WG,72108062,$910.89,"LA VERGNE, TN",07/27 17:00,"SHEPHERDSVILLE, KY",07/28 07:00,494,171,"CORD11: TRUCK MUST HAVE FULL AMOUNT OF USABLE SPACE FOR THE TRUCK SIZE REQUESTED, 20FT OF USABLE SPACE, 12FT OF USABLE SPACE, 53FT OF USABLE SPACE.",665,1.37,11,
2026-07-22T17:02:43.536269,WG,72100151,"$1,436.69","BROOKS, KY",07/27 17:00,"OLIVE BRANCH, MS",07/28 08:59,320,377,IC7875: ENSURE THAT YOU HAVE THE ENTIRE BOL FILLED OUT AT THIS LOCATION.,697,2.06,31,
2026-07-22T17:02:47.215697,WG,72107305,"$1,166.88","SHEPHERDSVILLE, KY",07/27 17:00,"WARRENDALE, PA",07/28 08:00,325,417,BAX5100: ALL TAKEDA LOADS THAT ARE TEMP SHOULD BE TVAL,742,1.57,17,
2026-07-22T17:09:20.158908,WG,72104122,"$2,101.99","LOCKBOURNE, OH",07/27 17:00,"OLIVE BRANCH, MS",07/28 09:00,342,594,IC7875: ENSURE THAT YOU HAVE THE ENTIRE BOL FILLED OUT AT THIS LOCATION.,936,2.25,37,
2026-07-22T17:28:55.809552,WG,72113820,"$2,925.63","LOCKBOURNE, OH",07/23 20:00,"DANBURY, CT",07/24 10:19,595,603,NO NOTES,1198,2.44,43,
2026-07-22T17:43:22.659936,WG,72113821,"$1,903.37","GREENVILLE, NC",07/27 09:00,"AUDUBON, PA",07/27 19:33,564,426,NO NOTES,990,1.92,27,
2026-07-22T18:00:39.056956,WG,72113735,,,,,,,,NO NOTES,,,1,
2026-07-22T18:02:33.567362,WG,72100124,"$1,027.87","BROOKS, KY",07/27 18:00,"LA VERGNE, TN",07/28 07:00,320,176,IC7875: ENSURE THAT YOU HAVE THE ENTIRE BOL FILLED OUT AT THIS LOCATION.,496,2.07,31,
2026-07-22T18:02:36.686598,WG,72100115,"$1,199.93","BROOKS, KY",07/27 18:00,"ELK GROVE VILLAGE, IL",07/28 09:00,320,337,IC7875: ENSURE THAT YOU HAVE THE ENTIRE BOL FILLED OUT AT THIS LOCATION.,657,1.83,24,
2026-07-22T18:02:41.256483,WG,72102654,"$6,411.34","LA VERGNE, TN",07/27 18:00,"REDLANDS, CA",07/29 13:45,494,"1,986",ORDER NOTE: FDCC TO CONTACT 909-796-7171 TO CONFIRM DELIVERY DATE/TIME.,2480,2.59,50,
2026-07-22T18:07:54.420348,WG,72113844,"$1,203.53","JAMAICA, NY",07/24 08:00,"ALLENTOWN, PA",07/24 12:00,36,118,NO NOTES,154,7.82,71,
2026-07-22T18:09:24.989426,WG,72105167,"$1,934.11","GROVE CITY, OH",07/27 18:00,"BURR RIDGE, IL",07/28 08:30,333,330,ORDER NOTE: DRIVER UNLOAD,663,2.92,55,
2026-07-22T18:21:28.546007,WG,72113736,$994.60,"SAINT LOUIS, MO",07/23 07:00,"KANKAKEE, IL",07/23 08:00,"1,026",254,NO NOTES,1280,0.78,1,
2026-07-22T18:43:08.612968,WG,72113847,"$7,589.33","WILMINGTON, MA",07/24 12:00,"SUNNYVALE, CA",07/27 11:00,249,"3,136",NO NOTES,3385,2.24,42,
2026-07-22T18:43:39.960110,WG,72113858,"$5,943.49","MIRA LOMA, CA",07/27 13:00,"FREDERICK, MD",07/30 09:00,"1,974","2,568","L1145981: IF PICKING UP AT UPS MIRA LOMA, CA PU IS AT DOOR 2132.",4542,1.31,14,
2026-07-22T19:03:05.249091,WG,72100119,"$1,764.82","BROOKS, KY",07/27 19:00,"DOTHAN, AL",07/28 09:00,320,543,IC7875: ENSURE THAT YOU HAVE THE ENTIRE BOL FILLED OUT AT THIS LOCATION.,863,2.04,31,
2026-07-22T19:03:08.313527,WG,72111286,$864.33,"BROOKS, KY",07/27 19:00,"PATASKALA, OH",07/28 08:00,320,237,IC7875: ENSURE THAT YOU HAVE THE ENTIRE BOL FILLED OUT AT THIS LOCATION.,557,1.55,16,
2026-07-22T19:03:11.332672,WG,72108057,"$1,939.08","LA VERGNE, TN",07/27 19:00,"CANFIELD, OH",07/28 08:26,494,561,"CORD11: TRUCK MUST HAVE FULL AMOUNT OF USABLE SPACE FOR THE TRUCK SIZE REQUESTED, 20FT OF USABLE SPACE, 12FT OF USABLE SPACE, 53FT OF USABLE SPACE.",1055,1.84,25,
2026-07-22T19:09:33.833168,WG,72108128,"$2,458.50","KERNERSVILLE, NC",07/27 19:00,"PANAMA CITY, FL",07/28 13:49,717,704,DO NOT ARRIVE MORE THAN 30 MINUTES PRIOR TO SCHEDULED PICKUP TIME,1421,1.73,23,
2026-07-22T21:08:15.488959,WG,72113604,"$3,930.63","BOCA RATON, FL",07/27 13:00,"LA VERGNE, TN",07/28 09:30,"1,345",855,NO NOTES,2200,1.79,25,
2026-07-22T21:49:28.598918,WG,72112463,"$3,487.99","SUNNYVALE, CA",07/23 11:00,"BOULDER, CO",07/24 15:38,"2,979","1,252",NO NOTES,4231,0.82,3,
2026-07-22T23:28:27.256932,WG,72113827,"$5,584.33","AUDUBON, PA",07/23 10:00,"MIAMI, FL",07/24 10:00,157,"1,210",NO NOTES,1367,4.09,75,
2026-07-22T23:28:37.431045,WG,72113891,"$2,069.81","LOUISVILLE, KY",07/23 15:00,"DOTHAN, AL",07/24 09:00,802,550,L1068563: YOU MUST HAVE ALL OF YOUR USEABLE SPACE AVAILABLE. PLEASE ENSURE PERSONAL BELONGINGS ARE STOWED APPROPRIATELY.,1352,1.53,17,
2026-07-23T07:02:26.513849,WG,72107532,$813.08,"BROOKS, KY",07/28 07:00,"WEST CHESTER, OH",07/28 11:19,320,133,NO NOTES,453,1.79,23,
2026-07-23T07:07:41.654780,WG,72113832,"$1,128.05","INDIANAPOLIS, IN",07/24 07:15,"LOUISVILLE, KY",07/24 11:24,764,125,NO NOTES,889,1.27,8,
2026-07-23T07:22:39.656636,WG,72113834,"$1,020.19","RICHLAND, MS",07/27 15:15,"MEMPHIS, TN",07/27 21:09,745,207,"179215: WE MUST ARRIVE ON TIME DO NOT ARRIVE LATE PLEASE PLAN DEADHEAD / TIME MANAGEMENT ACCORDINGLY / IF YOU ARE RUNNING BEHIND FOR ANY REASON, CALL IN TO FLEET SUPPORT ASAP.",952,1.07,3,
2026-07-23T07:29:09.972867,WG,72113771,"$1,521.14","LA VERGNE, TN",07/27 13:00,"COLUMBUS, OH",07/28 08:00,494,393,NO NOTES,887,1.71,21,
2026-07-23T07:35:26.315472,WG,72113846,"$2,083.81","AMARILLO, TX",07/23 11:15,"TEMPE, AZ",07/24 04:03,"1,776",696,"CORD11: TRUCK MUST HAVE FULL AMOUNT OF USABLE SPACE FOR THE TRUCK SIZE REQUESTED, 20FT OF USABLE SPACE, 12FT OF USABLE SPACE, 53FT OF USABLE SPACE.",2472,0.84,2,
2026-07-23T07:36:00.028890,WG,72113848,"$1,400.41","BROWNSBURG, IN",07/27 09:00,"KANSAS CITY, MO",07/28 08:30,784,485,NO NOTES,1269,1.10,4,
2026-07-23T08:02:25.659587,WG,72111610,"$1,045.26","LOUISVILLE, KY",07/28 08:00,"LOUISVILLE, KY",07/28 08:00,315,0,L1068563: YOU MUST HAVE ALL OF YOUR USEABLE SPACE AVAILABLE. PLEASE ENSURE PERSONAL BELONGINGS ARE STOWED APPROPRIATELY.,315,3.32,66,
2026-07-23T08:09:19.827837,WG,72112247,"$1,050.03","BALTIMORE, MD",07/28 08:00,"MACUNGIE, PA",07/28 12:27,705,139,NO NOTES,844,1.24,8,
2026-07-23T08:09:24.843608,WG,72113296,"$2,892.18","NEWARK, DE",07/28 08:00,"SHEPHERDSVILLE, KY",07/29 08:00,746,678,NO NOTES,1424,2.03,31,
2026-07-23T08:16:06.165956,WG,72113918,"$5,257.13","BOSTON, MA",07/28 07:00,"JACKSONVILLE, FL",07/29 09:03,995,"1,154",NO NOTES,2149,2.45,45,
2026-07-23T08:28:46.496371,WG,72113850,"$1,108.10","NEW BRUNSWICK, NJ",07/24 08:30,"ALLENTOWN, PA",07/24 11:31,92,72,NO NOTES,164,6.76,71,
2026-07-23T08:42:47.311777,WG,72113919,$775.29,"COLUMBUS, OH",07/24 08:00,"GROVEPORT, OH",07/24 10:30,601,16,"BICOCT: TRAILERS MUST BE CLEAN, EMPTY, DRY, FREE OF STRUCTURAL DAMAGE AND NO ODORS FROM PRIOR FREIGHT. MUST HAVE TWO LOAD LOCKS IN EACH TRAILER AND FUEL TANKS 3/4 FULL PRIOR TO PICKUP ARRIVAL. ANY SHIPMENTS WITH VA-Q-TEC CONTAINERS, PLEASE MAKE SURE CONTAINERS ARE OFFLOADED AND COMPLETELY EMPTIED AT DELIVERY BEFORE BEING RELOADED ONTO TRUCK FOR RETURN TO VA-Q-TEC.",617,1.26,8,
2026-07-23T08:49:53.478825,WG,72113852,"$5,645.04","WILMINGTON, NC",07/24 11:00,"SAN JOSE, CA",07/27 11:00,652,"2,854",NO NOTES,3506,1.61,22,
2026-07-23T09:01:47.727359,WG,72113905,"$1,121.02","BLOOMINGTON, IN",07/27 12:00,"ROCKFORD, IL",07/28 09:00,238,315,NO NOTES,553,2.03,30,
2026-07-23T09:03:24.619014,SE,72110861,$716.10,"NOVI, MI",07/28 09:00,"DETROIT, MI",07/28 12:00,274,29,NO NOTES,303,2.36,39,
2026-07-23T09:09:12.336097,WG,72064716,"$2,724.16","DEARBORN, MI",07/28 09:00,"COLLEGE PARK, MD",07/29 09:00,283,515,ART LOAD / TEMP 70F / DUAL DRIVER SECURE,798,3.41,70,
2026-07-23T09:09:16.090947,WG,72112502,"$1,018.67","WEST DEPTFORD, NJ",07/28 09:00,"MIDDLESEX, NJ",07/28 12:15,763,83,NO NOTES,846,1.20,7,
2026-07-23T09:14:35.551512,WG,72113855,"$2,856.33","DES PLAINES, IL",07/23 12:45,"PHILADELPHIA, PA",07/24 10:00,867,794,NO NOTES,1661,1.72,23,
2026-07-23T09:36:33.542870,WG,72113933,"$3,435.37","BLOOMINGTON, IN",07/27 11:00,"SELLERSVILLE, PA",07/28 09:00,238,696,NO NOTES,934,3.68,73,
2026-07-23T09:37:45.230266,WG,72108599,"$1,101.19","PATASKALA, OH",07/28 09:30,"JEFFERSONVILLE, IN",07/28 15:48,346,226,NO NOTES,572,1.93,27,
2026-07-23T09:43:00.867464,WG,72113939,"$1,501.81","FARGO, ND",07/27 10:00,"SIOUX FALLS, SD",07/27 16:44,648,246,NO NOTES,894,1.68,20,
2026-07-23T09:44:22.855719,WG,72113940,"$1,747.69","ASHLAND, OH",07/28 08:00,"LEESBURG, VA",07/29 08:00,329,376,NO NOTES,705,2.48,43,
2026-07-23T09:49:35.221947,WG,72113936,"$1,090.66","RICHLAND, MS",07/23 15:30,"MEMPHIS, TN",07/23 21:24,"1,255",207,"179215: WE MUST ARRIVE ON TIME DO NOT ARRIVE LATE PLEASE PLAN DEADHEAD / TIME MANAGEMENT ACCORDINGLY / IF YOU ARE RUNNING BEHIND FOR ANY REASON, CALL IN TO FLEET SUPPORT ASAP.",1462,0.75,1,
2026-07-23T10:02:04.114603,WG,72113908,"$4,791.53","BROOKS, KY",07/27 15:00,"SALT LAKE CITY, UT",07/29 10:30,320,"1,599",NO NOTES,1919,2.50,46,
2026-07-23T10:02:42.171487,WG,72106541,"$2,389.77","BLOOMINGTON, IN",07/28 10:00,"RENSSELAER, NY",07/29 07:00,241,839,DOCK HIGH / SEALABLE TRUCK REQUIRED - VANS ARE NOT ACCEPTABLE,1080,2.21,36,
2026-07-23T10:02:45.502898,WG,72113353,$817.58,"SAN DIEGO, CA",07/28 10:00,"SAN DIEGO, CA",07/28 12:00,"2,061",10,ORDER NOTE: DATA LOGGERS ARE ON A 1-HOUR TIMED DELAY. DRIVER MUST REMAIN ONSITE FOR 1 HOUR PRIOR TO DEPARTURE.,2071,0.39,1,
2026-07-23T10:09:30.263982,WG,72112963,"$3,655.71","ANDOVER, MA",07/28 10:00,"CHESTERFIELD, MO",07/29 13:17,"1,005","1,212",NO NOTES,2217,1.65,21,
2026-07-23T10:14:40.212366,WG,72113959,"$1,044.70","NEW ALBANY, OH",07/24 09:00,"GROVEPORT, OH",07/24 10:56,589,21,NO NOTES,610,1.71,21,
2026-07-23T10:21:50.098905,WG,72113945,"$3,545.63","QUAKERTOWN, PA",07/27 08:00,"LAFAYETTE, IN",07/28 08:00,154,704,NO NOTES,858,4.13,73,
2026-07-23T10:22:09.729403,WG,72110144,"$4,633.57","OLIVE BRANCH, MS",07/27 10:00,"OLIVE BRANCH, MS",07/29 09:00,553,"1,496",NO NOTES,2049,2.26,39,
2026-07-23T10:37:13.363690,WG,72100839,"$2,498.37","SHEPHERDSVILLE, KY",07/28 10:30,"MONTCLAIR, CA",07/30 08:05,325,"2,072",NO NOTES,2397,1.04,3,
2026-07-23T10:43:01.540474,WG,72113946,"$10,385.90","OLIVE BRANCH, MS",07/27 09:00,"OLIVE BRANCH, MS",07/31 09:00,"1,156","3,656",NO NOTES,4812,2.16,42,
2026-07-23T10:49:43.668023,WG,72113960,"$1,786.24","NEW ALBANY, OH",07/27 09:00,"CLINTON, TN",07/27 17:00,589,363,NO NOTES,952,1.88,26,
2026-07-23T11:02:31.022314,WG,72111495,"$8,493.71","PRINCETON, NJ",07/28 11:00,"SEATTLE, WA",07/30 22:14,791,"2,855","TR30SU: PLEASE USE STRAPS AT ALL TIMES, CALL TCI WITH ANY EXCEPTIONS DURING BUSINESS HOURS ONLY",3646,2.33,45,
2026-07-23T11:09:20.950176,WG,72113225,"$1,335.60","DEVENS, MA",07/28 11:00,"ELIZABETH, NJ",07/28 17:14,984,223,NO NOTES,1207,1.11,4,
2026-07-23T11:09:24.172237,WG,72113116,"$1,648.93","KANSAS CITY, MO",07/28 11:00,"NORTH CHICAGO, IL",07/29 08:00,519,548,NO NOTES,1067,1.55,17,
2026-07-23T11:09:28.688766,WG,72113091,"$3,711.44","LA VERGNE, TN",07/28 11:00,"SUGAR LAND, TX",07/29 11:00,494,816,NO NOTES,1310,2.83,55,
2026-07-23T11:16:55.653098,SE,72113964,"$1,472.72","GREENVILLE, MI",07/23 12:35,"MADISON, AL",07/24 08:00,791,697,NO NOTES,1488,0.99,1,
2026-07-23T11:22:02.598462,WG,72113952,"$1,121.02","BLOOMINGTON, IN",07/27 12:00,"ROCKFORD, IL",07/27 20:12,238,315,NO NOTES,553,2.03,30,
2026-07-23T11:22:07.888086,WG,72113950,"$2,529.41","SAINT LOUIS, MO",07/27 12:30,"WILLIAMSBURG, VA",07/28 12:24,295,870,NO NOTES,1165,2.17,35,
2026-07-23T11:23:40.622773,SE,72113951,"$1,090.30","NEWARK, NJ",07/23 19:00,"DURHAM, NC",07/24 07:15,70,482,NO NOTES,552,1.98,28,
2026-07-23T11:35:37.586329,WG,72113977,"$3,683.91","BROOKS, KY",07/23 17:00,"DANBURY, CT",07/24 11:49,807,814,NO NOTES,1621,2.27,39,
2026-07-23T11:37:52.990284,SE,72113975,$894.84,"PEABODY, MA",07/23 16:30,"MARCY, NY",07/24 08:00,259,282,NO NOTES,541,1.65,19,
2026-07-23T11:51:57.422893,SE,72113828,"$2,384.29","RALEIGH, NC",07/23 15:00,"SALEM, NH",07/24 07:54,545,724,NO NOTES,1269,1.88,27,
2026-07-23T12:09:22.786911,SE,72113967,"$3,259.38","ABERDEEN, MD",07/27 09:00,"LONGMONT, CO",07/29 11:00,215,"1,725",NO NOTES,1940,1.68,22,
2026-07-23T12:35:34.288415,WG,72114005,"$2,505.39","FRIENDLY, WV",07/27 08:00,"WATERFORD, NY",07/28 08:00,514,577,NO NOTES,1091,2.30,38,
2026-07-23T12:44:13.988509,SE,72114009,,,,,,,,NO NOTES,,,1,
2026-07-23T12:56:42.945445,WG,72114010,"$3,376.81","RENSSELAER, NY",07/27 10:00,"BLOOMINGTON, IN",07/28 05:17,822,836,NO NOTES,1658,2.04,32,
2026-07-23T12:58:14.989116,SE,72113984,"$2,529.23","GLENWOOD, IL",07/24 13:00,"NORWALK, CT",07/27 08:00,828,820,NO NOTES,1648,1.53,17,
2026-07-23T13:02:04.705780,WG,72108030,"$2,444.18","LA VERGNE, TN",07/28 13:00,"OMAHA, NE",07/29 09:00,494,760,"CORD11: TRUCK MUST HAVE FULL AMOUNT OF USABLE SPACE FOR THE TRUCK SIZE REQUESTED, 20FT OF USABLE SPACE, 12FT OF USABLE SPACE, 53FT OF USABLE SPACE.",1254,1.95,29,
2026-07-23T13:02:07.555619,WG,72113605,"$3,930.63","BOCA RATON, FL",07/28 13:00,"LA VERGNE, TN",07/29 09:30,"1,345",855,NO NOTES,2200,1.79,25,
2026-07-23T13:09:07.430342,WG,72113833,"$2,189.14","SOLON, OH",07/28 13:00,"NEW BRUNSWICK, NJ",07/29 08:00,358,429,NO NOTES,787,2.78,52,
2026-07-23T13:09:15.840504,WG,72113460,"$6,107.82","OLIVE BRANCH, MS",07/28 13:00,"SOUTH SAN FRANCISCO, CA",07/30 11:26,553,"2,112",NO NOTES,2665,2.29,42,
2026-07-23T13:09:18.535474,WG,72113502,"$1,112.40","AIKEN, SC",07/28 13:00,"OAK RIDGE, TN",07/28 21:03,832,308,NO NOTES,1140,0.98,1,
2026-07-23T13:28:36.374474,WG,72113985,"$4,244.19","SHAW AFB, SC",07/27 10:00,"SAN ANTONIO, TX",07/28 13:47,844,"1,236",NO NOTES,2080,2.04,33,
2026-07-23T13:30:07.082538,SE,72114028,$833.21,"MECHANICSBURG, PA",07/23 16:00,"MILLBURN, NJ",07/23 20:58,238,163,NO NOTES,401,2.08,31,
2026-07-23T13:50:15.454967,WG,72113987,"$1,771.20","AGAWAM, MA",07/27 14:30,"DURHAM, NC",07/28 09:00,921,643,NO NOTES,1564,1.13,5,
2026-07-23T13:50:53.121550,WG,72114029,$821.67,"WAYNE, NJ",07/28 08:00,"NASHUA, NH",07/28 14:41,779,244,NO NOTES,1023,0.80,1,
2026-07-23T13:50:58.969844,WG,72113988,"$3,138.38","AUDUBON, PA",07/28 08:00,"LA VERGNE, TN",07/29 07:00,749,806,NO NOTES,1555,2.02,31,
2026-07-23T14:00:55.116856,WG,72114031,"$1,707.23","WILMINGTON, NC",07/27 14:00,"LOCKBOURNE, OH",07/28 10:00,938,594,NO NOTES,1532,1.11,5,
2026-07-23T14:01:33.266896,WG,72114032,"$1,106.95","LA VERGNE, TN",07/27 19:00,"BROOKS, KY",07/28 08:00,494,176,NO NOTES,670,1.65,19,
2026-07-23T14:01:38.853470,WG,72114050,"$6,414.49","LA VERGNE, TN",07/27 20:00,"MONTCLAIR, CA",07/29 15:46,494,"1,987",NO NOTES,2481,2.59,50,
2026-07-23T14:02:12.039858,WG,72113774,"$3,128.90","LEXINGTON, KY",07/28 14:00,"EAST BRUNSWICK, NJ",07/29 08:00,380,690,NO NOTES,1070,2.92,57,
2026-07-23T14:02:14.717940,WG,72108024,"$3,231.70","LA VERGNE, TN",07/28 14:00,"LUBBOCK, TX",07/29 14:00,494,"1,044","CORD11: TRUCK MUST HAVE FULL AMOUNT OF USABLE SPACE FOR THE TRUCK SIZE REQUESTED, 20FT OF USABLE SPACE, 12FT OF USABLE SPACE, 53FT OF USABLE SPACE.",1538,2.10,34,
2026-07-23T14:10:02.862250,SE,72114033,"$1,876.17","JACKSONVILLE, FL",07/27 15:00,"CHANTILLY, VA",07/28 09:00,"1,082",716,NO NOTES,1798,1.04,3,
2026-07-23T14:14:25.996922,WG,72114034,"$1,319.47","SPRINGFIELD GARDENS, NY",07/24 08:00,"AUDUBON, PA",07/24 12:30,36,117,NO NOTES,153,8.62,71,
2026-07-23T14:14:28.579446,WG,72113996,"$1,319.47","SPRINGFIELD GARDENS, NY",07/24 08:00,"AUDUBON, PA",07/24 11:59,36,117,NO NOTES,153,8.62,71,
2026-07-23T14:14:31.572785,WG,72114060,"$3,991.57","LA VERGNE, TN",07/26 16:00,"PHARR, TX",07/28 09:00,939,"1,146",NO NOTES,2085,1.91,29,
2026-07-23T14:16:37.859423,SE,72114035,"$1,722.93","CHICAGO, IL",07/23 15:30,"LENEXA, KS",07/24 08:00,853,528,NO NOTES,1381,1.25,8,
2026-07-23T14:28:32.444397,WG,72114065,"$1,049.45","DALLAS, TX",07/24 09:30,"MCKINNEY, TX",07/24 11:51,"1,621",40,NO NOTES,1661,0.63,1,
2026-07-23T14:29:42.343479,WG,72103728,"$1,116.49","LOCKBOURNE, OH",07/28 08:00,"BROOKS, KY",07/28 14:12,342,221,NO NOTES,563,1.98,28,
2026-07-23T14:36:38.022146,WG,72104826,"$4,149.23","ROANOKE, TX",07/27 17:00,"SUNNYVALE, CA",07/29 11:00,942,"1,661","FOR NOVEMBER 27TH, 2024, OUR DOCK HOURS WILL BE 6AM-12PM PST FOR HAZMAT.",2603,1.59,20,
2026-07-23T14:50:40.161457,WG,72114099,"$3,528.95","LA VERGNE, TN",07/27 16:00,"MIDLAND, TX",07/28 20:15,494,"1,054",NO NOTES,1548,2.28,39,
2026-07-23T15:00:40.816255,WG,72114075,$853.99,"MORRISVILLE, NC",07/27 09:00,"DURHAM, NC",07/27 10:46,559,13,NO NOTES,572,1.49,14,
2026-07-23T15:02:36.358134,WG,72108026,"$1,881.80","LA VERGNE, TN",07/28 15:00,"CORAOPOLIS, PA",07/29 08:00,494,575,"CORD11: TRUCK MUST HAVE FULL AMOUNT OF USABLE SPACE FOR THE TRUCK SIZE REQUESTED, 20FT OF USABLE SPACE, 12FT OF USABLE SPACE, 53FT OF USABLE SPACE.",1069,1.76,23,
2026-07-23T15:02:39.413413,WG,72102721,"$3,435.94","LA VERGNE, TN",07/28 15:00,"MILFORD, MA",07/29 15:27,494,"1,079","CORD11: TRUCK MUST HAVE FULL AMOUNT OF USABLE SPACE FOR THE TRUCK SIZE REQUESTED, 20FT OF USABLE SPACE, 12FT OF USABLE SPACE, 53FT OF USABLE SPACE.",1573,2.18,36,
2026-07-23T15:09:09.349911,WG,72106425,"$1,587.13","BROOKS, KY",07/28 15:00,"KERNERSVILLE, NC",07/29 08:00,320,472,NO NOTES,792,2.00,29,
2026-07-23T15:22:09.828223,WG,72114086,"$1,248.81","INDIANAPOLIS, IN",07/27 14:00,"ERIE, PA",07/28 08:00,197,409,NO NOTES,606,2.06,31,
2026-07-23T15:28:35.252151,WG,72114141,"$1,306.37","ERIE, PA",07/27 08:00,"INDIANAPOLIS, IN",07/27 18:09,484,407,NO NOTES,891,1.47,14,
2026-07-23T15:29:13.263070,WG,72114004,"$1,699.02","JOPLIN, MO",07/27 15:00,"HOUSTON, TX",07/28 09:00,581,611,NO NOTES,1192,1.43,13,
2026-07-23T15:30:38.158691,SE,72111765,"$3,727.75","KERRVILLE, TX",07/26 15:00,"SARASOTA, FL",07/28 09:00,"1,929","1,285",INSIDE PICK UP AND DELIVERY! AND ASSIST WITH LOADING AND UNLOADING,3214,1.16,8,
2026-07-23T15:37:29.137377,WG,72103762,"$1,126.10","BROOKS, KY",07/28 15:30,"GROVEPORT, OH",07/28 22:00,320,221,NO NOTES,541,2.08,31,
2026-07-23T15:37:31.643196,WG,72108554,"$2,830.15","PATASKALA, OH",07/28 15:30,"OVERLAND PARK, KS",07/29 08:15,346,694,NO NOTES,1040,2.72,51,
2026-07-23T15:50:43.059941,WG,72114150,"$2,161.61","EAST GREENBUSH, NY",07/28 09:00,"HOLLY SPRINGS, NC",07/28 11:04,825,658,NO NOTES,1483,1.46,15,
2026-07-23T15:51:23.517580,SE,72114087,$718.16,"BETHEL, CT",07/24 08:00,"READING, PA",07/24 13:35,102,192,NO NOTES,294,2.44,41,
2026-07-23T16:00:44.368359,WG,72114154,"$1,871.91","SHEPHERDSVILLE, KY",07/27 12:00,"SHREVEPORT, LA",07/28 09:00,325,732,BAX5100: MUST HAVE TEAM DRIVERS FOR ALL RUNS NO MATTER WHAT THE MILEAGE IS.,1057,1.77,23,
2026-07-23T16:02:24.057625,WG,72114155,"$2,178.14","LA VERGNE, TN",07/28 13:00,"LAWRENCE, KS",07/29 09:00,494,607,NO NOTES,1101,1.98,29,
2026-07-23T16:02:52.089087,WG,72102830,"$5,492.75","LA VERGNE, TN",07/28 16:00,"LAS VEGAS, NV",07/30 07:55,494,"1,806","CORD11: TRUCK MUST HAVE FULL AMOUNT OF USABLE SPACE FOR THE TRUCK SIZE REQUESTED, 20FT OF USABLE SPACE, 12FT OF USABLE SPACE, 53FT OF USABLE SPACE.",2300,2.39,44,
2026-07-23T16:02:55.421551,WG,72106969,$741.38,"LOCKBOURNE, OH",07/28 16:00,"GROVEPORT, OH",07/28 20:30,342,7,IC7875: ENSURE THAT YOU HAVE THE ENTIRE BOL FILLED OUT AT THIS LOCATION.,349,2.12,32,
2026-07-23T16:02:58.711368,WG,72102872,"$1,915.24","LA VERGNE, TN",07/28 16:00,"LENEXA, KS",07/29 09:00,494,586,"CORD11: TRUCK MUST HAVE FULL AMOUNT OF USABLE SPACE FOR THE TRUCK SIZE REQUESTED, 20FT OF USABLE SPACE, 12FT OF USABLE SPACE, 53FT OF USABLE SPACE.",1080,1.77,23,
2026-07-23T16:10:17.646267,WG,72114157,"$1,769.83","LA VERGNE, TN",07/28 16:00,"CHICAGO, IL",07/29 09:00,494,477,NO NOTES,971,1.82,25,
2026-07-23T16:23:45.170911,SE,72114107,"$1,631.72","LOUISVILLE, KY",07/23 18:00,"LEESBURG, VA",07/24 08:00,802,588,NO NOTES,1390,1.17,6,
2026-07-23T16:35:26.689925,WG,72114135,"$2,564.41","COLUMBIA, MD",07/24 08:00,"HILLIARD, FL",07/27 08:00,262,727,"L1330819: FOR ANY DELAYS, CONCERNS, QUESTIONS EMAIL ALL OF THE CONTACTS LISTED HERE: RODERICK.THOMAS@FREQUENTIS.COM, ERIC.ELLIS@FREQUENTIS.COM, LAVETTA.ELLIOTT@FREQUENTIS.COM, LONDON.DAVIS@FREQUENTIS.COM",989,2.59,47,
2026-07-23T16:37:49.937238,WG,72062685,"$1,156.08","LOUISVILLE, KY",07/28 16:30,"OLIVE BRANCH, MS",07/29 09:00,315,381,DRIVER NEEDS TO REFERENCE DELIVERY# 232733997 AT PICKUP,696,1.66,19,
2026-07-23T16:38:03.616979,SE,72114165,"$1,432.53","PLANO, TX",07/23 18:00,"JACKSON, MO",07/24 09:30,"1,604",613,NO NOTES,2217,0.65,1,
2026-07-23T16:38:12.100177,SE,72114027,"$2,246.63","BOYERS, PA",07/27 08:00,"BOYERS, PA",07/29 08:30,402,893,NO NOTES,1295,1.73,22,
2026-07-23T16:38:27.679286,SE,72112593,$982.46,"PLEASANTON, CA",07/28 11:00,"NAPA, CA",07/28 13:49,"2,124",62,NO NOTES,2186,0.45,1,
2026-07-23T16:52:05.289978,SE,72114168,"$1,104.37","BETHLEHEM, PA",07/27 10:00,"NORWOOD, MA",07/28 08:00,741,291,NO NOTES,1032,1.07,3,
2026-07-23T17:02:12.286215,WG,72114194,"$5,305.04","LA VERGNE, TN",07/28 13:00,"SCOTTSDALE, AZ",07/30 11:00,494,"1,636",NO NOTES,2130,2.49,46,
2026-07-23T17:02:43.309631,WG,72102860,"$2,273.94","LA VERGNE, TN",07/28 17:00,"FLOWER MOUND, TX",07/29 09:28,494,704,"CORD11: TRUCK MUST HAVE FULL AMOUNT OF USABLE SPACE FOR THE TRUCK SIZE REQUESTED, 20FT OF USABLE SPACE, 12FT OF USABLE SPACE, 53FT OF USABLE SPACE.",1198,1.90,27,
2026-07-23T17:02:46.476396,WG,72108847,"$2,125.78","RENO, NV",07/28 17:00,"MONTCLAIR, CA",07/29 11:00,"1,906",552,NO NOTES,2458,0.86,2,
2026-07-23T17:02:49.529382,WG,72106291,$961.91,"BROOKS, KY",07/28 17:00,"COLUMBUS, OH",07/29 09:00,320,219,IC7875: ENSURE THAT YOU HAVE THE ENTIRE BOL FILLED OUT AT THIS LOCATION.,539,1.78,23,
2026-07-23T17:02:52.255194,WG,72108865,"$2,835.08","RENO, NV",07/28 17:00,"TEMPE, AZ",07/29 12:00,"1,906",783,NO NOTES,2689,1.05,4,
2026-07-23T17:02:56.476276,WG,72105140,"$1,159.05","GROVE CITY, OH",07/28 17:00,"WARRENDALE, PA",07/29 08:00,333,203,"PR2297: IF PALLET JACK REQUESTED NEED TO MAKE SURE IT'S ACCESSIBLE TO OFFLOAD TRK. DRIVERS MAY NEED TO OFFLOAD TRK TO DOCK AT DELIVERIES, ESPECIALLY NC AND FL.",536,2.16,33,
2026-07-23T17:10:00.572948,SE,72113961,"$2,649.46","LA VERGNE, TN",07/24 13:30,"ELIZABETH, NJ",07/27 07:30,939,876,NO NOTES,1815,1.46,15,
2026-07-23T17:17:00.840184,SE,72114199,"$1,381.87","BROOMFIELD, CO",07/24 16:00,"WICHITA, KS",07/27 09:00,"1,832",534,NO NOTES,2366,0.58,1,
2026-07-23T17:23:53.530913,SE,72114170,"$1,162.10","CINCINNATI, OH",07/24 10:00,"CHILLICOTHE, IL",07/27 09:00,688,345,NO NOTES,1033,1.12,4,
2026-07-23T17:30:00.355182,WG,72114110,"$5,570.20","SHEPHERDSVILLE, KY",07/28 13:00,"MONTCLAIR, CA",07/30 10:35,325,"2,072",BAX5100: MUST HAVE TEAM DRIVERS FOR ALL RUNS NO MATTER WHAT THE MILEAGE IS.,2397,2.32,42,
2026-07-23T17:37:25.859605,WG,72105145,"$1,159.05","GROVE CITY, OH",07/28 17:30,"WARRENDALE, PA",07/29 08:00,333,203,"PR2297: IF PALLET JACK REQUESTED NEED TO MAKE SURE IT'S ACCESSIBLE TO OFFLOAD TRK. DRIVERS MAY NEED TO OFFLOAD TRK TO DOCK AT DELIVERIES, ESPECIALLY NC AND FL.",536,2.16,33,
2026-07-23T17:43:30.802538,WG,72114201,$994.34,"MCDONOUGH, GA",07/28 09:00,"COURTLAND, AL",07/28 16:00,764,284,"?CORRECT ADDRESS FROM CUSTOMER - 1325 MACON ST, MCDONOUGH, GA",1048,0.95,1,
2026-07-23T17:51:46.361182,SE,72114202,"$2,345.38","BURLINGTON, WA",07/24 16:00,"STOCKTON, CA",07/27 11:00,"2,123",872,NO NOTES,2995,0.78,2,
2026-07-23T18:02:44.819256,WG,72103766,"$1,126.10","BROOKS, KY",07/28 18:00,"LOCKBOURNE, OH",07/29 00:12,320,221,NO NOTES,541,2.08,31,
2026-07-23T18:02:47.870082,WG,72108067,"$1,935.57","LA VERGNE, TN",07/28 18:00,"CARY, NC",07/29 08:00,494,529,"CORD11: TRUCK MUST HAVE FULL AMOUNT OF USABLE SPACE FOR THE TRUCK SIZE REQUESTED, 20FT OF USABLE SPACE, 12FT OF USABLE SPACE, 53FT OF USABLE SPACE.",1023,1.89,27,
2026-07-23T18:28:24.392946,WG,72114220,"$1,158.19","ALLENTOWN, PA",07/24 15:00,"WILMINGTON, MA",07/25 08:00,151,317,NO NOTES,468,2.47,42,
2026-07-23T18:29:49.942224,WG,72114218,"$2,462.50","RENSSELAER, NY",07/28 13:00,"GRAND RAPIDS, MI",07/29 08:00,822,776,NO NOTES,1598,1.54,17,
2026-07-23T18:35:46.068141,WG,72114223,"$3,411.77","GROTON, CT",07/27 13:00,"ROCKFORD, IL",07/28 11:46,917,"1,000",SP 20C RANGE 15-30C REC 15MIN / 1 PALLET 48XX40X24 320LBS NONHAZ PHARMA**NO PETS**,1917,1.78,25,
2026-07-23T18:45:00.263615,SE,72114224,"$2,301.49","BOYERS, PA",07/27 13:30,"BOYERS, PA",07/29 09:00,452,892,NO NOTES,1344,1.71,22,
2026-07-23T19:00:28.681083,WG,72114225,"$1,207.62","LOUISVILLE, KY",07/27 08:00,"LOUISVILLE, KY",07/27 08:00,802,0,L1068563: YOU MUST HAVE ALL OF YOUR USEABLE SPACE AVAILABLE. PLEASE ENSURE PERSONAL BELONGINGS ARE STOWED APPROPRIATELY.,802,1.51,15,
2026-07-23T19:02:33.330448,WG,72108060,"$2,316.50","LA VERGNE, TN",07/28 19:00,"FORT WORTH, TX",07/29 11:46,494,718,"CORD11: TRUCK MUST HAVE FULL AMOUNT OF USABLE SPACE FOR THE TRUCK SIZE REQUESTED, 20FT OF USABLE SPACE, 12FT OF USABLE SPACE, 53FT OF USABLE SPACE.",1212,1.91,27,
2026-07-23T19:02:36.092580,WG,72108035,$934.54,"LA VERGNE, TN",07/28 19:00,"COLLIERVILLE, TN",07/29 09:00,494,219,"CORD11: TRUCK MUST HAVE FULL AMOUNT OF USABLE SPACE FOR THE TRUCK SIZE REQUESTED, 20FT OF USABLE SPACE, 12FT OF USABLE SPACE, 53FT OF USABLE SPACE.",713,1.31,9,
2026-07-23T19:02:55.490343,SE,72114210,"$7,427.38","PATUXENT RIVER, MD",07/27 09:30,"MOJAVE, CA",07/30 11:00,770,"2,638",NO NOTES,3408,2.18,40,
2026-07-23T19:08:50.253966,WG,72114227,"$2,537.89","PITTSBURGH, PA",07/28 13:30,"BROOKS, KY",07/29 08:00,467,403,NO NOTES,870,2.92,56,
2026-07-23T19:09:22.702567,WG,72103770,"$1,394.81","BROOKS, KY",07/28 19:00,"MEMPHIS, TN",07/29 08:31,320,355,NO NOTES,675,2.07,31,
2026-07-23T20:02:40.809808,WG,72106295,$834.27,"BROOKS, KY",07/28 20:00,"LA VERGNE, TN",07/29 07:00,320,176,IC7875: ENSURE THAT YOU HAVE THE ENTIRE BOL FILLED OUT AT THIS LOCATION.,496,1.68,20,
2026-07-23T20:07:24.981835,WG,72114230,"$5,994.26","LOUISVILLE, KY",07/26 11:00,"TEMECULA, CA",07/28 11:00,315,"2,105",L1068563: YOU MUST HAVE ALL OF YOUR USEABLE SPACE AVAILABLE. PLEASE ENSURE PERSONAL BELONGINGS ARE STOWED APPROPRIATELY.,2420,2.48,47,
2026-07-23T20:36:45.044580,WG,72114235,"$5,570.20","SHEPHERDSVILLE, KY",07/28 13:00,"MONTCLAIR, CA",07/30 10:35,325,"2,072",BAX5100: ALL TAKEDA LOADS THAT ARE TEMP SHOULD BE TVAL,2397,2.32,42,
2026-07-24T00:14:24.995961,WG,72114215,$783.18,"COLUMBUS, OH",07/24 10:00,"PATASKALA, OH",07/24 12:00,585,32,"BICOCT: TRAILERS MUST BE CLEAN, EMPTY, DRY, FREE OF STRUCTURAL DAMAGE AND NO ODORS FROM PRIOR FREIGHT. MUST HAVE TWO LOAD LOCKS IN EACH TRAILER AND FUEL TANKS 3/4 FULL PRIOR TO PICKUP ARRIVAL. ANY SHIPMENTS WITH VA-Q-TEC CONTAINERS, PLEASE MAKE SURE CONTAINERS ARE OFFLOADED AND COMPLETELY EMPTIED AT DELIVERY BEFORE BEING RELOADED ONTO TRUCK FOR RETURN TO VA-Q-TEC.",617,1.27,8,
2026-07-24T03:14:29.054201,WG,72114216,$922.63,"BROOKS, KY",07/27 08:00,"BURR RIDGE, IL",07/27 15:47,320,319,NO NOTES,639,1.44,13,
2026-07-24T03:15:06.110906,WG,72114257,"$1,939.03","CALEDONIA, MI",07/27 15:00,"ALLENTOWN, PA",07/28 08:00,194,667,NO NOTES,861,2.25,37,
2026-07-24T07:35:47.183335,WG,72114280,"$2,326.39","NEW BRUNSWICK, NJ",07/27 10:00,"MOUNT VERNON, IN",07/28 09:00,785,852,BRCOAR: TRAILER MUST BE EMPTY OUTSIDE OF EQUIPMENT NEEDED TO SECURE. NO PLYWOOD IN TRAILER FLOORS ON REEFER LOADS.,1637,1.42,14,
2026-07-24T07:36:30.676687,WG,72114251,,,,,,,,NO NOTES,,,1,
2026-07-24T08:00:44.068142,WG,72114282,"$1,059.16","KANKAKEE, IL",07/27 08:30,"SAINT LOUIS, MO",07/27 15:22,60,253,NO NOTES,313,3.38,68,
2026-07-24T08:03:08.407903,WG,72111611,"$1,045.26","LOUISVILLE, KY",07/29 08:00,"LOUISVILLE, KY",07/29 08:00,315,0,L1068563: YOU MUST HAVE ALL OF YOUR USEABLE SPACE AVAILABLE. PLEASE ENSURE PERSONAL BELONGINGS ARE STOWED APPROPRIATELY.,315,3.32,66,
2026-07-24T08:03:12.461349,WG,72113444,"$1,364.67","PIEDMONT, SC",07/29 08:00,"BIRMINGHAM, AL",07/29 15:38,726,289,NO NOTES,1015,1.34,11,
2026-07-24T08:09:56.947482,WG,72113989,"$3,138.38","AUDUBON, PA",07/29 08:00,"LA VERGNE, TN",07/30 08:00,749,806,NO NOTES,1555,2.02,31,
2026-07-24T08:17:23.514790,SE,72114268,"$1,895.49","CARLSTADT, NJ",07/27 15:00,"DURHAM, NC",07/28 08:00,789,501,NO NOTES,1290,1.47,15,
2026-07-24T08:22:47.136412,WG,72114284,"$2,121.82","MACUNGIE, PA",07/28 08:00,"BROOKS, KY",07/29 10:00,721,660,NO NOTES,1381,1.54,17,
2026-07-24T08:24:41.063599,SE,72114270,"$1,895.49","CARLSTADT, NJ",07/28 12:00,"DURHAM, NC",07/29 08:00,789,501,NO NOTES,1290,1.47,15,
2026-07-24T08:29:52.669732,WG,72114285,"$2,121.82","MACUNGIE, PA",07/28 08:00,"BROOKS, KY",07/29 09:00,721,660,NO NOTES,1381,1.54,17,
2026-07-24T08:31:52.288878,SE,72114271,"$1,895.49","CARLSTADT, NJ",07/28 14:00,"DURHAM, NC",07/29 08:00,789,501,NO NOTES,1290,1.47,15,
2026-07-24T08:38:05.736706,WG,72112839,$911.59,"MOUNT VERNON, IN",07/29 08:30,"BROOKS, KY",07/29 13:15,308,153,PLEASE ARRIVE AT PICKUP IN RANGE*SET POINT 5C,461,1.98,28,
2026-07-24T08:38:37.324836,SE,72114274,"$1,895.49","CARLSTADT, NJ",07/28 16:00,"DURHAM, NC",07/29 08:00,789,501,NO NOTES,1290,1.47,15,
2026-07-24T08:59:11.094234,SE,72114276,"$1,878.92","WHITE HOUSE, TN",07/24 16:00,"MECHANICSBURG, PA",07/25 08:42,933,715,NO NOTES,1648,1.14,5,
2026-07-24T09:03:20.512916,WG,72114100,"$1,778.64","LA VERGNE, TN",07/29 09:00,"DES PLAINES, IL",07/30 05:40,494,514,NO NOTES,1008,1.76,23,
2026-07-24T09:10:21.000254,WG,72114098,"$4,528.74","MINNEAPOLIS, MN",07/29 09:00,"ROCKVILLE, MD",07/30 09:59,423,"1,104",NO NOTES,1527,2.97,59,
2026-07-24T09:22:13.626951,WG,72114279,"$1,870.58","CINCINNATI, OH",07/27 13:00,"ALLENTOWN, PA",07/28 07:00,311,532,NO NOTES,843,2.22,36,
2026-07-24T09:31:14.571362,SE,72114288,$788.07,"DUNCAN, SC",07/27 07:00,"RICHMOND, VA",07/27 16:15,724,365,NO NOTES,1089,0.72,1,
2026-07-24T09:38:14.933921,WG,72108603,"$1,101.19","PATASKALA, OH",07/29 09:30,"JEFFERSONVILLE, IN",07/29 15:48,346,226,NO NOTES,572,1.93,27,
2026-07-24T09:38:18.194936,WG,72108451,"$5,983.99","HARRISBURG, PA",07/29 09:30,"SHREVEPORT, LA",07/30 13:53,660,"1,264",NO NOTES,1924,3.11,64,
2026-07-24T10:02:10.445957,WG,72113724,"$1,028.94","SOMERSET, NJ",07/28 10:00,"PHILADELPHIA, PA",07/28 14:12,782,49,NO NOTES,831,1.24,7,
2026-07-24T10:02:45.745057,WG,72114290,"$2,572.62","RENSSELAER, NY",07/28 13:00,"BLOOMINGTON, IN",07/29 08:17,822,836,NO NOTES,1658,1.55,18,
2026-07-24T10:03:56.487293,WG,72113962,"$5,036.95","DES PLAINES, IL",07/29 10:00,"DES PLAINES, IL",07/31 09:00,18,"1,610",NO NOTES,1628,3.09,63,
2026-07-24T10:03:59.277351,WG,72113679,"$3,977.22","GROVE CITY, OH",07/29 10:00,"LARGO, FL",07/30 09:53,333,"1,029",NO NOTES,1362,2.92,57,
2026-07-24T10:10:03.648650,WG,72112981,$844.05,"LOUISVILLE, KY",07/29 10:00,"LOUISVILLE, KY",07/29 11:31,315,1,NO NOTES,316,2.67,47,
2026-07-24T10:10:09.077374,WG,72112758,$686.48,"COLUMBUS, OH",07/29 10:00,"WEST CHESTER, OH",07/29 11:00,323,92,"BICOCT: TRAILERS MUST BE CLEAN, EMPTY, DRY, FREE OF STRUCTURAL DAMAGE AND NO ODORS FROM PRIOR FREIGHT. MUST HAVE TWO LOAD LOCKS IN EACH TRAILER AND FUEL TANKS 3/4 FULL PRIOR TO PICKUP ARRIVAL. ANY SHIPMENTS WITH VA-Q-TEC CONTAINERS, PLEASE MAKE SURE CONTAINERS ARE OFFLOADED AND COMPLETELY EMPTIED AT DELIVERY BEFORE BEING RELOADED ONTO TRUCK FOR RETURN TO VA-Q-TEC.",415,1.65,19,
2026-07-24T10:10:14.621114,WG,72113982,"$2,612.95","ALLENTOWN, PA",07/29 10:00,"BROOKS, KY",07/30 10:00,719,660,NO NOTES,1379,1.89,27,
2026-07-24T10:15:47.781922,WG,72114250,"$6,943.73","BEND, OR",07/28 11:00,"SOUDERTON, PA",07/31 07:00,"2,000","2,740",NO NOTES,4740,1.46,19,
2026-07-24T10:21:50.297124,WG,72114294,"$1,134.78","TRENTON, NJ",07/27 11:00,"ALLENTOWN, PA",07/27 14:00,791,74,NO NOTES,865,1.31,10,
2026-07-24T10:31:41.799423,SE,72114304,"$3,084.81","ALTOONA, PA",07/28 09:00,"HANAHAN, SC",07/29 07:00,553,679,NO NOTES,1232,2.50,45,
2026-07-24T10:59:17.225360,SE,72114300,"$3,049.10","MANSFIELD, TX",07/24 18:00,"JOLIET, IL",07/25 15:14,"1,626",928,NO NOTES,2554,1.19,8,
2026-07-24T11:03:07.365810,WG,72108033,$931.59,"LA VERGNE, TN",07/29 11:00,"MEMPHIS, TN",07/29 17:01,494,213,"CORD11: TRUCK MUST HAVE FULL AMOUNT OF USABLE SPACE FOR THE TRUCK SIZE REQUESTED, 20FT OF USABLE SPACE, 12FT OF USABLE SPACE, 53FT OF USABLE SPACE.",707,1.32,10,
2026-07-24T11:03:12.054533,WG,72106716,"$1,485.10","BROOKS, KY",07/29 11:00,"AURORA, IL",07/30 08:00,320,341,IC7875: ENSURE THAT YOU HAVE THE ENTIRE BOL FILLED OUT AT THIS LOCATION.,661,2.25,36,
2026-07-24T11:03:15.457038,WG,72112763,"$2,479.54","COLUMBUS, OH",07/29 11:00,"ORLANDO, FL",07/30 08:00,323,961,"BICOCT: TRAILERS MUST BE CLEAN, EMPTY, DRY, FREE OF STRUCTURAL DAMAGE AND NO ODORS FROM PRIOR FREIGHT. MUST HAVE TWO LOAD LOCKS IN EACH TRAILER AND FUEL TANKS 3/4 FULL PRIOR TO PICKUP ARRIVAL. ANY SHIPMENTS WITH VA-Q-TEC CONTAINERS, PLEASE MAKE SURE CONTAINERS ARE OFFLOADED AND COMPLETELY EMPTIED AT DELIVERY BEFORE BEING RELOADED ONTO TRUCK FOR RETURN TO VA-Q-TEC.",1284,1.93,28,
2026-07-24T11:03:18.832679,WG,72102958,"$2,549.71","LA VERGNE, TN",07/29 11:00,"TAMPA, FL",07/30 13:07,494,768,"CORD11: TRUCK MUST HAVE FULL AMOUNT OF USABLE SPACE FOR THE TRUCK SIZE REQUESTED, 20FT OF USABLE SPACE, 12FT OF USABLE SPACE, 53FT OF USABLE SPACE.",1262,2.02,31,
2026-07-24T11:07:37.556797,WG,72114296,"$5,985.86","LOGAN, UT",07/27 10:00,"PORTSMOUTH, NH",07/29 14:52,"1,386","2,415",NO NOTES,3801,1.57,21,
2026-07-24T11:10:32.373799,WG,72103777,$643.73,"LOCKBOURNE, OH",07/29 11:00,"LOCKBOURNE, OH",07/29 12:31,342,1,NO NOTES,343,1.88,25,
2026-07-24T11:10:35.625571,WG,72106205,"$2,383.40","LOCKBOURNE, OH",07/29 11:00,"DOTHAN, AL",07/30 09:00,342,763,IC7875: ENSURE THAT YOU HAVE THE ENTIRE BOL FILLED OUT AT THIS LOCATION.,1105,2.16,34,
2026-07-24T11:10:42.141009,WG,72114001,"$3,697.99","PHILADELPHIA, PA",07/29 11:00,"LA VERGNE, TN",07/30 09:00,771,812,NO NOTES,1583,2.34,41,
2026-07-24T11:38:22.285470,SE,72113886,$612.56,"TORRANCE, CA",07/24 13:00,"LOS ANGELES, CA",07/24 14:54,"2,837",19,NO NOTES,2856,0.21,1,
2026-07-24T11:57:32.686979,WG,72114348,$728.75,"INDIANAPOLIS, IN",07/28 09:00,"HAMILTON, OH",07/28 13:00,193,118,"L1218217: TRAILER MUST BE EMPTY AND NO PERSONAL ITEMS, OR PALLET JACK, SECUREMENT ITEMS ONLY",311,2.34,38,
2026-07-24T12:03:28.220748,WG,72110494,"$2,364.61","MANCHESTER, PA",07/29 12:00,"DOTHAN, AL",07/30 09:26,678,937,PLEASE BE SURE YOU ARE IN RANGE WHEN YOU ARRIVE AT PICKUP**SET POINT 20C,1615,1.46,15,
2026-07-24T12:03:32.555604,WG,72112768,$656.91,"COLUMBUS, OH",07/29 12:00,"PATASKALA, OH",07/29 14:00,323,32,"BICOCT: TRAILERS MUST BE CLEAN, EMPTY, DRY, FREE OF STRUCTURAL DAMAGE AND NO ODORS FROM PRIOR FREIGHT. MUST HAVE TWO LOAD LOCKS IN EACH TRAILER AND FUEL TANKS 3/4 FULL PRIOR TO PICKUP ARRIVAL. ANY SHIPMENTS WITH VA-Q-TEC CONTAINERS, PLEASE MAKE SURE CONTAINERS ARE OFFLOADED AND COMPLETELY EMPTIED AT DELIVERY BEFORE BEING RELOADED ONTO TRUCK FOR RETURN TO VA-Q-TEC.",355,1.85,24,
2026-07-24T12:03:36.522799,WG,72111227,"$2,811.40","BOULDER, CO",07/29 12:00,"INDIANAPOLIS, IN",07/30 12:55,997,"1,101","L1218217: TRAILER MUST BE EMPTY AND NO PERSONAL ITEMS, OR PALLET JACK, SECUREMENT ITEMS ONLY",2098,1.34,12,
2026-07-24T12:03:39.884961,WG,72111226,"$2,811.40","BOULDER, CO",07/29 12:00,"INDIANAPOLIS, IN",07/30 12:55,997,"1,101","L1218217: TRAILER MUST BE EMPTY AND NO PERSONAL ITEMS, OR PALLET JACK, SECUREMENT ITEMS ONLY",2098,1.34,12,
2026-07-24T12:03:43.339793,WG,72102883,"$1,845.33","LA VERGNE, TN",07/29 12:00,"TROY, MI",07/30 09:00,494,563,"CORD11: TRUCK MUST HAVE FULL AMOUNT OF USABLE SPACE FOR THE TRUCK SIZE REQUESTED, 20FT OF USABLE SPACE, 12FT OF USABLE SPACE, 53FT OF USABLE SPACE.",1057,1.75,22,
2026-07-24T12:03:47.041370,WG,72110493,"$2,364.61","MANCHESTER, PA",07/29 12:00,"DOTHAN, AL",07/30 09:26,678,937,PLEASE BE SURE YOU ARE IN RANGE WHEN YOU ARRIVE AT PICKUP**SET POINT 5C,1615,1.46,15,
2026-07-24T12:04:05.724339,SE,72112973,"$2,675.03","FRAMINGHAM, MA",07/29 12:00,"LA VERGNE, TN",07/30 12:27,976,"1,079",NO NOTES,2055,1.30,11,
2026-07-24T12:10:05.590649,WG,72113277,"$3,477.39","RENSSELAER, NY",07/29 12:00,"MCPHERSON, KS",07/31 09:00,822,"1,457",NO NOTES,2279,1.53,18,
2026-07-24T12:15:38.347455,WG,72114308,"$2,360.33","BROOKS, KY",07/28 13:00,"LAKEWOOD, NJ",07/29 08:00,320,739,IC7875: ENSURE THAT YOU HAVE THE ENTIRE BOL FILLED OUT AT THIS LOCATION.,1059,2.23,36,
2026-07-24T12:17:08.269706,WG,72111225,"$2,811.40","BOULDER, CO",07/29 12:00,"INDIANAPOLIS, IN",07/30 12:55,997,"1,101","L1218217: TRAILER MUST BE EMPTY AND NO PERSONAL ITEMS, OR PALLET JACK, SECUREMENT ITEMS ONLY",2098,1.34,12,
2026-07-24T12:38:25.467944,SE,72114269,$661.70,"DECATUR, TN",07/28 07:00,"DECATUR, AL",07/28 12:18,611,179,NO NOTES,790,0.84,1,
2026-07-24T12:59:18.121883,SE,72114314,$438.86,"FORT WAYNE, IN",07/24 19:00,"ERLANGER, KY",07/24 23:54,687,160,NO NOTES,847,0.52,1,
2026-07-24T13:02:40.096073,WG,72114358,"$1,183.60","BROOKS, KY",07/29 07:00,"SPRINGFIELD, IL",07/29 17:00,320,339,IC7875: ENSURE THAT YOU HAVE THE ENTIRE BOL FILLED OUT AT THIS LOCATION.,659,1.80,23,
2026-07-24T13:03:46.749650,SE,72114313,$947.53,"HEBRON, KY",07/24 14:21,"LAFAYETTE, IN",07/24 19:35,695,175,NO NOTES,870,1.09,3,
2026-07-24T13:10:03.172836,WG,72104376,"$1,301.63","LA VERNE, CA",07/29 13:00,"MONTCLAIR, CA",07/29 14:41,"1,981",9,NO NOTES,1990,0.65,1,
2026-07-24T13:10:06.506055,WG,72113856,"$1,418.56","GREENVILLE, NC",07/29 13:00,"ALLENTOWN, PA",07/30 07:30,892,451,NO NOTES,1343,1.06,3,
2026-07-24T13:10:09.621290,WG,72113917,"$1,201.25","CALEDONIA, MI",07/29 13:00,"BLOOMINGTON, IN",07/30 07:00,194,322,WILL BE 5-10 PALLETS NEED TO HAVE 20 FEET OF SPACE OR MORE,516,2.33,38,
2026-07-24T13:29:07.133196,WG,72114213,"$1,721.36","NEWARK, DE",07/28 08:00,"LOCKBOURNE, OH",07/29 10:00,746,466,IC7875: ENSURE THAT YOU HAVE THE ENTIRE BOL FILLED OUT AT THIS LOCATION.,1212,1.42,13,
2026-07-24T13:31:28.809028,SE,72114315,"$1,172.39","GREENVILLE, SC",07/24 15:23,"JEFFERSONVILLE, IN",07/25 08:00,779,415,NO NOTES,1194,0.98,1,
2026-07-24T13:52:12.394488,SE,72114382,"$4,448.82","COATESVILLE, PA",07/24 15:00,"POMONA, MO",07/25 14:49,168,"1,049",NO NOTES,1217,3.66,74,
2026-07-24T13:52:29.355243,SE,72114381,"$2,439.00","GRAND RAPIDS, MI",07/27 08:30,"SAINT PETERSBURG, FL",07/28 13:00,192,"1,268",NO NOTES,1460,1.67,21,
2026-07-24T14:03:19.171884,WG,72113699,"$2,157.38","SANFORD, NC",07/29 14:00,"PORTAGE, MI",07/30 10:00,789,723,ORDER NOTE: PLEASE EACH OUT TO KALAMAZOORECEIVING@PFIZER.COM OR 269-348-4160 TO SCHEDULE DELIVERY TIME FOR THIS SHIPMENT. MUST MAKE APPOINTMENT FOR DELIVERY ON THURSDAY 30JUL2026,1512,1.43,14,
2026-07-24T14:03:22.014724,WG,72104452,$802.11,"MIRA LOMA, CA",07/29 14:00,"SANTA MONICA, CA",07/29 18:31,"1,974",72,"L1145981: IF PICKING UP AT UPS MIRA LOMA, CA PU IS AT DOOR 2132.",2046,0.39,1,
2026-07-24T14:03:24.778149,WG,72102708,"$2,721.33","LA VERGNE, TN",07/29 14:00,"FAIRFIELD, NJ",07/30 10:03,494,872,"CORD11: TRUCK MUST HAVE FULL AMOUNT OF USABLE SPACE FOR THE TRUCK SIZE REQUESTED, 20FT OF USABLE SPACE, 12FT OF USABLE SPACE, 53FT OF USABLE SPACE.",1366,1.99,30,
2026-07-24T14:04:03.202098,SE,72112186,"$2,006.35","CHATTANOOGA, TN",07/29 14:00,"SEYMOUR, IN",07/30 09:00,610,361,NO NOTES,971,2.07,32,
2026-07-24T14:10:32.699615,WG,72114017,"$2,549.13","ROCKFORD, IL",07/29 14:00,"LA VERGNE, TN",07/30 09:00,83,560,NO NOTES,643,3.96,72,
2026-07-24T14:52:45.674021,SE,72114404,"$1,367.01","CORINTH, MS",07/27 06:00,"EAST PEORIA, IL",07/27 17:59,543,493,NO NOTES,1036,1.32,10,
2026-07-24T14:52:56.478015,SE,72114390,$509.94,"MEMPHIS, TN",07/27 14:00,"MEMPHIS, TN",07/28 11:31,545,2,NO NOTES,547,0.93,1,
2026-07-24T15:00:41.296935,WG,72114393,"$1,004.49","PHILADELPHIA, PA",07/27 09:00,"BREINIGSVILLE, PA",07/27 13:30,771,63,NO NOTES,834,1.20,6,
2026-07-24T15:03:39.751058,WG,72113257,"$2,016.39","DEVENS, MA",07/29 15:00,"BLOOMINGTON, IN",07/30 12:00,984,979,BRCOAR: TRAILER MUST BE EMPTY OUTSIDE OF EQUIPMENT NEEDED TO SECURE. NO PLYWOOD IN TRAILER FLOORS ON REEFER LOADS.,1963,1.03,2,
2026-07-24T15:03:43.638278,WG,72108070,"$7,394.36","LA VERGNE, TN",07/29 15:00,"SAN LEANDRO, CA",07/31 17:22,494,"2,297","CORD11: TRUCK MUST HAVE FULL AMOUNT OF USABLE SPACE FOR THE TRUCK SIZE REQUESTED, 20FT OF USABLE SPACE, 12FT OF USABLE SPACE, 53FT OF USABLE SPACE.",2791,2.65,53,
2026-07-24T15:03:47.026677,WG,72114345,"$1,046.54","MADISON, AL",07/29 15:00,"CINCINNATI, OH",07/30 08:00,599,403,NO NOTES,1002,1.04,2,
2026-07-24T15:03:51.580695,WG,72114226,$956.48,"DEVENS, MA",07/29 15:00,"NEW BRUNSWICK, NJ",07/30 08:00,984,241,BRCOAR: TRAILER MUST BE EMPTY OUTSIDE OF EQUIPMENT NEEDED TO SECURE. NO PLYWOOD IN TRAILER FLOORS ON REEFER LOADS.,1225,0.78,1,
2026-07-24T15:10:29.320235,WG,72103812,"$1,336.99","LOCKBOURNE, OH",07/29 15:00,"OLIVE BRANCH, MS",07/30 08:00,342,594,NO NOTES,936,1.43,13,
2026-07-24T15:10:33.011866,WG,72112438,"$6,597.61","LOUISVILLE, CO",07/29 15:00,"COCKEYSVILLE, MD",07/31 08:00,"1,003","1,683",NO NOTES,2686,2.46,47,
2026-07-24T15:17:52.448002,SE,72114412,"$3,262.61","GLENWOOD, IL",07/27 13:30,"NEW YORK, NY",07/28 08:00,32,787,NO NOTES,819,3.98,73,
2026-07-24T15:24:39.414879,SE,72114413,"$1,871.48","PITTSBURGH, PA",07/27 06:00,"SYRACUSE, NY",07/27 15:18,469,367,NO REEFER TRUCKS,836,2.24,36,
2026-07-24T15:31:43.620481,SE,72114366,"$2,352.94","CALIFORNIA, MD",07/27 08:00,"SMYRNA, GA",07/28 08:00,763,641,NO NOTES,1404,1.68,21,
2026-07-24T15:38:39.585409,SE,72113475,$678.14,"TOLEDO, OH",07/27 14:30,"COLUMBUS, OH",07/27 18:54,248,137,NO NOTES,385,1.76,22,
2026-07-24T15:43:44.973263,WG,72114367,"$1,209.51","SHEPHERDSVILLE, KY",07/28 14:00,"OLIVE BRANCH, MS",07/29 10:00,325,369,L1233585: BE SURE THAT YOUR PREVENTIVE MAINTANANCE IS UP TO DATE BEFORE PICKING UP. IF THE FREIGHT IS PICKIING UP OR DELIVERING TO UPS HEALTHCARE GO TO THE BUILDING FOR ASTELLAS AT DOOR PD123,694,1.74,22,
2026-07-24T15:50:36.334983,WG,72114418,"$3,511.74","KANSAS CITY, MO",07/28 15:00,"MALVERN, PA",07/29 16:09,519,"1,112",NO NOTES,1631,2.15,35,
2026-07-24T15:59:01.320997,WG,72114371,$850.26,"SHEPHERDSVILLE, KY",07/29 13:00,"GROVEPORT, OH",07/29 22:30,325,226,L1233585: BE SURE THAT YOUR PREVENTIVE MAINTANANCE IS UP TO DATE BEFORE PICKING UP.,551,1.54,16,
2026-07-24T16:03:15.643293,WG,72112787,"$1,391.23","MEMPHIS, TN",07/29 16:00,"MEMPHIS, TN",07/29 16:00,545,0,"TEAM DRIVERS, NO DESTINATIONS, CALLER WILL UPDATE LAST MINUTE * END OF QUARTER STAGING",545,2.55,45,
2026-07-24T16:03:20.068458,WG,72102005,"$1,645.32","SHEPHERDSVILLE, KY",07/29 16:00,"DOTHAN, AL",07/30 09:00,325,538,NO NOTES,863,1.91,27,
2026-07-24T16:03:23.821922,WG,72102927,"$1,918.28","LA VERGNE, TN",07/29 16:00,"MONROEVILLE, PA",07/30 08:00,494,587,"CORD11: TRUCK MUST HAVE FULL AMOUNT OF USABLE SPACE FOR THE TRUCK SIZE REQUESTED, 20FT OF USABLE SPACE, 12FT OF USABLE SPACE, 53FT OF USABLE SPACE.",1081,1.77,23,
2026-07-24T16:03:27.504501,WG,72109645,"$1,498.44","LA VERGNE, TN",07/29 16:00,"COLUMBUS, OH",07/30 08:00,494,402,"CORD11: TRUCK MUST HAVE FULL AMOUNT OF USABLE SPACE FOR THE TRUCK SIZE REQUESTED, 20FT OF USABLE SPACE, 12FT OF USABLE SPACE, 53FT OF USABLE SPACE.",896,1.67,20,
2026-07-24T16:03:30.559964,WG,72112786,"$1,391.23","MEMPHIS, TN",07/29 16:00,"MEMPHIS, TN",07/29 16:00,545,0,"TEAM DRIVERS, NO DESTINATIONS, CALLER WILL UPDATE LAST MINUTE * END OF QUARTER STAGING",545,2.55,45,
2026-07-24T16:07:40.719975,WG,72114419,"$1,887.63","WINCHESTER, KY",07/27 14:00,"NEW BRUNSWICK, NJ",07/28 09:00,395,664,ORDER NOTE: ADD PO# AND AUTH# 202617347,1059,1.78,23,
2026-07-24T16:10:27.660817,WG,72112373,"$1,931.16","ROCKFORD, IL",07/29 16:00,"BROOKS, KY",07/30 08:00,83,395,NO NOTES,478,4.04,72,
2026-07-24T17:03:31.986594,WG,72112843,"$1,919.13","MOUNT VERNON, IN",07/29 17:00,"SHREVEPORT, LA",07/30 07:56,308,632,PLEASE ARRIVE AT THE PICKUP IN RANGE*SET POINT 20C,940,2.04,31,
2026-07-24T17:03:34.845099,WG,72112844,"$1,919.13","MOUNT VERNON, IN",07/29 17:00,"SHREVEPORT, LA",07/30 07:56,308,632,PLEASE ARRIVE AT THE PICKUP IN RANGE*SET POINT 5C,940,2.04,31,
2026-07-24T17:03:37.589247,WG,72107318,"$1,166.88","SHEPHERDSVILLE, KY",07/29 17:00,"WARRENDALE, PA",07/30 08:00,325,417,BAX5100: ALL TAKEDA LOADS THAT ARE TEMP SHOULD BE TVAL,742,1.57,17,
2026-07-24T17:14:32.856797,WG,72015978,"$1,431.68","ROCHESTER, NY",07/27 08:00,"CARTERET, NJ",07/28 16:30,604,329,NO NOTES,933,1.53,16,
2026-07-24T17:29:02.519619,WG,72114376,"$1,094.21","GARNER, NC",07/28 09:00,"WILMINGTON, NC",07/28 13:04,817,121,NO NOTES,938,1.17,6,
2026-07-24T18:03:41.395316,WG,72106314,"$1,393.53","BROOKS, KY",07/29 18:00,"ELK GROVE VILLAGE, IL",07/30 09:30,320,337,IC7875: ENSURE THAT YOU HAVE THE ENTIRE BOL FILLED OUT AT THIS LOCATION.,657,2.12,33,
2026-07-24T18:03:44.415635,WG,72106321,"$1,243.48","BROOKS, KY",07/29 18:00,"COLLIERVILLE, TN",07/30 09:30,320,360,IC7875: ENSURE THAT YOU HAVE THE ENTIRE BOL FILLED OUT AT THIS LOCATION.,680,1.83,24,
2026-07-24T18:03:47.804329,WG,72101661,"$1,147.54","LA VERGNE, TN",07/29 18:00,"SAINT CHARLES, MO",07/30 08:00,494,348,UP TO 10 PALLETS,842,1.36,11,
2026-07-24T18:04:29.007054,SE,72106326,$740.97,"BROOKS, KY",07/29 18:00,"LOCKBOURNE, OH",07/30 07:00,320,222,IC7875: ENSURE THAT YOU HAVE THE ENTIRE BOL FILLED OUT AT THIS LOCATION.,542,1.37,11,
2026-07-24T18:14:32.580701,WG,72114442,"$2,312.66","WALKERSVILLE, MD",07/27 10:00,"SAINT LOUIS, MO",07/28 15:00,663,788,NO NOTES,1451,1.59,19,
2026-07-24T18:28:28.563366,WG,72114443,"$1,212.91","BROOKS, KY",07/27 08:00,"SHEPHERDSVILLE, KY",07/27 09:00,792,6,IC7875: ENSURE THAT YOU HAVE THE ENTIRE BOL FILLED OUT AT THIS LOCATION.,798,1.52,16,
2026-07-24T18:50:01.117044,WG,72114446,"$2,120.11","GRAFTON, WI",07/28 09:00,"BLOOMINGTON, IN",07/29 07:00,109,350,NO NOTES,459,4.62,72,
2026-07-24T18:57:07.482286,WG,72114449,"$2,487.56","FISHERS, IN",07/28 09:00,"RENSSELAER, NY",07/29 08:00,196,793,NO NOTES,989,2.52,45,
2026-07-24T18:57:19.761562,WG,72114448,"$2,487.56","FISHERS, IN",07/28 09:00,"RENSSELAER, NY",07/29 08:00,196,793,NO NOTES,989,2.52,45,
2026-07-24T18:57:24.744834,WG,72114447,"$2,806.68","EDEN PRAIRIE, MN",07/28 10:00,"EAST GREENBUSH, NY",07/29 13:58,420,"1,244",NO NOTES,1664,1.69,22,
2026-07-24T19:03:45.212826,WG,72105264,$923.21,"LA VERGNE, TN",07/29 19:00,"LOUISVILLE, KY",07/30 08:00,494,196,"CORD11: TRUCK MUST HAVE FULL AMOUNT OF USABLE SPACE FOR THE TRUCK SIZE REQUESTED, 20FT OF USABLE SPACE, 12FT OF USABLE SPACE, 53FT OF USABLE SPACE.",690,1.34,10,
2026-07-24T19:03:49.064333,WG,72113446,"$1,235.75","LOCKBOURNE, OH",07/29 19:00,"CHESTERFIELD, MO",07/30 09:00,342,463,NO NOTES,805,1.54,16,
2026-07-24T19:10:38.438257,WG,72103784,"$1,201.50","BROOKS, KY",07/29 19:00,"OLIVE BRANCH, MS",07/30 07:00,320,374,NO NOTES,694,1.73,21,
2026-07-24T19:14:44.204939,WG,72114434,"$4,572.11","SPARKS, NV",07/27 15:00,"SPOKANE, WA",07/29 17:35,"1,900","1,277",TRUCK MUST BE ABLE TO FIT 10 PALLETS.,3177,1.44,16,
2026-07-24T19:43:24.884037,WG,72114497,"$1,167.21","MADISON, WI",07/28 11:00,"ROSELLE, IL",07/28 15:13,153,128,NO NOTES,281,4.15,71,
2026-07-24T20:04:08.058438,WG,72106724,"$1,633.15","BROOKS, KY",07/29 20:00,"CORAOPOLIS, PA",07/30 13:35,320,403,IC7875: ENSURE THAT YOU HAVE THE ENTIRE BOL FILLED OUT AT THIS LOCATION.,723,2.26,37,
2026-07-24T20:10:30.790566,WG,72104402,"$2,264.55","LOCKBOURNE, OH",07/29 20:00,"LA VERGNE, TN",07/30 07:00,342,396,NO NOTES,738,3.07,60,
2026-07-24T20:31:27.032625,WG,72114499,"$1,470.05","BROOKS, KY",07/29 17:00,"KERNERSVILLE, NC",07/30 08:00,320,472,IC7875: ENSURE THAT YOU HAVE THE ENTIRE BOL FILLED OUT AT THIS LOCATION.,792,1.86,25,
2026-07-24T20:42:53.735131,WG,72114481,"$2,713.94","KETTERING, OH",07/28 08:00,"SAN MARCOS, TX",07/31 09:00,310,"1,210",NO NOTES,1520,1.79,24,
2026-07-24T20:50:26.926614,WG,72114484,,,,,,,,NO NOTES,,,1,
2026-07-24T23:04:01.636683,SE,72114501,"$4,479.93","LOCKBOURNE, OH",07/27 07:00,"PUYALLUP, WA",07/29 11:54,342,"2,416",NO NOTES,2758,1.62,21,
2026-07-24T23:38:41.733511,WG,72103258,"$1,658.93","FRANKLIN PARK, IL",07/29 23:30,"ANN ARBOR, MI",07/30 07:00,14,263,COURIER RIDING ON TRUCK FROM PICKUP TO DELIVERY NO PETS OR SMOKING IN CAB,277,5.99,71,
2026-07-25T03:38:44.305976,SE,72114506,$721.37,"CHICAGO, IL",07/25 09:00,"DES PLAINES, IL",07/25 11:06,850,5,NO NOTES,855,0.84,1,
2026-07-25T07:04:02.589016,WG,72108779,$813.08,"BROOKS, KY",07/30 07:00,"WEST CHESTER, OH",07/30 11:19,320,133,NO NOTES,453,1.79,23,
2026-07-25T07:24:42.739422,WG,72114388,$869.43,"INDIANAPOLIS, IN",07/30 07:15,"LOUISVILLE, KY",07/30 11:24,197,125,NO NOTES,322,2.70,48,
2026-07-25T08:04:43.113442,WG,72110643,"$1,510.84","MONTPELIER, VT",07/30 08:00,"STRATFORD, CT",07/30 15:52,947,253,"**PETS OK ONLY IF - DRIVER IS WILLING TO STAND OUTSIDE THE GATE WITH THE PET IF ASKED. IF PET IS FOR MEDICAL REASONS OR A SERVICE ANIMAL, DRIVER MUST BE PREPARED TO PROVIDE DOCUMENTATION TO THIS AFFECT (DOCTOR NOTE/REGISTRATIONS/LICENSE). IF PET IS PERMITTED ONTO THE PROPERTY IT MUST REMAIN IN THE TRUCK AT ALL TIMES!!",1200,1.26,8,
2026-07-25T08:04:46.090446,WG,72111612,"$1,045.26","LOUISVILLE, KY",07/30 08:00,"LOUISVILLE, KY",07/30 08:00,315,0,L1068563: YOU MUST HAVE ALL OF YOUR USEABLE SPACE AVAILABLE. PLEASE ENSURE PERSONAL BELONGINGS ARE STOWED APPROPRIATELY.,315,3.32,66,
2026-07-25T08:10:50.162513,WG,72112000,"$1,050.03","BALTIMORE, MD",07/30 08:00,"MACUNGIE, PA",07/30 12:27,705,139,NO NOTES,844,1.24,8,
2026-07-25T08:11:21.835845,SE,72114219,$814.38,"BOSTON, MA",07/30 08:00,"BOSTON, MA",07/30 14:00,999,77,NO NOTES,1076,0.76,1,
2026-07-25T08:38:56.970640,WG,72113965,$694.75,"INDIANAPOLIS, IN",07/30 08:30,"BLOOMINGTON, IN",07/30 11:02,193,49,"L1218217: TRAILER MUST BE EMPTY AND NO PERSONAL ITEMS, OR PALLET JACK, SECUREMENT ITEMS ONLY",242,2.87,53,
2026-07-25T08:43:36.420988,WG,72114487,"$1,609.42","GREENVILLE, NC",07/28 13:00,"LOCKBOURNE, OH",07/29 15:15,892,547,L1244392: TEAM DRIVERS ONLY FOR ALL TAKEDA RUNS,1439,1.12,5,
2026-07-25T09:00:00.738594,WG,72114488,"$1,881.32","ROCHESTER, NY",07/30 07:30,"CHARLESTOWN, IN",07/31 08:00,602,607,L1244392: TEAM DRIVERS ONLY FOR ALL TAKEDA RUNS,1209,1.56,17,
2026-07-25T09:04:40.707906,WG,72114445,"$1,825.83","FISHERS, IN",07/30 09:00,"MORRISVILLE, NC",07/31 09:30,196,619,NO NOTES,815,2.24,36,
2026-07-25T09:04:43.327357,WG,72105818,"$1,506.37","ALLENTOWN, PA",07/30 09:00,"RENSSELAER, NY",07/30 15:08,719,218,NO NOTES,937,1.61,18,
2026-07-25T09:04:45.726112,WG,72105808,"$1,566.22","PHILADELPHIA, PA",07/30 09:00,"RENSSELAER, NY",07/30 15:07,771,217,NO NOTES,988,1.59,18,
2026-07-25T09:11:39.129867,WG,72111784,"$4,517.89","DORAL, FL",07/30 09:00,"LONG ISLAND CITY, NY",07/31 14:00,"1,393","1,293",1@ 58X58X36 1@ 48X48X41 1@ 48X28X43 1@ 58X58X36 ASKING FOR 10 STRAPS,2686,1.68,23,
2026-07-25T10:04:26.860891,WG,72106542,"$2,389.77","BLOOMINGTON, IN",07/30 10:00,"RENSSELAER, NY",07/31 07:00,241,839,DOCK HIGH / SEALABLE TRUCK REQUIRED - VANS ARE NOT ACCEPTABLE,1080,2.21,36,
2026-07-25T10:04:29.749250,WG,72114349,"$2,483.67","GREENVILLE, NC",07/30 10:00,"ROCKFORD, IL",07/31 09:00,892,968,NO NOTES,1860,1.34,12,
2026-07-25T10:07:33.807790,WG,72114523,"$3,599.79","HUNTSVILLE, AL",07/26 11:00,"SAN ANTONIO, TX",07/27 09:00,963,941,NO NOTES,1904,1.89,28,
2026-07-25T11:11:48.443454,WG,72070762,"$3,057.30","TUKWILA, WA",07/30 11:00,"BOZEMAN, MT",07/31 10:00,"2,069",681,NO NOTES,2750,1.11,6,
2026-07-25T12:04:07.748687,WG,72106763,$748.03,"BROOKS, KY",07/30 12:00,"BROOKS, KY",07/30 13:30,320,1,IC7875: ENSURE THAT YOU HAVE THE ENTIRE BOL FILLED OUT AT THIS LOCATION.,321,2.33,38,
2026-07-25T14:04:32.557963,WG,72114111,"$1,958.57","TAYLOR, PA",07/30 14:00,"WEST JEFFERSON, OH",07/31 10:00,704,488,UNPACK PALLET || DEL INSIDE TO 2ND FLOOR || DISPOSE OF PALLET AND TRASH || NEED HAND TRUCK,1192,1.64,20,
2026-07-25T14:04:35.840451,WG,72112703,"$2,398.69","BROOKS, KY",07/30 14:00,"NEWARK, DE",07/31 08:00,320,675,IC7875: ENSURE THAT YOU HAVE THE ENTIRE BOL FILLED OUT AT THIS LOCATION.,995,2.41,42,
2026-07-25T14:39:20.737304,WG,72112451,"$3,519.99","EXTON, PA",07/30 14:30,"ARLINGTON, TN",07/31 12:47,733,977,NO NOTES,1710,2.06,33,
2026-07-25T15:04:38.405495,WG,72110587,"$1,159.45","MOUNT VERNON, IN",07/30 15:00,"OLIVE BRANCH, MS",07/31 02:00,308,302,PLEASE BE IN RANGE WHEN YOU ARRIVE AT SHIPPER**SET POINT 5C,610,1.90,26,
2026-07-25T15:10:58.840262,WG,72104419,"$3,617.25","LOCKBOURNE, OH",07/30 15:00,"DOTHAN, AL",07/31 09:00,342,763,NO NOTES,1105,3.27,67,
2026-07-25T15:11:05.113067,WG,72063069,$815.31,"LOUISVILLE, KY",07/30 15:00,"GROVEPORT, OH",07/30 23:00,315,223,NO NOTES,538,1.52,15,
2026-07-25T15:25:28.239534,WG,72113835,"$1,020.19","RICHLAND, MS",07/30 15:15,"MEMPHIS, TN",07/30 21:39,745,207,"179215: WE MUST ARRIVE ON TIME DO NOT ARRIVE LATE PLEASE PLAN DEADHEAD / TIME MANAGEMENT ACCORDINGLY / IF YOU ARE RUNNING BEHIND FOR ANY REASON, CALL IN TO FLEET SUPPORT ASAP.",952,1.07,3,
2026-07-25T16:04:08.677766,WG,72112789,"$1,391.23","MEMPHIS, TN",07/30 16:00,"MEMPHIS, TN",07/30 16:00,545,0,"TEAM DRIVERS, NO DESTINATIONS, CALLER WILL UPDATE LAST MINUTE * END OF QUARTER STAGING",545,2.55,45,
2026-07-25T16:04:12.617323,WG,72112788,"$1,391.23","MEMPHIS, TN",07/30 16:00,"MEMPHIS, TN",07/30 16:00,545,0,"TEAM DRIVERS, NO DESTINATIONS, CALLER WILL UPDATE LAST MINUTE * END OF QUARTER STAGING",545,2.55,45,
2026-07-25T16:38:52.639691,WG,72111947,"$1,115.12","MOUNT VERNON, IN",07/30 16:30,"MEMPHIS, TN",07/31 10:00,308,300,BRCOAR: TRAILER MUST BE EMPTY OUTSIDE OF EQUIPMENT NEEDED TO SECURE. NO PLYWOOD IN TRAILER FLOORS ON REEFER LOADS.,608,1.83,24,
2026-07-25T17:04:03.689156,WG,72106793,"$1,470.05","BROOKS, KY",07/30 17:00,"KERNERSVILLE, NC",07/31 08:00,320,472,IC7875: ENSURE THAT YOU HAVE THE ENTIRE BOL FILLED OUT AT THIS LOCATION.,792,1.86,25,
2026-07-25T17:04:07.439178,WG,72112626,"$2,069.36","RENO, NV",07/30 17:00,"TORRANCE, CA",07/31 11:00,"1,906",534,PALLET JACK AND LIFTGATE REQUIRED AT DELVIERY,2440,0.85,2,
2026-07-25T17:07:41.704894,WG,72114435,"$2,120.26","SPARKS, NV",07/27 15:00,"CANOGA PARK, CA",07/28 20:31,"1,900",560,NO NOTES,2460,0.86,2,
2026-07-25T18:04:27.413740,WG,72107648,"$1,411.29","SHEPHERDSVILLE, KY",07/30 18:00,"DOTHAN, AL",07/31 09:00,325,538,BAX5100: ALL TAKEDA LOADS THAT ARE TEMP SHOULD BE TVAL,863,1.64,19,
2026-07-25T19:04:08.574761,WG,72106802,"$1,151.57","BROOKS, KY",07/30 19:00,"GROVE CITY, OH",07/31 08:30,320,211,IC7875: ENSURE THAT YOU HAVE THE ENTIRE BOL FILLED OUT AT THIS LOCATION.,531,2.17,34,
2026-07-25T20:10:46.505773,WG,72104413,"$3,286.86","LOCKBOURNE, OH",07/30 20:00,"OVERLAND PARK, KS",07/31 12:03,342,684,NO NOTES,1026,3.20,65,
2026-07-25T20:10:59.980178,SE,72114510,"$2,963.59","FISHERS, IN",07/28 08:00,"MCKINNEY, TX",07/29 09:00,196,870,NO NOTES,1066,2.78,52,
2026-07-26T06:11:03.850014,SE,72114514,$334.94,"CHICAGO, IL",07/27 09:30,"DES PLAINES, IL",07/27 11:06,17,5,NO NOTES,22,15.22,70,
2026-07-26T09:24:55.656080,WG,72112706,"$1,253.39","FREEPORT, NY",07/31 09:12,"MARCUS HOOK, PA",07/31 15:11,828,141,NO NOTES,969,1.29,9,
2026-07-26T11:04:26.565547,WG,72112640,"$1,050.55","BROOKS, KY",07/31 11:00,"SHEPHERDSVILLE, KY",07/31 13:07,320,6,IC7875: ENSURE THAT YOU HAVE THE ENTIRE BOL FILLED OUT AT THIS LOCATION.,326,3.22,63,
2026-07-26T12:04:35.243032,SE,72110743,"$1,044.56","STERLING, VA",07/31 12:00,"GREENBELT, MD",07/31 14:30,692,47,NO NOTES,739,1.41,12,
2026-07-26T12:11:20.412401,WG,72106855,$748.03,"BROOKS, KY",07/31 12:00,"BROOKS, KY",07/31 13:30,320,1,IC7875: ENSURE THAT YOU HAVE THE ENTIRE BOL FILLED OUT AT THIS LOCATION.,321,2.33,38,
2026-07-26T14:04:20.527034,WG,72114083,"$2,004.98","BROOKS, KY",07/31 14:00,"NEWARK, DE",08/3 08:00,320,675,IC7875: ENSURE THAT YOU HAVE THE ENTIRE BOL FILLED OUT AT THIS LOCATION.,995,2.02,30,
2026-07-26T15:03:56.154393,WG,72113490,$921.39,"CARSON, CA",07/31 15:00,"COSTA MESA, CA",07/31 17:03,"2,019",26,NO NOTES,2045,0.45,1,
2026-07-26T15:03:59.076193,WG,72114030,"$4,831.56","BROOKS, KY",07/31 15:00,"TEMPE, AZ",08/3 10:30,320,"1,722",IC7875: ENSURE THAT YOU HAVE THE ENTIRE BOL FILLED OUT AT THIS LOCATION.,2042,2.37,43,
2026-07-26T16:04:17.050032,WG,72112791,"$1,391.23","MEMPHIS, TN",07/31 16:00,"MEMPHIS, TN",07/31 16:00,545,0,"TEAM DRIVERS, NO DESTINATIONS, CALLER WILL UPDATE LAST MINUTE * END OF QUARTER STAGING",545,2.55,45,
2026-07-26T16:04:19.781049,WG,72112790,"$1,391.23","MEMPHIS, TN",07/31 16:00,"MEMPHIS, TN",07/31 16:00,545,0,"TEAM DRIVERS, NO DESTINATIONS, CALLER WILL UPDATE LAST MINUTE * END OF QUARTER STAGING",545,2.55,45,
2026-07-26T17:10:57.787723,WG,72114081,$851.52,"BROOKS, KY",07/31 17:00,"GROVE CITY, OH",08/3 08:00,320,211,IC7875: ENSURE THAT YOU HAVE THE ENTIRE BOL FILLED OUT AT THIS LOCATION.,531,1.60,18,
2026-07-26T18:38:49.861965,SE,72110862,$716.10,"DETROIT, MI",07/31 18:30,"NOVI, MI",07/31 21:00,290,29,NO NOTES,319,2.24,35,
2026-07-26T22:14:56.014626,WG,72113935,$783.47,"LA VERGNE, TN",07/28 09:00,"CHARLESTOWN, IN",07/28 15:00,494,206,NO NOTES,700,1.12,4,
2026-07-27T07:58:08.292609,WG,72114615,$910.38,"CRANBURY, NJ",07/29 10:00,"RARITAN, NJ",07/29 12:07,800,29,00046768: ALL TEMP CONTROL LOADS MUST BE TVAL,829,1.10,3,
2026-07-27T08:02:12.888329,WG,72114613,$901.31,"CRANBURY, NJ",07/29 10:00,"RARITAN, NJ",07/29 12:07,800,29,00046768: ALL TEMP CONTROL LOADS MUST BE TVAL,829,1.09,3,
2026-07-27T08:03:22.406033,WG,72114614,$901.31,"CRANBURY, NJ",07/30 10:00,"RARITAN, NJ",07/30 12:07,800,29,00046768: ALL TEMP CONTROL LOADS MUST BE TVAL,829,1.09,3,
2026-07-27T08:03:25.176889,WG,72114616,$910.38,"CRANBURY, NJ",07/30 10:00,"RARITAN, NJ",07/30 12:07,800,29,00046768: ALL TEMP CONTROL LOADS MUST BE TVAL,829,1.10,3,
2026-07-27T08:30:06.315432,WG,72114640,$785.61,"GREENVILLE, NC",07/29 10:00,"WILMINGTON, NC",07/29 13:56,892,115,NO NOTES,1007,0.78,1,
2026-07-27T08:44:04.707678,WG,72114588,"$2,293.47","FISHERS, IN",07/29 09:00,"RENSSELAER, NY",07/30 08:00,196,792,NO NOTES,988,2.32,39,
2026-07-27T08:46:18.519128,SE,72114623,"$2,674.34","FISHERS, IN",07/29 09:00,"PEPPERELL, MA",07/30 06:35,196,944,NO NOTES,1140,2.35,40,
2026-07-27T08:58:06.567240,WG,72114594,"$1,405.55","FISHERS, IN",07/29 09:00,"ROCKFORD, IL",07/29 16:17,196,272,NO NOTES,468,3.00,57,
2026-07-27T09:18:13.163936,SE,72114659,,,,,,,,NO NOTES,,,1,
2026-07-27T09:23:04.185027,WG,72114625,"$2,326.39","NEW BRUNSWICK, NJ",07/29 10:30,"MOUNT VERNON, IN",07/30 09:00,785,852,BRCOAR: TRAILER MUST BE EMPTY OUTSIDE OF EQUIPMENT NEEDED TO SECURE. NO PLYWOOD IN TRAILER FLOORS ON REEFER LOADS.,1637,1.42,14,
2026-07-27T09:24:19.201855,WG,72114664,"$2,986.70","WALKERSVILLE, MD",07/30 08:00,"MADISON, WI",07/31 09:00,663,817,NO NOTES,1480,2.02,31,
2026-07-27T10:31:36.959198,SE,72114312,"$1,062.76","CINCINNATI, OH",07/27 15:00,"EASLEY, SC",07/28 06:00,304,432,NO NOTES,736,1.44,13,
2026-07-27T10:38:52.947504,WG,72114630,"$1,430.58","GREENVILLE, NC",07/30 13:00,"PHILADELPHIA, PA",07/31 08:00,892,432,NO NOTES,1324,1.08,3,
2026-07-27T10:50:40.892926,WG,72114632,"$1,197.35","MALVERN, PA",07/29 09:00,"RARITAN, NJ",07/29 11:52,738,65,NO NOTES,803,1.49,15,
2026-07-27T10:52:45.135105,SE,72114676,$664.21,"BEECH ISLAND, SC",07/29 08:30,"BRISTOL, TN",07/29 15:35,833,263,NO NOTES,1096,0.61,1,
2026-07-27T11:10:27.945157,SE,72114634,"$1,021.96","MECHANICSBURG, PA",07/27 16:00,"MILLBURN, NJ",07/28 09:00,652,163,NO NOTES,815,1.25,8,
2026-07-27T11:10:31.298630,SE,72114338,"$2,190.60","BROWNS SUMMIT, NC",07/29 08:00,"KANSAS CITY, KS",07/30 09:30,749,"1,019",NO NOTES,1768,1.24,9,
2026-07-27T11:16:10.713053,WG,72114677,"$3,101.46","OLIVE BRANCH, MS",07/29 13:00,"PHILADELPHIA, PA",07/30 12:24,553,"1,030",NO NOTES,1583,1.96,30,
2026-07-27T11:28:54.264912,WG,72113518,"$4,396.37","FORT WORTH, TX",07/28 09:30,"RENO, NV",07/29 21:22,942,"1,639","L1163385: TRAILERS MUST BE CLEAN, EMPTY, DRY, FREE OF STRUCTURAL DAMAGE AND NO ODORS FROM PRIOR FREIGHT. MUST HAVE TWO LOAD LOCKS IN EACH TRAILER AND FUEL TANKS 3/4 FULL PRIOR TO PICKUP ARRIVAL.",2581,1.70,24,
2026-07-27T11:30:05.139400,WG,72113455,"$5,180.42","CAMBRIDGE, MA",07/29 10:00,"SAINT PETERSBURG, FL",07/30 15:00,992,"1,365",NO NOTES,2357,2.20,38,
2026-07-27T11:32:11.640062,SE,72114679,"$5,049.87","COLUMBUS, OH",07/28 13:00,"CHANDLER, AZ",07/30 11:00,329,"1,875",NO NOTES,2204,2.29,41,
2026-07-27T11:43:06.339822,WG,72114697,"$2,963.05","PHILADELPHIA, PA",07/28 14:00,"INDIANAPOLIS, IN",07/29 08:00,771,671,NO NOTES,1442,2.05,32,
2026-07-27T11:45:59.189364,SE,72114683,"$1,310.85","CHICAGO, IL",07/29 14:00,"SHAKOPEE, MN",07/30 14:00,9,435,NO NOTES,444,2.95,56,
2026-07-27T11:59:55.621927,SE,72114702,$814.38,"BOSTON, MA",07/29 09:00,"BOSTON, MA",07/29 13:38,999,77,NO NOTES,1076,0.76,1,
2026-07-27T12:42:46.304466,WG,72114675,"$1,012.23","KIRTLAND AFB, NM",07/28 09:00,"LAFAYETTE, CO",07/28 20:30,"1,334",470,NO NOTES,1804,0.56,1,
2026-07-27T12:43:08.156472,WG,72114655,$908.19,"HUNTSVILLE, AL",07/28 14:00,"BROOKS, KY",07/29 11:00,600,281,NO NOTES,881,1.03,2,
2026-07-27T12:44:01.029499,WG,72114706,"$3,068.13","TAMPA, FL",07/29 10:00,"DURHAM, NC",07/30 08:00,"1,185",676,NO NOTES,1861,1.65,21,
2026-07-27T12:57:40.873946,WG,72114707,"$1,028.38","MANCHESTER, PA",07/29 06:30,"PISCATAWAY, NJ",07/29 11:24,678,160,BRCOAR: TRAILER MUST BE EMPTY OUTSIDE OF EQUIPMENT NEEDED TO SECURE. NO PLYWOOD IN TRAILER FLOORS ON REEFER LOADS.,838,1.23,7,
2026-07-27T13:02:44.348115,WG,72114717,"$2,102.44","LOUISVILLE, KY",07/29 17:00,"CARY, NC",07/30 09:00,315,556,NO NOTES,871,2.41,41,
2026-07-27T13:04:04.053188,SE,72114079,"$1,396.20","LAS CRUCES, NM",07/29 15:00,"CHATSWORTH, CA",07/30 11:00,"1,436",796,NO NOTES,2232,0.63,1,
2026-07-27T13:21:35.617898,WG,72114690,"$5,943.53","OAK RIDGE, TN",07/28 08:00,"IDAHO FALLS, ID",07/30 10:00,546,"1,869",NO NOTES,2415,2.46,46,
2026-07-27T13:24:57.572967,SE,72114718,"$4,431.21","HELENA, MT",07/28 10:00,"TEMPE, AZ",07/29 12:40,"1,486","1,207",NO NOTES,2693,1.65,22,
2026-07-27T13:30:06.968829,WG,72114710,"$2,631.69","LA VERGNE, TN",07/29 13:00,"LEOLA, PA",07/30 06:37,494,758,NO NOTES,1252,2.10,33,
2026-07-27T13:30:11.885769,WG,72114712,"$8,213.84","BEND, OR",07/29 14:45,"ROCKFORD, IL",08/3 14:00,"2,000","1,950",ORDER NOTE: DO NOT DOUBLE STACK PALLET.,3950,2.08,38,
2026-07-27T13:31:55.285189,SE,72114711,$610.65,"FREDERICK, CO",07/27 16:45,"BOULDER, CO",07/27 18:37,988,18,NO NOTES,1006,0.61,1,
2026-07-27T13:43:43.308364,WG,72114723,"$1,208.58","BEDFORD, MA",07/29 09:00,"NORTHBOROUGH, MA",07/29 11:08,996,30,NO NOTES,1026,1.18,6,
2026-07-27T13:45:37.884531,WG,72114722,"$1,206.05","NORTHBOROUGH, MA",07/30 11:00,"BEDFORD, MA",07/30 13:09,966,31,NO NOTES,997,1.21,7,
2026-07-27T13:58:11.809269,WG,72114695,"$3,650.86","ALLENTOWN, PA",07/29 11:00,"MIDDLETON, WI",07/30 09:00,719,878,NO NOTES,1597,2.29,39,
2026-07-27T14:01:53.892899,WG,72114698,"$4,244.19","SHAW AFB, SC",07/29 10:00,"SAN ANTONIO, TX",07/30 13:47,844,"1,236",NO NOTES,2080,2.04,33,
2026-07-27T14:11:19.094582,SE,72114738,$636.50,"EL SEGUNDO, CA",07/27 16:00,"COMPTON, CA",07/27 17:46,"2,027",13,NO NOTES,2040,0.31,1,
2026-07-27T14:11:41.659770,SE,72114716,"$3,235.12","AUSTIN, TX",07/29 10:00,"BRIDGEPORT, NJ",07/31 08:00,"1,114","1,637",NO NOTES,2751,1.18,8,
2026-07-27T14:17:50.328588,SE,72114739,$609.91,"PEARL, MS",07/28 09:30,"FOREST, MS",07/28 11:51,748,40,NO NOTES,788,0.77,1,
2026-07-27T14:28:49.841855,WG,72114370,"$3,024.09","CHICAGO, IL",07/28 10:30,"DURHAM, NC",07/29 09:00,7,790,NO NOTES,797,3.79,73,
2026-07-27T14:37:08.118207,WG,72114759,"$2,943.83","CALEDONIA, MI",07/29 09:00,"ALLENTOWN, PA",07/30 00:41,194,667,NO NOTES,861,3.42,70,
2026-07-27T14:37:39.443960,WG,72114743,"$1,132.12","MOUNT VERNON, IN",07/29 14:00,"GROVEPORT, OH",07/29 23:59,308,345,BRCOAR: TRAILER MUST BE EMPTY OUTSIDE OF EQUIPMENT NEEDED TO SECURE. NO PLYWOOD IN TRAILER FLOORS ON REEFER LOADS.,653,1.73,21,
2026-07-27T14:45:17.605262,WG,72114681,"$1,513.57","ROCKVILLE, MD",07/30 14:00,"GARNER, NC",07/31 09:00,682,283,"GSCOCT: ALL LOADS WITH DRIVER SECURE PROGRAM MUST BE TEAM DRIVERS, NO SOLO DRIVERS. MUST BE 3/4 FUELED PRIOR TO PICKUP ARRIVAL.",965,1.57,17,
2026-07-27T14:50:17.634907,WG,72114762,,,,,,,,NO NOTES,,,1,
2026-07-27T14:59:38.442908,WG,72114763,$722.03,"MADISON, AL",07/30 14:00,"BATESVILLE, MS",07/30 19:51,566,205,NO NOTES,771,0.94,1,
2026-07-27T15:03:26.680257,WG,72114724,"$9,006.68","BLOOMINGTON, IN",07/30 09:00,"BURNABY, BC",08/1 13:10,635,"2,429",NO NOTES,3064,2.94,62,
2026-07-27T15:08:43.645326,WG,72114761,"$6,277.15","RENSSELAER, NY",07/29 08:00,"FISHERS, IN",07/30 08:00,640,790,NO NOTES,1430,4.39,76,
2026-07-27T15:29:27.496172,WG,72114779,"$1,148.71","INDIANAPOLIS, IN",07/29 08:00,"NORTH CHICAGO, IL",07/29 14:21,615,228,NO NOTES,843,1.36,11,
2026-07-27T15:46:16.990336,SE,72114749,"$3,241.53","LEWISVILLE, TX",07/28 09:00,"MIAMI, FL",07/29 15:12,920,"1,349",NO NOTES,2269,1.43,15,
2026-07-27T15:53:22.263618,SE,72114780,$581.81,"MONROEVILLE, PA",07/30 09:00,"WEST MIFFLIN, PA",07/30 11:14,489,11,NO NOTES,500,1.16,5,
2026-07-27T15:58:04.366450,WG,72114781,"$3,148.64","LA VERGNE, TN",07/29 13:00,"SAN ANTONIO, TX",07/30 10:47,517,954,NO NOTES,1471,2.14,35,
2026-07-27T16:30:06.542695,WG,72114799,"$1,815.92","NEW BRUNSWICK, NJ",07/29 13:30,"MISSISSAUGA, ON",07/30 09:00,471,492,NO NOTES,963,1.89,26,
2026-07-27T16:31:30.321833,WG,72114801,"$2,284.15","CALEDONIA, MI",07/30 13:00,"RENSSELAER, NY",07/31 06:52,766,770,NO NOTES,1536,1.49,16,
2026-07-27T16:39:21.856456,SE,72108189,"$1,643.34","SAXONBURG, PA",07/30 08:00,"ANDOVER, MA",07/31 08:00,514,578,NO NOTES,1092,1.50,15,
2026-07-27T16:43:15.491391,WG,72114804,"$3,902.91","BROOKS, KY",07/29 08:00,"TAMPA, FL",07/30 08:30,547,866,NO NOTES,1413,2.76,53,
2026-07-27T16:51:32.956274,WG,72114783,"$2,663.31","LOUISVILLE, KY",07/29 17:30,"FORT WORTH, TX",07/30 13:25,544,866,NO NOTES,1410,1.89,27,
2026-07-27T16:52:59.308355,SE,72114750,$869.05,"HICKSVILLE, NY",07/28 09:00,"JAMAICA, NY",07/28 11:00,826,22,NO NOTES,848,1.02,1,
2026-07-27T17:08:03.294403,WG,72114806,"$1,199.16","CAPITOL HEIGHTS, MD",07/29 03:30,"SNOWSHOE, WV",07/29 13:30,280,237,NO NOTES,517,2.32,38,
2026-07-27T17:18:01.449510,SE,72114808,"$2,320.31","EUCLID, OH",07/27 19:00,"WAITE PARK, MN",07/28 14:17,357,836,NO NOTES,1193,1.94,28,
2026-07-27T21:30:58.056548,WG,72114861,"$3,630.34","WARRENDALE, PA",07/30 14:00,"MEMPHIS, TN",07/31 08:00,491,767,NO NOTES,1258,2.89,56,
2026-07-27T23:21:32.186639,WG,72114862,"$8,050.35","SANTA ANA, CA",07/28 15:00,"HOLLY SPRINGS, NC",07/31 08:00,"2,515","2,529",NO NOTES,5044,1.60,24,
2026-07-28T05:03:04.650311,SE,72114791,$334.94,"CHICAGO, IL",07/28 09:00,"DES PLAINES, IL",07/28 11:06,17,5,NO NOTES,22,15.22,70,
2026-07-28T07:38:17.828786,SE,72114551,"$2,047.57","OKLAHOMA CITY, OK",07/28 10:30,"FAIRBURN, GA",07/29 06:08,791,853,NO NOTES,1644,1.25,9,
2026-07-28T07:43:17.316453,WG,72114794,$986.12,"TRENTON, NJ",07/29 11:00,"BREINIGSVILLE, PA",07/29 14:36,447,79,NO NOTES,526,1.87,25,
2026-07-28T07:43:20.169641,WG,72114793,"$1,086.10","TRENTON, NJ",07/29 11:00,"PLAINVIEW, NY",07/29 14:36,447,99,NO NOTES,546,1.99,29,
2026-07-28T08:57:11.030501,WG,72114871,$952.30,"PHILADELPHIA, PA",07/29 10:00,"SOUDERTON, PA",07/29 12:12,425,33,NO NOTES,458,2.08,31,
2026-07-28T09:15:41.061136,WG,72114874,"$3,226.86","CALEDONIA, MI",07/29 15:00,"RENSSELAER, NY",07/30 08:52,766,770,NO NOTES,1536,2.10,34,
2026-07-28T09:23:50.232513,SE,72098562,$686.10,"NEWARK, NJ",07/29 07:00,"POTTSTOWN, PA",07/29 11:50,490,113,NO NOTES,603,1.14,4,
2026-07-28T09:24:06.709752,SE,72114552,"$2,118.64","WINTER PARK, FL",07/30 10:00,"RESTON, VA",07/31 05:36,611,851,NO NOTES,1462,1.45,14,
2026-07-28T09:36:40.274959,WG,72114899,"$1,668.03","KANSAS CITY, MO",07/29 14:00,"MIDDLETON, WI",07/30 10:00,"1,051",494,NO NOTES,1545,1.08,4,
2026-07-28T09:51:29.274404,WG,72114922,"$1,910.95","COLUMBUS, OH",07/30 14:00,"DANBURY, CT",07/31 08:00,457,603,NO NOTES,1060,1.80,24,
2026-07-28T10:07:49.686934,WG,72114924,"$1,307.60","LYNCHBURG, VA",07/29 08:00,"OAK RIDGE, TN",07/29 16:36,127,334,NO NOTES,461,2.84,52,
2026-07-28T10:08:22.752012,WG,72114903,"$3,824.64","KANSAS CITY, MO",07/29 12:00,"GREENVILLE, NC",07/30 13:59,"1,051","1,151",NO NOTES,2202,1.74,24,
2026-07-28T10:10:10.009732,SE,72114440,"$4,781.32","INDIANAPOLIS, IN",07/29 08:00,"SAN DIEGO, CA",07/31 11:00,615,"2,087",NO NOTES,2702,1.77,26,
2026-07-28T10:16:50.636771,SE,72114904,"$2,117.40","MENOMINEE, MI",07/28 17:00,"LEXINGTON, KY",07/29 08:13,"1,051",645,NO NOTES,1696,1.25,9,
2026-07-28T10:30:11.087975,WG,72114908,$964.42,"VANDALIA, OH",07/30 08:00,"SEYMOUR, IN",07/30 12:28,497,140,NO NOTES,637,1.51,15,
2026-07-28T10:31:16.682795,SE,72079011,"$6,157.15","LEXINGTON, MA",07/31 10:00,"SANTA CLARA, CA",08/3 12:00,713,"3,127",NO NOTES,3840,1.60,22,
2026-07-28T10:37:26.198331,WG,72111939,"$2,004.67","CINCINNATI, OH",07/30 13:00,"SOUDERTON, PA",07/31 13:19,509,565,DOCK HIGH AND FORKLIFT ACCESSIBLE TRUCK REQUIRED (NO RAP CONTAINERS - SHIPPER DOES NOT HAVE LONG FORKS),1074,1.87,26,
2026-07-28T10:37:53.894777,SE,72114911,$926.81,"READING, PA",07/28 12:30,"LYNCHBURG, VA",07/29 08:00,709,320,FRT RDY NOW-THEY CLOSE AT 1500 LOCAL,1029,0.90,1,
2026-07-28T11:37:39.795443,WG,72114939,"$1,459.78","CONSHOHOCKEN, PA",07/31 07:00,"WALTHAM, MA",07/31 15:03,415,308,"GSCOCT: ALL LOADS WITH DRIVER SECURE PROGRAM MUST BE TEAM DRIVERS, NO SOLO DRIVERS. MUST BE 3/4 FUELED PRIOR TO PICKUP ARRIVAL.",723,2.02,30,
2026-07-28T11:51:04.353847,WG,72114928,"$1,803.87","FAIRPORT, NY",07/30 12:00,"WILMINGTON, MA",07/30 21:47,621,390,NO NOTES,1011,1.78,23,
2026-07-28T12:08:23.546887,WG,72114955,"$3,024.89","KENNESAW, GA",07/29 13:00,"DALLAS, TX",07/30 09:00,401,806,NO NOTES,1207,2.51,45,
2026-07-28T12:09:40.499207,WG,72114977,"$1,700.14","GREENVILLE, NC",07/30 15:00,"ALLENTOWN, PA",07/31 08:00,102,451,NO NOTES,553,3.07,59,
2026-07-28T12:15:22.575843,WG,72114916,"$4,346.43","SHEPHERDSVILLE, KY",07/29 15:00,"TEMPE, AZ",07/31 05:15,550,"1,728",NO NOTES,2278,1.91,29,
2026-07-28T12:30:15.134200,WG,72114981,"$1,337.92","ROCHESTER, NY",07/30 09:00,"FORT WAYNE, IN",07/31 08:00,640,469,NO NOTES,1109,1.21,7,
2026-07-28T12:30:39.630607,WG,72114933,$970.27,"WEST DEPTFORD, NJ",07/31 09:00,"MIDDLESEX, NJ",07/31 12:15,403,83,NO NOTES,486,2.00,29,
2026-07-28T12:58:17.715731,SE,72114994,"$2,512.06","BORDENTOWN, NJ",07/28 15:00,"CEDAR RAPIDS, IA",07/29 14:04,440,"1,014",NO NOTES,1454,1.73,23,
2026-07-28T13:08:47.804778,WG,72115002,"$1,788.99","BREINIGSVILLE, PA",07/30 08:00,"MOUNT VERNON, IN",07/30 14:00,440,781,BRCOAR: TRAILER MUST BE EMPTY OUTSIDE OF EQUIPMENT NEEDED TO SECURE. NO PLYWOOD IN TRAILER FLOORS ON REEFER LOADS.,1221,1.47,15,
2026-07-28T13:16:21.757616,WG,72115021,"$2,435.65","BLOOMINGTON, IN",07/30 13:30,"RENSSELAER, NY",07/31 08:48,635,837,NO NOTES,1472,1.65,20,
2026-07-28T13:57:51.227938,WG,72115039,"$1,075.53","LOCKBOURNE, OH",07/30 08:00,"BROOKS, KY",07/30 15:00,447,221,IC7875: ENSURE THAT YOU HAVE THE ENTIRE BOL FILLED OUT AT THIS LOCATION.,668,1.61,18,
2026-07-28T14:02:19.843012,WG,72115045,"$2,452.63","SAINT LOUIS, MO",07/31 11:00,"WILSON, NC",08/3 08:00,803,870,NO NOTES,1673,1.47,15,
2026-07-28T14:02:43.910989,SE,72113662,"$1,201.71","BROOKS, KY",08/2 14:00,"PITTSBURGH, PA",08/3 08:00,547,393,IC7875: ENSURE THAT YOU HAVE THE ENTIRE BOL FILLED OUT AT THIS LOCATION.,940,1.28,9,
2026-07-28T14:30:04.420519,WG,72114964,"$1,874.48","FORT WORTH, TX",07/30 13:00,"CANTON, MS",07/31 10:00,"1,205",461,NO NOTES,1666,1.13,5,
2026-07-28T14:30:28.931523,WG,72113161,"$7,030.53","FRANKLIN, TN",07/31 16:00,"TEMECULA, CA",08/3 11:00,535,"2,020",NO NOTES,2555,2.75,55,
2026-07-28T14:42:30.112284,WG,72115065,$949.22,"SAINT LOUIS, MO",07/29 07:00,"KANKAKEE, IL",07/29 13:54,803,254,NO NOTES,1057,0.90,1,
2026-07-28T14:42:43.334958,WG,72115066,"$3,710.97","MIDDLETON, WI",07/29 09:00,"LOUISVILLE, CO",07/30 10:00,942,963,NO NOTES,1905,1.95,30,
2026-07-28T14:57:03.500232,WG,72115067,"$1,309.72","BROOKS, KY",07/29 15:00,"MONROEVILLE, PA",07/30 08:00,547,413,IC7875: ENSURE THAT YOU HAVE THE ENTIRE BOL FILLED OUT AT THIS LOCATION.,960,1.36,11,
2026-07-28T14:58:18.721937,WG,72115009,"$1,174.20","INDIANAPOLIS, IN",07/31 08:00,"ROUND LAKE, IL",07/31 14:26,615,232,NO NOTES,847,1.39,12,
2026-07-28T14:58:42.449436,SE,72115008,"$3,543.11","ATHENS, GA",07/31 13:00,"WESCOSVILLE, PA",08/3 09:00,342,741,NO NOTES,1083,3.27,67,
2026-07-28T15:00:42.712227,WG,72115071,,,,,,,,NO NOTES,,,1,
2026-07-28T15:02:12.170861,WG,72115070,"$4,386.09","CHARLES CITY, IA",07/30 13:00,"GAINESVILLE, GA",07/31 11:05,"1,095",968,NO NOTES,2063,2.13,35,
2026-07-28T15:08:40.408742,WG,72110340,"$2,783.64","BARTLESVILLE, OK",07/30 09:00,"DARROW, LA",07/31 09:00,"1,121",676,NO NOTES,1797,1.55,18,
2026-07-28T15:09:55.866811,SE,72113476,$733.01,"COLUMBUS, OH",08/2 15:00,"TOLEDO, OH",08/2 19:24,455,137,NO NOTES,592,1.24,7,
2026-07-28T15:29:40.015996,WG,72115100,$641.86,"MONTCLAIR, CA",07/30 11:00,"SANTA FE SPRINGS, CA",07/30 13:05,"2,489",28,NO NOTES,2517,0.26,1,
2026-07-28T15:35:33.927975,WG,72115117,"$6,883.90","LOUISVILLE, KY",07/29 07:00,"OLYMPIA, WA",07/31 11:49,544,"2,412",L1068563: YOU MUST HAVE ALL OF YOUR USEABLE SPACE AVAILABLE. PLEASE ENSURE PERSONAL BELONGINGS ARE STOWED APPROPRIATELY.,2956,2.33,43,
2026-07-28T15:37:51.082324,SE,72107910,"$1,305.94","ALLENTOWN, PA",08/2 15:30,"BUFFALO, NY",08/3 00:03,456,332,NO NOTES,788,1.66,19,
2026-07-28T15:58:15.886038,WG,72115012,"$6,989.78","LOUISVILLE, KY",07/31 13:00,"OLYMPIA, WA",08/2 17:49,544,"2,412",L1068563: YOU MUST HAVE ALL OF YOUR USEABLE SPACE AVAILABLE. PLEASE ENSURE PERSONAL BELONGINGS ARE STOWED APPROPRIATELY.,2956,2.36,44,
2026-07-28T16:15:08.893777,WG,72115013,"$3,229.95","LITTLETON, CO",07/29 16:00,"NEW ORLEANS, LA",07/31 08:30,"1,669","1,379",ORDER NOTE: I NEED A TRUCK THAT CAN PICK UP TOMORROW MORNING AND DELIVER TO STENNIS BEFORE COB THURSDAY AND NEW ORLEANS ON FRIDAY,3048,1.06,4,
2026-07-28T16:23:09.848695,WG,72115015,"$3,830.35","ROCKFORD, IL",07/30 11:00,"MORRISVILLE, NC",07/31 07:07,868,875,NO NOTES,1743,2.20,37,
2026-07-28T16:24:03.892250,SE,72115121,"$2,447.90","VAN WERT, OH",07/29 09:00,"GRIFFIN, GA",07/30 00:08,574,641,NO NOTES,1215,2.01,31,
2026-07-28T16:30:17.483941,WG,72115120,"$1,193.68","GROVE CITY, OH",07/30 18:00,"WARRENDALE, PA",07/31 08:00,454,203,NO NOTES,657,1.82,24,
2026-07-28T16:30:35.921684,SE,72115122,"$1,907.61","SAINT LOUIS, MO",07/28 17:30,"HOUSTON, TX",07/29 11:42,802,785,NO NOTES,1587,1.20,7,
2026-07-28T17:35:27.303283,WG,72115123,"$7,916.69","RENO, NV",07/28 20:00,"MEMPHIS, TN",07/30 18:45,"2,639","2,127",NO NOTES,4766,1.66,26,
2026-07-28T17:36:55.155251,WG,72114633,"$10,232.01","PALO ALTO, CA",07/31 18:00,"ALEXANDRIA, VA",08/3 08:10,"2,795","2,852",NO NOTES,5647,1.81,32,
2026-07-28T18:22:04.439506,WG,72109532,"$2,121.96","FISHERS, IN",07/30 08:00,"ALLENTOWN, PA",07/31 08:00,610,628,NO NOTES,1238,1.71,22,
2026-07-28T18:37:06.737040,SE,72072832,"$3,909.04","EL PASO, TX",08/2 18:30,"RENO, NV",08/3 22:00,"1,807","1,199",BASEBALL EQ PCS & WGT MAY VARIE . MAY NEED TO ASSIST IN LOADING/UNLOADING,3006,1.30,12,
2026-07-28T19:02:00.130812,SE,72084569,"$2,586.55","TACOMA, WA",08/2 19:00,"WEST SACRAMENTO, CA",08/3 11:51,"2,863",722,BASEBALL EQ/ PCS & WGT VARY/ MAY HAVE TO ASSIST WITH LOADING/UNLOADING,3585,0.72,2,
2026-07-28T20:01:56.085724,SE,72084306,"$2,279.95","JACKSONVILLE, FL",08/2 20:00,"MEMPHIS, TN",08/3 11:42,474,668,NO NOTES,1142,2.00,30,
2026-07-28T20:07:54.466966,WG,72115207,"$1,104.11","PETERSBURG, VA",07/30 09:00,"WILMINGTON, NC",07/30 15:19,139,227,NO NOTES,366,3.02,57,
2026-07-28T22:08:48.178949,SE,72059831,"$3,795.06","OKLAHOMA CITY, OK",08/2 22:00,"SOUTH JORDAN, UT",08/4 01:12,"1,195","1,208","OKL2SO:BASEBALL EQUIPMENT/ DRIVER MAY BE REQUESTED TO HELP WITH LOADING/UNLOADING/PCS,WT MAY VARY",2403,1.58,20,
2026-07-28T23:01:54.369079,SE,72078126,"$3,939.74","TACOMA, WA",08/2 23:00,"LAS VEGAS, NV",08/4 00:54,"2,863","1,147",BASEBALL EQ PCS & WEIGHT WILL VARY/ MAY HAVE TO HELP WITH LOADING/UNLOADING EQUIPMENT,4010,0.98,3,
2026-07-28T23:36:49.748460,SE,72082115,"$3,702.43","OKLAHOMA CITY, OK",08/2 23:30,"LAS VEGAS, NV",08/4 01:00,"1,195","1,128",L1131164: DRIVER MAY BE REQUESTED TO HELP WITH LOADING/UNLOADING.,2323,1.59,20,
2026-07-29T06:49:30.271889,WG,72115238,$738.69,"BALTIMORE, MD",07/29 07:00,"GAITHERSBURG, MD",07/29 09:23,309,42,NO NOTES,351,2.10,31,
2026-07-29T07:22:56.112761,SE,72115240,$968.41,"SOCIAL CIRCLE, GA",07/29 09:00,"FLOYD, VA",07/29 18:21,376,369,NO NOTES,745,1.30,9,
2026-07-29T07:29:07.777335,WG,72115241,"$2,119.34","PAULSBORO, NJ",07/30 13:00,"SAINT ALBANS, VT",07/31 08:00,393,413,"MUST BE SIGNED FOR BY CRAIG VANDEVARD, JOHN BERNARD OR D. GOSLAN",806,2.63,47,
2026-07-29T07:36:35.897731,WG,72061115,"$1,183.32","LOUISVILLE, KY",08/3 07:30,"LA VERGNE, TN",08/3 14:23,540,183,NO NOTES,723,1.64,19,
2026-07-29T08:01:57.656449,WG,72111613,"$1,065.17","LOUISVILLE, KY",08/3 08:00,"LOUISVILLE, KY",08/3 08:00,540,0,L1068563: YOU MUST HAVE ALL OF YOUR USEABLE SPACE AVAILABLE. PLEASE ENSURE PERSONAL BELONGINGS ARE STOWED APPROPRIATELY.,540,1.97,28,
2026-07-29T08:02:01.420693,WG,72113878,"$1,191.09","GROVE CITY, OH",08/3 08:00,"WHITESTOWN, IN",08/3 14:00,451,198,"PR2297: IF PALLET JACK REQUESTED NEED TO MAKE SURE IT'S ACCESSIBLE TO OFFLOAD TRK. DRIVERS MAY NEED TO OFFLOAD TRK TO DOCK AT DELIVERIES, ESPECIALLY NC AND FL.",649,1.84,24,
2026-07-29T08:02:32.387789,SE,72115004,"$3,873.61","ANDOVER, MA",08/3 08:00,"NEW IBERIA, LA",08/4 20:54,716,"1,664",NO NOTES,2380,1.63,21,
2026-07-29T08:07:57.307079,WG,72115245,"$1,156.97","INDIANAPOLIS, IN",07/30 08:00,"NORTH CHICAGO, IL",07/30 15:30,612,228,"ORDER NOTE: GOING TO ABBVIE BLDG AP32, CONTACT DOUGLAS NELSON 847-937-7854",840,1.38,11,
2026-07-29T08:08:00.329065,WG,72115194,"$1,425.72","EAST GREENBUSH, NY",07/30 08:00,"ALLENTOWN, PA",07/31 07:59,637,223,DOCK HIGH / SEALABLE / DEDICATED TRUCK REQUIRED - VANS ARE NOT ACCEPTABLE.,860,1.66,20,
2026-07-29T08:36:59.864508,WG,72115221,"$8,381.76","BOSTON, MA",08/2 07:00,"AUSTIN, TX",08/4 10:30,706,"1,955",NO NOTES,2661,3.15,68,
2026-07-29T08:37:10.653743,WG,72114957,"$3,104.66","ALLENTOWN, PA",08/3 08:30,"BROOKS, KY",08/4 10:00,435,660,NO NOTES,1095,2.84,54,
2026-07-29T09:02:14.422994,WG,72113743,"$1,395.97","ALLENTOWN, PA",08/3 09:00,"RENSSELAER, NY",08/3 15:08,435,218,NO NOTES,653,2.14,33,
2026-07-29T09:02:17.545452,WG,72115248,"$1,384.18","BLOOMINGTON, IN",08/3 09:00,"SPENCERVILLE, OH",08/3 14:41,631,197,NO NOTES,828,1.67,20,
2026-07-29T09:02:21.160243,WG,72113760,"$1,460.86","PHILADELPHIA, PA",08/3 09:00,"RENSSELAER, NY",08/3 15:07,415,217,NO NOTES,632,2.31,38,
2026-07-29T09:02:23.851925,WG,72102688,"$2,736.22","LA VERGNE, TN",08/3 09:00,"FAIRFIELD, NJ",08/4 05:03,513,872,"CORD11: TRUCK MUST HAVE FULL AMOUNT OF USABLE SPACE FOR THE TRUCK SIZE REQUESTED, 20FT OF USABLE SPACE, 12FT OF USABLE SPACE, 53FT OF USABLE SPACE.",1385,1.98,30,
2026-07-29T09:02:34.647862,SE,72114654,$636.20,"HOUSTON, TX",07/29 13:34,"FORT WORTH, TX",07/30 09:00,"1,188",249,NO NOTES,1437,0.44,1,
2026-07-29T09:08:34.610771,WG,72114906,"$1,124.35","FISHERS, IN",08/3 09:00,"BLOOMINGTON, IN",08/3 12:05,606,75,NO NOTES,681,1.65,19,
2026-07-29T09:08:43.082015,WG,72115213,"$1,825.27","CALEDONIA, MI",08/3 09:00,"BLOOMINGTON, IN",08/4 08:00,762,322,NO NOTES,1084,1.68,21,
2026-07-29T09:15:15.270905,WG,72115258,"$5,861.83","LOGAN, UT",07/31 13:00,"NORTHBOROUGH, MA",08/3 08:00,"2,115","2,338",NO NOTES,4453,1.32,14,
2026-07-29T09:29:23.534896,WG,72115225,"$1,047.44","MOORESTOWN, NJ",07/31 10:00,"FREDERICK, MD",07/31 14:56,414,162,NO NOTES,576,1.82,24,
2026-07-29T09:29:32.425180,WG,72115277,"$6,540.79","LOGAN, UT",07/31 15:00,"NORTHBOROUGH, MA",08/3 20:30,"2,115","2,338",NO NOTES,4453,1.47,19,
2026-07-29T09:30:10.296538,SE,72115196,"$1,023.93","CLINTON, TN",07/30 08:00,"CHARLOTTE, NC",07/30 15:01,359,260,NO NOTES,619,1.65,19,
2026-07-29T09:36:44.663570,WG,72060337,"$2,164.18","LOUISVILLE, KY",08/3 09:30,"OLIVE BRANCH, MS",08/4 07:00,540,382,"TVAL 36-46 C SP 40 C, DRIVER SECURE, NON HAZ PHARMACEUTICALS",922,2.35,40,
2026-07-29T10:00:33.590586,WG,72115232,"$1,841.59","GREENVILLE, NC",07/29 14:00,"RAHWAY, NJ",07/30 08:00,106,492,NO NOTES,598,3.08,60,
2026-07-29T10:01:36.928606,WG,72115231,"$1,619.90","ALLENTOWN, PA",08/3 08:00,"WILSON, NC",08/4 08:00,435,428,NO NOTES,863,1.88,26,
2026-07-29T10:02:27.008717,WG,72113228,"$5,737.64","OKLAHOMA CITY, OK",08/3 10:00,"TORRANCE, CA",08/4 16:15,"1,194","1,344",NO NOTES,2538,2.26,40,
2026-07-29T10:03:14.937367,SE,72115256,"$3,396.48","GLENWOOD, IL",08/3 10:00,"NEW YORK, NY",08/4 09:00,756,787,NO NOTES,1543,2.20,37,
2026-07-29T10:08:01.414462,WG,72115263,"$1,356.51","WEST DEPTFORD, NJ",07/30 08:00,"CHANTILLY, VA",07/30 15:16,393,154,20FT TRUCK / NO TEMP / 2 PALLETS / 800 LBS / 48X48X40,547,2.48,43,
2026-07-29T10:22:04.577268,WG,72115261,"$1,005.45","BOONE, IA",07/30 09:00,"ORANGE CITY, IA",07/30 14:18,"1,111",179,NO NOTES,1290,0.78,1,
2026-07-29T10:22:24.990115,WG,72115278,$987.28,"ALLENTOWN, PA",07/30 15:00,"WILMINGTON, MA",07/31 08:00,435,317,NO NOTES,752,1.31,10,
2026-07-29T10:30:22.197198,SE,72115265,"$1,417.01","PLANO, TX",07/30 18:30,"JACKSON, MO",07/31 09:32,"1,179",613,MUST HOLD 10 PALLETS,1792,0.79,1,
2026-07-29T10:30:25.526225,SE,72115266,"$4,455.76","HOUSTON, TX",07/31 09:00,"KENT, WA",08/3 12:00,"1,174","2,388",DEL TO PACIFIC GATEWAY BUILDING 5 POC IS KYLE STEWART 812-584-3408,3562,1.25,11,
2026-07-29T10:49:55.401808,WG,72115270,"$3,559.14","KANSAS CITY, MO",07/30 12:00,"SOUDERTON, PA",07/31 13:38,"1,047","1,135",NO NOTES,2182,1.63,21,
2026-07-29T11:01:46.754739,WG,72115209,"$8,435.00","LA VERGNE, TN",08/3 11:00,"SAN DIEGO, CA",08/5 08:08,871,"2,051",NO NOTES,2922,2.89,60,
2026-07-29T11:01:49.827930,WG,72102676,$952.31,"LA VERGNE, TN",08/3 11:00,"MEMPHIS, TN",08/3 16:58,871,210,UP TO 6 PALLETS,1081,0.88,1,
2026-07-29T11:02:01.496254,SE,72115273,"$1,965.42","CHILLICOTHE, IL",07/29 15:30,"KNOXVILLE, TN",07/30 08:00,908,586,NO NOTES,1494,1.32,10,
2026-07-29T11:09:27.196568,SE,72109963,"$5,863.10","SCOTTSDALE, AZ",08/3 11:00,"HERNDON, VA",08/5 12:42,"2,391","2,266",NO NOTES,4657,1.26,12,
2026-07-29T11:28:49.776633,WG,72115297,$998.84,"MICHIGAN CITY, IN",07/30 09:00,"EVANSTON, IL",07/30 12:03,738,73,NO NOTES,811,1.23,7,
2026-07-29T11:29:46.172934,SE,72115234,"$3,341.64","CHATTANOOGA, TN",07/30 10:00,"NEW BRUNSWICK, NJ",07/31 10:00,807,795,NO NOTES,1602,2.09,33,
2026-07-29T11:35:44.018070,WG,72115285,$834.05,"LOCKBOURNE, OH",07/30 08:30,"LOUISVILLE, KY",07/30 14:35,527,216,TRUCK MUST HAVE A MINIMUM OF 1/2 TANK OF GAS AT TIME OF PICK UP AND MUST HAVE A PADLOCK FOR TRAILER. TRUCK MAY NOT STOP WITHIN 200 MILES RADIUS OF PICK UP POINT. DRIVER MUST FOLLOW ALL OTHER SHIRE TL SECURITY PROTOCOLS. PLEASE INQUIRE IF YOU NEED FURTHER EXPLANATION OF SECURITY REQUIREMENTS.,743,1.12,4,
2026-07-29T11:36:41.621077,WG,72115243,"$2,613.37","BLOOMINGTON, IN",08/3 11:30,"OVERLAND PARK, KS",08/4 11:30,756,480,NO NOTES,1236,2.11,33,
2026-07-29T11:43:17.677017,WG,72115304,"$8,234.49","SAN DIEGO, CA",07/31 11:00,"BEDFORD, NH",08/3 08:30,"2,800","3,062",NO NOTES,5862,1.40,19,
2026-07-29T11:57:28.124910,WG,72115317,$980.01,"MALVERN, PA",07/31 09:00,"RARITAN, NJ",07/31 12:00,89,65,00046768: ALL TEMP CONTROL LOADS MUST BE TVAL,154,6.36,71,
2026-07-29T11:57:33.897174,WG,72115318,$980.01,"MALVERN, PA",07/31 09:15,"RARITAN, NJ",07/31 12:30,89,65,00046768: ALL TEMP CONTROL LOADS MUST BE TVAL,154,6.36,71,
2026-07-29T11:57:36.905885,WG,72115319,$768.67,"MALVERN, PA",07/31 09:30,"PINE BROOK, NJ",07/31 13:15,89,95,00046768: ALL TEMP CONTROL LOADS MUST BE TVAL,184,4.18,71,
2026-07-29T12:02:17.038350,WG,72114951,"$1,890.09","BLOOMINGTON, IN",08/3 12:00,"MOUNT PROSPECT, IL",08/4 09:00,756,260,NO NOTES,1016,1.86,26,
2026-07-29T12:09:09.002989,WG,72115125,"$9,201.43","SHEPHERDSVILLE, KY",08/3 12:00,"SANTA FE SPRINGS, CA",08/5 11:30,745,"2,103",BAX5100: MUST HAVE TEAM DRIVERS FOR ALL RUNS NO MATTER WHAT THE MILEAGE IS.,2848,3.23,71,
2026-07-29T12:09:11.447595,WG,72115081,$952.17,"SAN DIEGO, CA",08/3 12:00,"LA VERNE, CA",08/3 16:00,"2,800",106,DRIVERS WILL NEED TO PRINT WAYBILL TO PRESENT AT PICKUP,2906,0.33,1,
2026-07-29T12:16:09.334482,SE,72115301,"$1,500.19","WOONSOCKET, RI",07/30 07:00,"DOWNINGTOWN, PA",07/30 15:09,217,313,NO NOTES,530,2.83,52,
2026-07-29T12:30:09.891536,SE,72115291,$984.94,"CLINTON, TN",07/30 08:00,"LOCKBOURNE, OH",07/31 07:00,717,346,NO NOTES,1063,0.93,1,
2026-07-29T12:35:45.337129,WG,72115314,"$1,593.99","INDIANAPOLIS, IN",07/30 09:30,"CONCORD, NC",07/31 08:00,713,587,"L1218217: TRAILER MUST BE EMPTY AND NO PERSONAL ITEMS, OR PALLET JACK, SECUREMENT ITEMS ONLY",1300,1.23,8,
2026-07-29T12:35:51.866516,WG,72115312,"$2,177.47","ROCKFORD, IL",07/30 14:00,"LA VERGNE, TN",07/31 11:00,878,560,"CORD11: TRUCK MUST HAVE FULL AMOUNT OF USABLE SPACE FOR THE TRUCK SIZE REQUESTED, 20FT OF USABLE SPACE, 12FT OF USABLE SPACE, 53FT OF USABLE SPACE.",1438,1.51,16,
2026-07-29T12:36:31.381968,WG,72115283,"$3,556.34","ROANOKE, TX",08/3 10:00,"CARSON, CA",08/4 17:50,"1,568","1,426","FOR NOVEMBER 27TH, 2024, OUR DOCK HOURS WILL BE 6AM-12PM PST FOR HAZMAT.",2994,1.19,8,
2026-07-29T12:37:03.138452,SE,72115322,"$1,340.28","BILLERICA, MA",07/30 07:30,"FAIRFIELD, NJ",07/30 14:00,244,233,NO NOTES,477,2.81,52,
2026-07-29T13:01:47.771834,WG,72115134,"$2,789.63","SHEPHERDSVILLE, KY",08/3 13:00,"DOTHAN, AL",08/4 09:00,745,538,BAX5100: MUST HAVE TEAM DRIVERS FOR ALL RUNS NO MATTER WHAT THE MILEAGE IS.,1283,2.17,35,
2026-07-29T13:02:06.441042,SE,72115328,$757.71,"LACONIA, NH",07/30 12:30,"NORTHBOROUGH, MA",07/30 16:15,314,106,NO NOTES,420,1.80,23,
2026-07-29T13:08:25.689144,WG,72113986,"$5,450.55","INDIANAPOLIS, IN",08/3 13:00,"VISTA, CA",08/5 11:15,710,"2,104",NO NOTES,2814,1.94,31,
2026-07-29T13:14:44.190312,WG,72115362,"$3,126.66","EAST GREENBUSH, NY",07/30 09:00,"FISHERS, IN",07/31 08:00,170,793,NO NOTES,963,3.25,66,
2026-07-29T13:37:04.646314,SE,72115315,"$1,372.49","GREENSBORO, NC",07/29 14:00,"NASHVILLE, TN",07/30 11:30,531,460,NO NOTES,991,1.38,12,
2026-07-29T13:37:12.496952,SE,72115364,$966.71,"ROCHESTER, NH",07/30 11:00,"MONTPELIER, VT",07/30 15:46,305,154,NO NOTES,459,2.11,32,
2026-07-29T13:50:09.042462,WG,72115365,"$1,055.10","MADISON, AL",08/3 11:00,"ASHEVILLE, NC",08/3 19:45,920,341,NO NOTES,1261,0.84,1,
2026-07-29T14:00:41.029050,WG,72115374,"$1,923.18","SPOONER, WI",07/29 19:06,"BOLINGBROOK, IL",07/30 08:00,"1,192",392,"HAZ FRT HAZ CLASS 1.4B DETONATORS, ELECTRIC, FOR BLASTING LATEST PU IS 1500 LOCAL",1584,1.21,8,
2026-07-29T14:01:12.879566,WG,72115393,"$1,179.44","EAST GREENBUSH, NY",08/3 08:00,"ALLENTOWN, PA",08/3 13:30,170,223,DOCK HIGH / SEALABLE / DEDICATED TRUCK REQUIRED - VANS ARE NOT ACCEPTABLE.,393,3.00,57,
2026-07-29T14:01:33.420795,WG,72115400,$741.27,"ELIZABETH, NJ",08/3 10:00,"PHILADELPHIA, PA",08/3 16:00,9,90,NO NOTES,99,7.49,71,
2026-07-29T14:02:01.588259,WG,72102604,"$1,750.76","LA VERGNE, TN",08/3 14:00,"RALEIGH, NC",08/4 08:00,871,522,"CORD11: TRUCK MUST HAVE FULL AMOUNT OF USABLE SPACE FOR THE TRUCK SIZE REQUESTED, 20FT OF USABLE SPACE, 12FT OF USABLE SPACE, 53FT OF USABLE SPACE.",1393,1.26,9,
2026-07-29T14:02:04.582605,WG,72115326,"$1,144.50","MIDDLETOWN, VA",08/3 14:00,"ROCHESTER, NY",08/4 08:00,285,385,NO NOTES,670,1.71,21,
2026-07-29T14:02:07.243994,WG,72102664,"$1,949.99","LA VERGNE, TN",08/3 14:00,"MONROEVILLE, PA",08/4 08:00,871,587,"CORD11: TRUCK MUST HAVE FULL AMOUNT OF USABLE SPACE FOR THE TRUCK SIZE REQUESTED, 20FT OF USABLE SPACE, 12FT OF USABLE SPACE, 53FT OF USABLE SPACE.",1458,1.34,11,
2026-07-29T14:02:40.658948,SE,72114291,$894.12,"ROCHESTER, NY",08/3 14:00,"MOOSIC, PA",08/3 20:00,336,212,NO NOTES,548,1.63,18,
2026-07-29T14:08:05.999335,WG,72115397,"$5,711.68","SPARKS, NV",07/31 14:00,"MEMPHIS, TN",08/3 09:30,"2,680","2,120",NO NOTES,4800,1.19,10,
2026-07-29T14:08:59.792553,WG,72114989,"$8,904.31","LOUISVILLE, KY",08/3 14:00,"TRACY, CA",08/5 20:43,735,"2,423",NO NOTES,3158,2.82,59,
2026-07-29T14:14:52.185239,WG,72115405,"$2,778.28","PHILADELPHIA, PA",07/30 14:00,"INDIANAPOLIS, IN",07/31 08:00,61,671,NO NOTES,732,3.80,72,
2026-07-29T14:14:55.501413,WG,72115406,"$2,500.81","PHILADELPHIA, PA",07/30 15:00,"INDIANAPOLIS, IN",07/31 08:00,61,671,NO NOTES,732,3.42,70,
2026-07-29T14:21:55.967809,WG,72114372,"$6,066.41","GRESHAM, OR",07/30 11:00,"COLORADO SPRINGS, CO",07/31 16:32,"2,883","1,318",NO NOTES,4201,1.44,18,
2026-07-29T14:23:03.598235,WG,72115351,"$1,363.61","BROWNSBURG, IN",08/3 09:00,"KANSAS CITY, MO",08/4 09:00,717,485,NO NOTES,1202,1.13,5,
2026-07-29T14:37:23.855104,WG,72095755,"$3,392.24","GLENCOE, MN",08/3 14:30,"BRANCHBURG, NJ",08/4 18:12,"1,255","1,232",FRT IS PIG SKINS/TVAL/TEAM DRIVERS/BE PREPARED TO DELIVER STRAIGHT THRU,2487,1.36,13,
2026-07-29T15:01:59.065074,WG,72102697,"$1,763.55","LA VERGNE, TN",08/3 15:00,"MOUNT PROSPECT, IL",08/4 07:00,871,516,UP TO 6 PALLETS,1387,1.27,9,
2026-07-29T15:02:02.552747,WG,72113802,"$1,294.55","MOUNT VERNON, IN",08/3 15:00,"OLIVE BRANCH, MS",08/4 02:00,863,302,PLEASE BE IN RANGE WHEN YOU ARRIVE AT SHIPPER**SET POINT 5C,1165,1.11,4,
2026-07-29T15:02:05.826405,WG,72114961,$937.91,"DEVENS, MA",08/3 15:00,"NEW BRUNSWICK, NJ",08/4 08:00,226,241,BRCOAR: TRAILER MUST BE EMPTY OUTSIDE OF EQUIPMENT NEEDED TO SECURE. NO PLYWOOD IN TRAILER FLOORS ON REEFER LOADS.,467,2.01,29,
2026-07-29T15:02:08.507867,WG,72113928,"$2,021.37","MEMPHIS, TN",08/3 15:00,"CANFIELD, OH",08/4 08:32,"1,084",754,"L1228142: TRACTOR SHIPMENTS MUST BE ABLE TO ACCOMODATE 26 PALLETS, NEED TO HAVE 53' OF SPACE, NO PALLET JACKS",1838,1.10,4,
2026-07-29T15:02:11.480588,WG,72113801,"$1,294.55","MOUNT VERNON, IN",08/3 15:00,"OLIVE BRANCH, MS",08/4 02:00,863,302,PLEASE BE IN RANGE WHEN YOU ARRIVE AT SHIPPER**SET POINT 5C,1165,1.11,4,
2026-07-29T15:02:13.833121,WG,72112524,"$2,074.81","SHEPHERDSVILLE, KY",08/3 15:00,"NEWARK, DE",08/4 08:00,745,678,SHIPPER WILL HAVE AN ESCORT TRUCK FOLLOW FOR FIRST 100 MILES.OR THE WHOLE TRIP;CONF #:,1423,1.46,15,
2026-07-29T15:15:06.612294,WG,72115417,"$1,855.15","HARMANS, MD",08/3 09:00,"EAST GREENBUSH, NY",08/4 08:00,183,345,NO NOTES,528,3.51,72,
2026-07-29T15:15:22.839340,WG,72115354,"$3,967.96","BOCA RATON, FL",08/3 13:00,"LA VERGNE, TN",08/4 09:30,"1,225",855,ORDER NOTE: APPOINTMENT CONFIRMATION# 47970679 (830AM),2080,1.91,29,
2026-07-29T15:15:27.691908,WG,72115418,$860.84,"CARY, NC",08/3 14:00,"RALEIGH, NC",08/3 15:34,490,21,NO NOTES,511,1.68,20,
2026-07-29T15:23:15.300909,WG,72114748,"$1,046.86","RICHLAND, MS",08/3 15:15,"MEMPHIS, TN",08/3 21:15,"1,187",207,NO NOTES,1394,0.75,1,
2026-07-29T15:29:51.995478,WG,72115438,"$3,083.02","CALEDONIA, MI",08/3 15:00,"TITUSVILLE, NJ",08/4 08:07,743,734,NO NOTES,1477,2.09,33,
2026-07-29T15:50:05.502960,WG,72115426,"$1,930.78","BLOOMINGTON, IN",08/3 09:00,"ROCKFORD, IL",08/3 17:15,758,318,NO NOTES,1076,1.79,24,
2026-07-29T15:50:31.589637,WG,72115428,"$1,270.54","SHEPHERDSVILLE, KY",08/3 13:00,"LA VERGNE, TN",08/4 07:00,745,171,BAX5100: MUST HAVE TEAM DRIVERS FOR ALL RUNS NO MATTER WHAT THE MILEAGE IS.,916,1.39,12,
2026-07-29T15:58:10.772044,SE,72115430,"$2,962.69","ROCKLEDGE, FL",07/30 08:00,"KALAMAZOO, MI",07/31 12:19,"1,077","1,261",NO NOTES,2338,1.27,10,
2026-07-29T16:01:27.499878,WG,72115427,"$1,464.14","SHEPHERDSVILLE, KY",08/3 13:00,"LA VERGNE, TN",08/4 07:00,745,171,BAX5100: MUST HAVE TEAM DRIVERS FOR ALL RUNS NO MATTER WHAT THE MILEAGE IS.,916,1.60,18,
2026-07-29T16:02:01.513321,WG,72111088,$956.97,"LA VERGNE, TN",08/3 16:00,"COLLIERVILLE, TN",08/4 09:00,871,219,"CORD11: TRUCK MUST HAVE FULL AMOUNT OF USABLE SPACE FOR THE TRUCK SIZE REQUESTED, 20FT OF USABLE SPACE, 12FT OF USABLE SPACE, 53FT OF USABLE SPACE.",1090,0.88,1,
2026-07-29T16:02:03.923878,WG,72111069,$964.22,"LA VERGNE, TN",08/3 16:00,"OLIVE BRANCH, MS",08/4 09:00,871,233,"CORD11: TRUCK MUST HAVE FULL AMOUNT OF USABLE SPACE FOR THE TRUCK SIZE REQUESTED, 20FT OF USABLE SPACE, 12FT OF USABLE SPACE, 53FT OF USABLE SPACE.",1104,0.87,1,
2026-07-29T16:21:51.894387,WG,72115434,$812.10,"TRENTON, NJ",07/31 10:30,"PHILADELPHIA, PA",07/31 12:35,39,28,NO NOTES,67,12.12,71,
2026-07-29T16:37:05.470727,SE,72115014,"$2,069.40","EL PASO, TX",07/29 17:00,"HOUSTON, TX",07/30 09:54,"2,171",724,SMITH53: DRIVERS WILL BE REQUIRED AND ASKED TO PROVIDE CELL PHONE #'S TO CUSTOMER. DRIVERS WHO ACCEPT THE LOAD AND THEN REFUSE TO COMPLY SHOULD UNDERSTAND THAT THEY WILL BE REMOVED FROM THE SHIPMENT,2895,0.71,2,
2026-07-29T17:02:15.665736,WG,72111064,$932.11,"LA VERGNE, TN",08/3 17:00,"SHEPHERDSVILLE, KY",08/4 07:00,871,171,"CORD11: TRUCK MUST HAVE FULL AMOUNT OF USABLE SPACE FOR THE TRUCK SIZE REQUESTED, 20FT OF USABLE SPACE, 12FT OF USABLE SPACE, 53FT OF USABLE SPACE.",1042,0.89,1,
2026-07-29T17:02:18.781798,WG,72115378,"$1,720.00","SANTA ANA, CA",08/3 17:00,"FREMONT, CA",08/4 10:30,"2,768",399,NO NOTES,3167,0.54,1,
2026-07-29T17:02:21.532928,WG,72113102,"$2,239.91","LOCKBOURNE, OH",08/3 17:00,"OLIVE BRANCH, MS",08/4 09:00,527,594,IC7875: ENSURE THAT YOU HAVE THE ENTIRE BOL FILLED OUT AT THIS LOCATION.,1121,2.00,30,
2026-07-29T17:02:23.978479,WG,72115136,"$2,354.72","SHEPHERDSVILLE, KY",08/3 17:00,"WARRENDALE, PA",08/4 08:00,745,417,BAX5100: MUST HAVE TEAM DRIVERS FOR ALL RUNS NO MATTER WHAT THE MILEAGE IS.,1162,2.03,31,
2026-07-29T17:09:10.228730,WG,72114901,"$4,576.94","BROOKS, KY",08/3 17:00,"SANTA BARBARA, CA",08/5 17:15,740,"2,198",NO NOTES,2938,1.56,20,
2026-07-29T17:09:20.990867,WG,72112922,"$6,791.72","ROANOKE, TX",08/3 17:00,"SUNNYVALE, CA",08/5 11:00,"1,568","1,661","FOR NOVEMBER 27TH, 2024, OUR DOCK HOURS WILL BE 6AM-12PM PST FOR HAZMAT.",3229,2.10,37,
2026-07-29T17:09:23.720218,WG,72112637,"$1,559.53","BROOKS, KY",08/3 17:00,"OLIVE BRANCH, MS",08/4 08:59,740,377,IC7875: ENSURE THAT YOU HAVE THE ENTIRE BOL FILLED OUT AT THIS LOCATION.,1117,1.40,12,
2026-07-29T17:09:26.141883,WG,72115327,"$1,720.00","SANTA ANA, CA",08/3 17:00,"FREMONT, CA",08/4 10:30,"2,768",399,NO NOTES,3167,0.54,1,
2026-07-29T17:56:45.694705,WG,72115480,$842.10,"LOCKBOURNE, OH",07/31 08:00,"CHARLESTOWN, IN",07/31 14:01,527,213,BAX5100: MUST HAVE TEAM DRIVERS FOR ALL RUNS NO MATTER WHAT THE MILEAGE IS.,740,1.14,4,
2026-07-29T18:00:35.190621,WG,72114316,$454.45,"MANCHESTER, PA",07/30 10:00,"KNOXVILLE, TN",07/31 08:00,162,558,"GSCOCT: ALL LOADS WITH DRIVER SECURE PROGRAM MUST BE TEAM DRIVERS, NO SOLO DRIVERS. MUST BE 3/4 FUELED PRIOR TO PICKUP ARRIVAL.",720,0.63,1,
2026-07-29T18:02:16.954214,WG,72113874,"$2,065.38","GROVE CITY, OH",08/3 18:00,"BURR RIDGE, IL",08/4 08:00,530,330,ORDER NOTE: DRIVER UNLOAD,860,2.40,41,
2026-07-29T18:02:19.732680,WG,72102655,"$6,478.30","LA VERGNE, TN",08/3 18:00,"REDLANDS, CA",08/5 13:45,871,"1,986",ORDER NOTE: FDCC TO CONTACT 909-796-7171 TO CONFIRM DELIVERY DATE/TIME.,2857,2.27,41,
2026-07-29T19:02:18.437022,WG,72110780,"$1,891.84","BROOKS, KY",08/3 19:00,"DOTHAN, AL",08/4 09:00,740,543,IC7875: ENSURE THAT YOU HAVE THE ENTIRE BOL FILLED OUT AT THIS LOCATION.,1283,1.47,15,
2026-07-29T19:02:20.904515,WG,72110371,"$1,970.13","LA VERGNE, TN",08/3 19:00,"CANFIELD, OH",08/4 08:26,871,561,"CORD11: TRUCK MUST HAVE FULL AMOUNT OF USABLE SPACE FOR THE TRUCK SIZE REQUESTED, 20FT OF USABLE SPACE, 12FT OF USABLE SPACE, 53FT OF USABLE SPACE.",1432,1.38,12,
2026-07-29T19:08:54.284866,WG,72112563,$983.65,"BROOKS, KY",08/3 19:00,"PATASKALA, OH",08/4 08:00,740,237,IC7875: ENSURE THAT YOU HAVE THE ENTIRE BOL FILLED OUT AT THIS LOCATION.,977,1.01,1,
2026-07-29T19:08:57.412636,WG,72114398,"$2,503.36","KERNERSVILLE, NC",08/3 19:00,"PANAMA CITY, FL",08/4 13:49,518,704,DO NOT ARRIVE MORE THAN 30 MINS PRIOR TO SCHEDULED PICKUP TIME,1222,2.05,32,
2026-07-29T19:28:24.325166,WG,72115193,$979.04,"CINCINNATI, OH",07/30 10:00,"BROOKS, KY",07/30 14:04,621,121,TRUCK MUST BE AT REQUIRED TEMPERATURE PRIOR TO ARRIVAL,742,1.32,10,
2026-07-29T20:09:09.616587,WG,72112568,"$1,145.65","BROOKS, KY",08/3 20:00,"LA VERGNE, TN",08/4 07:00,740,176,IC7875: ENSURE THAT YOU HAVE THE ENTIRE BOL FILLED OUT AT THIS LOCATION.,916,1.25,8,
2026-07-30T07:01:56.907013,WG,72107533,$929.77,"BROOKS, KY",08/4 07:00,"WEST CHESTER, OH",08/4 11:19,740,133,NO NOTES,873,1.07,3,
2026-07-30T07:57:14.125104,WG,72115493,"$1,435.74","GRAFTON, WI",08/3 11:30,"INDIANAPOLIS, IN",08/4 04:38,913,305,NO NOTES,1218,1.18,6,
2026-07-30T08:00:36.616263,WG,72115498,"$3,952.79","TITUSVILLE, FL",07/31 08:01,"WEBSTER, TX",08/3 09:00,"1,056","1,002",NO NOTES,2058,1.92,29,
2026-07-30T08:01:44.495646,WG,72115519,"$2,117.29","SCHENECTADY, NY",08/3 14:00,"WEST MIFFLIN, PA",08/4 07:00,175,470,NO NOTES,645,3.28,66,
2026-07-30T08:03:06.952419,WG,72113191,"$1,067.48","LOUISVILLE, KY",08/4 08:00,"LA VERGNE, TN",08/4 15:45,735,182,NO NOTES,917,1.16,5,
2026-07-30T08:03:12.494504,WG,72111614,"$1,158.60","LOUISVILLE, KY",08/4 08:00,"LOUISVILLE, KY",08/4 08:00,735,0,L1068563: YOU MUST HAVE ALL OF YOUR USEABLE SPACE AVAILABLE. PLEASE ENSURE PERSONAL BELONGINGS ARE STOWED APPROPRIATELY.,735,1.58,17,
2026-07-30T08:03:18.777755,WG,72112273,"$1,245.01","LOCKBOURNE, OH",08/4 08:00,"BROOKS, KY",08/4 14:12,527,221,NO NOTES,748,1.66,20,
2026-07-30T08:07:37.101338,WG,72115501,$715.71,"TRENTON, NJ",07/31 11:00,"HORSHAM, PA",07/31 13:13,39,34,NO NOTES,73,9.80,71,
2026-07-30T08:23:23.497710,SE,72115508,"$2,677.22","CHESTER, NY",07/30 11:00,"CINCINNATI, OH",07/31 02:08,72,641,NO NOTES,713,3.75,72,
2026-07-30T08:30:24.873351,SE,72115448,"$4,274.25","CINCINNATI, OH",08/3 09:00,"EDWARDS, CA",08/5 11:00,625,"2,127","IT IS PREFERRED THAT THE DRIVER BE A US CITIZEN WITH ALL PROPER ID IN HAND. IF DRIVER IS NOT A US CITIZEN THEY MUST HAVE A VALID DRIVER'S LICENSE, GREEN CARD, PASSPORT AND ALL PROPER ID IN HAND. FAILURE TO PROVIDE ALL PROPER ID WILL RESULT IN DRIVER BEING TURNED AWAY AT THE GATE.",2752,1.55,19,
2026-07-30T08:49:49.916216,WG,72115510,"$2,425.69","LOGAN, UT",08/3 10:00,"BOTHELL, WA",08/4 11:00,"2,162",793,NO NOTES,2955,0.82,2,
2026-07-30T08:56:30.296983,WG,72115541,"$1,168.95","MORRISVILLE, NC",07/31 09:30,"WILMINGTON, NC",07/31 14:01,488,142,NO NOTES,630,1.86,25,
2026-07-30T09:08:57.158378,WG,72115010,"$1,376.08","BLOOMINGTON, IN",08/4 09:00,"BLOOMINGTON, IN",08/4 10:31,760,1,NO NOTES,761,1.81,24,
2026-07-30T09:08:59.561774,WG,72115239,"$3,308.29","CALEDONIA, MI",08/4 09:00,"ALLENTOWN, PA",08/5 08:00,739,667,NO NOTES,1406,2.35,41,
2026-07-30T09:28:49.042900,WG,72115525,"$5,568.99","SAN DIEGO, CA",08/3 10:00,"LA VERGNE, TN",08/5 09:00,"2,804","2,051",NO NOTES,4855,1.15,9,
2026-07-30T09:36:53.955567,WG,72110847,"$1,229.84","PATASKALA, OH",08/4 09:30,"JEFFERSONVILLE, IN",08/4 15:48,513,226,NO NOTES,739,1.66,20,
2026-07-30T09:57:07.068547,WG,72115548,"$4,885.28","EDEN PRAIRIE, MN",08/3 10:00,"EAST GREENBUSH, NY",08/4 13:58,"1,211","1,244",NO NOTES,2455,1.99,32,
2026-07-30T10:02:09.960311,WG,72114811,"$4,437.77","FORT WORTH, TX",08/4 10:00,"RENO, NV",08/5 22:22,"1,579","1,639","L1163385: TRAILERS MUST BE CLEAN, EMPTY, DRY, FREE OF STRUCTURAL DAMAGE AND NO ODORS FROM PRIOR FREIGHT. MUST HAVE TWO LOAD LOCKS IN EACH TRAILER AND FUEL TANKS 3/4 FULL PRIOR TO PICKUP ARRIVAL.",3218,1.38,15,
2026-07-30T10:02:14.371650,WG,72113694,"$4,026.19","BLOOMINGTON, IN",08/4 10:00,"RENSSELAER, NY",08/5 08:00,762,839,NO NOTES,1601,2.51,46,
2026-07-30T10:09:12.379373,WG,72115359,"$3,411.13","GREENVILLE, NC",08/4 10:00,"GREENVILLE, NC",08/6 08:00,493,864,"GSCOCT: ALL LOADS WITH DRIVER SECURE PROGRAM MUST BE TEAM DRIVERS, NO SOLO DRIVERS. MUST BE 3/4 FUELED PRIOR TO PICKUP ARRIVAL.",1357,2.51,45,
2026-07-30T10:09:15.507318,WG,72114932,$957.42,"LOUISVILLE, KY",08/4 10:00,"LOUISVILLE, KY",08/4 12:05,739,1,NO NOTES,740,1.29,9,
2026-07-30T10:14:57.724764,WG,72115558,"$3,488.54","BLOOMINGTON, IN",08/3 09:00,"ALLENTOWN, PA",08/4 00:52,762,676,NO NOTES,1438,2.43,43,
2026-07-30T10:21:30.117101,WG,72113488,"$2,966.58","RENSSELAER, NY",07/30 11:00,"PLAINFIELD, IN",07/31 08:00,155,804,NO NOTES,959,3.09,61,
2026-07-30T10:44:05.535860,WG,72100840,"$2,663.93","SHEPHERDSVILLE, KY",08/4 10:30,"MONTCLAIR, CA",08/6 08:05,750,"2,072",NO NOTES,2822,0.94,2,
2026-07-30T10:57:54.112460,WG,72115361,"$3,352.84","GREENVILLE, NC",08/4 10:50,"GREENVILLE, NC",08/6 10:47,724,864,"GSCOCT: ALL LOADS WITH DRIVER SECURE PROGRAM MUST BE TEAM DRIVERS, NO SOLO DRIVERS. MUST BE 3/4 FUELED PRIOR TO PICKUP ARRIVAL.",1588,2.11,34,
2026-07-30T11:01:50.733511,WG,72115528,"$5,397.34","CLEARWATER, FL",08/4 09:00,"WOODSTOCK, IL",08/5 13:12,"1,022","1,255",NO NOTES,2277,2.37,43,
2026-07-30T11:02:10.050358,WG,72112135,"$4,626.58","TEMPE, AZ",08/4 11:00,"CARROLLTON, TX",08/5 11:09,"1,681","1,065",NO NOTES,2746,1.68,23,
2026-07-30T11:02:12.800871,WG,72115098,"$1,225.33","DEVENS, MA",08/4 11:00,"ELIZABETH, NJ",08/4 18:00,944,223,NO NOTES,1167,1.05,2,
2026-07-30T11:02:15.200640,WG,72114374,"$1,841.40","SHEPHERDSVILLE, KY",08/4 11:00,"BURR RIDGE, IL",08/5 09:00,146,325,BAX5100: MUST HAVE TEAM DRIVERS FOR ALL RUNS NO MATTER WHAT THE MILEAGE IS.,471,3.91,72,
2026-07-30T11:02:17.955298,WG,72115513,"$3,615.24","BLOOMINGTON, IN",08/4 11:00,"WHIPPANY, NJ",08/5 10:00,47,748,NO NOTES,795,4.55,73,
2026-07-30T11:07:25.576132,WG,72115345,"$7,822.86","SAN DIEGO, CA",07/31 13:00,"BIRMINGHAM, AL",08/3 09:00,"2,081","1,997",NO NOTES,4078,1.92,33,
2026-07-30T11:08:48.917880,WG,72115553,"$1,782.89","FLORENCE, SC",08/4 10:00,"CINCINNATI, OH",08/5 08:00,708,596,NO NOTES,1304,1.37,12,
2026-07-30T11:15:06.338155,WG,72115565,"$1,173.41","MOUNT VERNON, IN",08/3 14:00,"OLIVE BRANCH, MS",08/4 09:00,181,306,BRCOAR: TRAILER MUST BE EMPTY OUTSIDE OF EQUIPMENT NEEDED TO SECURE. NO PLYWOOD IN TRAILER FLOORS ON REEFER LOADS.,487,2.41,40,
2026-07-30T11:15:33.209991,WG,72115568,"$3,525.78","SHEPHERDSVILLE, KY",08/3 16:00,"SHREVEPORT, LA",08/4 09:04,146,732,BAX5100: MUST HAVE TEAM DRIVERS FOR ALL RUNS NO MATTER WHAT THE MILEAGE IS.,878,4.02,73,
2026-07-30T11:37:09.056268,WG,72114919,"$3,122.15","BARTLETT, TN",08/4 11:30,"WARRENDALE, PA",08/5 08:00,445,765,NO NOTES,1210,2.58,47,
2026-07-30T11:37:17.463118,SE,72115563,"$3,228.48","KANSAS CITY, KS",07/31 14:00,"LEOMINSTER, MA",08/3 08:00,479,"1,412",NO NOTES,1891,1.71,23,
2026-07-30T11:49:39.480368,WG,72115555,$860.13,"NORCROSS, GA",07/30 15:00,"ATHENS, GA",07/30 17:38,551,54,NO NOTES,605,1.42,12,
2026-07-30T12:02:34.437268,WG,72115544,"$2,994.51","BLOOMINGTON, IN",08/4 12:00,"ALLENTOWN, PA",08/5 08:00,47,674,NO NOTES,721,4.15,73,
2026-07-30T12:08:10.901839,WG,72115569,"$3,184.81","LA VERGNE, TN",08/3 14:00,"SAN ANTONIO, TX",08/4 11:47,315,954,NO NOTES,1269,2.51,45,
2026-07-30T12:23:38.823318,SE,72115556,"$2,235.77","ANDOVER, MA",07/31 13:00,"KALAMAZOO, MI",08/3 08:00,965,916,NO NOTES,1881,1.19,7,
2026-07-30T12:30:31.366169,SE,72115571,"$5,990.48","SAN DIEGO, CA",07/31 11:00,"DANBURY, CT",08/3 10:00,"2,084","2,873",NO NOTES,4957,1.21,11,
2026-07-30T12:35:39.926278,WG,72115530,"$2,223.58","MECHANICSBURG, PA",07/31 12:00,"MILLBURN, NJ",08/2 09:00,557,163,NO NOTES,720,3.09,60,
2026-07-30T12:49:45.864772,WG,72115600,"$1,164.42","CALEDONIA, MI",08/3 11:00,"NORTH CHICAGO, IL",08/3 17:31,277,236,NO NOTES,513,2.27,36,
2026-07-30T13:01:08.331478,WG,72115605,"$1,229.04","BEDFORD, NH",08/3 13:00,"SYRACUSE, NY",08/4 07:00,987,286,NO NOTES,1273,0.97,1,
2026-07-30T13:02:28.466178,WG,72115606,"$4,454.18","SHEPHERDSVILLE, KY",08/4 12:00,"HOUSTON, TX",08/5 09:27,737,938,BAX5100: MUST HAVE TEAM DRIVERS FOR ALL RUNS NO MATTER WHAT THE MILEAGE IS.,1675,2.66,50,
2026-07-30T13:02:31.527088,WG,72110358,"$2,480.24","LA VERGNE, TN",08/4 13:00,"OMAHA, NE",08/5 09:00,863,760,"CORD11: TRUCK MUST HAVE FULL AMOUNT OF USABLE SPACE FOR THE TRUCK SIZE REQUESTED, 20FT OF USABLE SPACE, 12FT OF USABLE SPACE, 53FT OF USABLE SPACE.",1623,1.53,17,
2026-07-30T13:07:43.152390,WG,72115608,"$3,170.91","EAST GREENBUSH, NY",08/3 09:00,"FISHERS, IN",08/4 08:00,808,793,NO NOTES,1601,1.98,30,
2026-07-30T13:09:20.950583,WG,72115371,"$1,819.59","HOBART, NY",08/4 13:00,"WILLIAMSON, WV",08/5 06:00,153,671,NO NOTES,824,2.21,35,
2026-07-30T13:09:39.723511,SE,72115287,"$7,232.89","CHANTILLY, VA",08/4 13:00,"RIDGECREST, CA",08/7 11:00,248,"2,626",NO NOTES,2874,2.52,49,
2026-07-30T13:15:44.172088,WG,72115610,"$3,150.65","OLIVE BRANCH, MS",08/4 09:00,"HORSHAM, PA",08/5 08:30,474,"1,034",NO NOTES,1508,2.09,33,
2026-07-30T13:16:17.878635,SE,72115584,"$5,007.81","LEMONT FURNACE, PA",07/31 11:00,"HUNTINGTON BEACH, CA",08/3 11:00,401,"2,460",NO NOTES,2861,1.75,25,
2026-07-30T13:23:45.865838,SE,72115612,$687.91,"BOSTON, MA",08/3 09:00,"BOSTON, MA",08/3 13:00,959,54,CSAFE RKN SHIPMENT TO PICK UP FREIGHT. WILL NEED TO FOLLOW SHIPPER ORIGIN INSTRUCTIONS AT ALL LOCATIONS. INSTRUCTIONS WILL BE EMAILED TO YOU,1013,0.68,1,
2026-07-30T13:37:18.141422,SE,72115614,"$4,534.25","MANSFIELD, TX",07/30 17:00,"BRAMPTON, ON",08/1 02:45,926,"1,446",ORDER NOTE: PICK UP NUMBER IS 8110193271- SHIPPER IS OPEN 24 HOURS,2372,1.91,30,
2026-07-30T13:44:27.297505,SE,72115588,"$5,458.24","SAN DIEGO, CA",08/3 12:00,"STERLING, VA",08/6 08:00,"2,098","2,690",NO NOTES,4788,1.14,9,
2026-07-30T13:49:43.176104,WG,72115590,$920.01,"WEST SACRAMENTO, CA",08/3 12:00,"SOUTH SAN FRANCISCO, CA",08/3 15:26,"2,179",91,NO NOTES,2270,0.41,1,
2026-07-30T14:02:04.019467,WG,72107718,"$1,805.98","SAINT PAUL, MN",08/4 14:00,"LIBERTYVILLE, IL",08/5 09:00,"1,172",371,PALLET COUNT MAY BE FROM 1-8 PALLETS,1543,1.17,6,
2026-07-30T14:02:07.127581,WG,72110304,"$3,274.92","LA VERGNE, TN",08/4 14:00,"LUBBOCK, TX",08/5 14:00,863,"1,044","CORD11: TRUCK MUST HAVE FULL AMOUNT OF USABLE SPACE FOR THE TRUCK SIZE REQUESTED, 20FT OF USABLE SPACE, 12FT OF USABLE SPACE, 53FT OF USABLE SPACE.",1907,1.72,23,
2026-07-30T14:08:03.040341,WG,72115534,"$2,035.76","SAINT LOUIS, MO",08/3 12:30,"LEXINGTON, VA",08/4 08:00,234,686,NO NOTES,920,2.21,36,
2026-07-30T14:09:16.745616,WG,72115531,"$4,214.60","SHEPHERDSVILLE, KY",08/4 14:00,"FARMINGDALE, NY",08/5 08:33,737,802,BAX5100: MUST HAVE TEAM DRIVERS FOR ALL RUNS NO MATTER WHAT THE MILEAGE IS.,1539,2.74,52,
2026-07-30T14:09:24.243743,WG,72114161,$796.79,"CARY, NC",08/4 14:00,"RALEIGH, NC",08/4 16:25,503,20,NO NOTES,523,1.52,15,
2026-07-30T14:14:39.577350,WG,72115616,"$1,549.16","SAINT LOUIS, MO",08/3 09:30,"CARTERSVILLE, GA",08/3 21:58,234,516,NO NOTES,750,2.07,31,
2026-07-30T14:14:42.024736,WG,72115537,"$2,657.43","SAINT LOUIS, MO",08/3 10:00,"FORT COLLINS, CO",08/4 06:38,234,900,NO NOTES,1134,2.34,40,
2026-07-30T14:14:49.006773,WG,72115617,"$2,042.96","SAINT LOUIS, MO",08/3 12:00,"HOUSTON, TX",08/4 08:00,234,777,NO NOTES,1011,2.02,30,
2026-07-30T14:16:24.415383,SE,72115589,$540.89,"UPTON, KY",07/31 08:00,"FRANKLIN, KY",07/31 11:05,186,75,NO NOTES,261,2.07,30,
2026-07-30T14:23:23.589889,SE,72115619,$821.64,"LAFAYETTE, IN",07/31 08:00,"DEARBORN, MI",07/31 15:17,59,272,NO NOTES,331,2.48,42,
2026-07-30T14:50:57.467798,WG,72115639,"$3,174.27","EAST GREENBUSH, NY",08/4 09:00,"CALEDONIA, MI",08/5 08:00,808,774,NO NOTES,1582,2.01,31,
2026-07-30T14:51:57.190311,SE,72115671,"$2,017.69","SKOKIE, IL",07/30 19:00,"GRIFFIN, GA",07/31 13:01,197,777,NO NOTES,974,2.07,32,
2026-07-30T14:58:09.430269,WG,72115681,"$2,641.11","KALAMAZOO, MI",08/4 13:00,"CHERRY HILL, NJ",08/5 08:00,677,686,NO NOTES,1363,1.94,29,
2026-07-30T15:02:19.553931,WG,72115623,"$2,752.41","CAMARILLO, CA",08/4 12:00,"BOULDER, CO",08/5 14:43,"2,806","1,085",NO NOTES,3891,0.71,2,
2026-07-30T15:02:39.667748,WG,72102722,"$3,480.04","LA VERGNE, TN",08/4 15:00,"MILFORD, MA",08/5 15:27,863,"1,079","CORD11: TRUCK MUST HAVE FULL AMOUNT OF USABLE SPACE FOR THE TRUCK SIZE REQUESTED, 20FT OF USABLE SPACE, 12FT OF USABLE SPACE, 53FT OF USABLE SPACE.",1942,1.79,25,
2026-07-30T15:02:42.744907,WG,72112861,"$3,005.60","LA VERGNE, TN",08/4 15:00,"SAN ANTONIO, TX",08/5 12:47,863,954,"CORD11: TRUCK MUST HAVE FULL AMOUNT OF USABLE SPACE FOR THE TRUCK SIZE REQUESTED, 20FT OF USABLE SPACE, 12FT OF USABLE SPACE, 53FT OF USABLE SPACE.",1817,1.65,21,
2026-07-30T15:02:46.371096,WG,72112470,"$1,712.37","BROOKS, KY",08/4 15:00,"KERNERSVILLE, NC",08/5 08:00,732,472,NO NOTES,1204,1.42,13,
2026-07-30T15:02:49.269249,WG,72110308,"$1,913.20","LA VERGNE, TN",08/4 15:00,"CORAOPOLIS, PA",08/5 08:00,863,575,"CORD11: TRUCK MUST HAVE FULL AMOUNT OF USABLE SPACE FOR THE TRUCK SIZE REQUESTED, 20FT OF USABLE SPACE, 12FT OF USABLE SPACE, 53FT OF USABLE SPACE.",1438,1.33,11,
2026-07-30T15:02:51.968226,WG,72112469,"$1,712.37","BROOKS, KY",08/4 15:00,"KERNERSVILLE, NC",08/5 08:00,732,472,NO NOTES,1204,1.42,13,
2026-07-30T15:02:54.677021,WG,72115348,"$2,233.83","MADISON, AL",08/4 15:00,"NEWARK, DE",08/5 09:41,912,808,ORDER NOTE: THIS SHIPMENT CAN BE MOVED IN A SPRINTER OR CARGO VAN.,1720,1.30,10,
2026-07-30T15:03:19.303308,SE,72115621,"$2,429.64","CHATTANOOGA, TN",08/4 15:00,"WILSON, NC",08/5 09:00,799,518,NO NOTES,1317,1.84,26,
2026-07-30T15:07:34.156735,WG,72115628,"$1,013.69","SOUTH HAVEN, MI",08/3 08:00,"INDIANAPOLIS, IN",08/3 13:52,213,206,NO NOTES,419,2.42,41,
2026-07-30T15:09:36.260796,WG,72115625,"$6,810.61","BROOKS, KY",08/4 15:00,"MONTCLAIR, CA",08/6 12:28,732,"2,067",IC7875: ENSURE THAT YOU HAVE THE ENTIRE BOL FILLED OUT AT THIS LOCATION.,2799,2.43,46,
2026-07-30T15:09:53.154012,WG,72109972,"$1,096.70","LOUISVILLE, KY",08/4 15:00,"GROVEPORT, OH",08/4 20:00,727,217,NO NOTES,944,1.16,5,
2026-07-30T15:14:50.729838,WG,72115629,"$6,109.78","CRAWFORD, MS",08/3 09:00,"YUMA, AZ",08/5 11:00,565,"1,732",NO NOTES,2297,2.66,52,
2026-07-30T15:29:08.727478,WG,72115630,"$1,516.96","LA VERGNE, TN",08/3 15:00,"CHARLOTTE, NC",08/4 01:05,315,404,NO NOTES,719,2.11,32,
2026-07-30T15:29:22.275009,WG,72115641,"$1,779.24","LA VERGNE, TN",08/3 16:00,"CHICAGO, IL",08/4 03:55,315,490,NO NOTES,805,2.21,35,
2026-07-30T15:30:11.209389,WG,72115631,$813.80,"MINNEAPOLIS, MN",08/4 10:00,"MINNEAPOLIS, MN",08/4 13:38,592,30,NO NOTES,622,1.31,9,
2026-07-30T15:30:31.451785,WG,72115574,"$7,831.34","SHEPHERDSVILLE, KY",08/4 13:00,"CHANDLER, AZ",08/6 11:00,737,"1,740",BAX5100: MUST HAVE TEAM DRIVERS FOR ALL RUNS NO MATTER WHAT THE MILEAGE IS.,2477,3.16,68,
2026-07-30T15:31:17.157315,SE,72115595,"$2,695.88","DEER PARK, TX",07/31 15:00,"STOCKTON, UT",08/2 10:00,"1,012","1,535",NO NOTES,2547,1.06,4,
2026-07-30T15:31:27.553519,SE,72115632,$644.97,"SAN ANTONIO, TX",08/3 11:00,"HUMBLE, TX",08/3 17:14,"1,170",223,"ORDER NOTE: COMMODITY: EMPTY SHIPPING CONTAINER, AWB# 020-07719515",1393,0.46,1,
2026-07-30T15:37:03.985683,WG,72115618,"$1,383.30","ALLENTOWN, PA",08/4 09:00,"RENSSELAER, NY",08/4 12:00,641,218,NO NOTES,859,1.61,18,
2026-07-30T15:38:20.651971,WG,72110771,"$2,970.59","PATASKALA, OH",08/4 15:30,"OVERLAND PARK, KS",08/5 08:15,500,694,NO NOTES,1194,2.49,44,
2026-07-30T15:38:23.417860,WG,72112281,"$1,245.01","BROOKS, KY",08/4 15:30,"GROVEPORT, OH",08/4 22:00,732,221,NO NOTES,953,1.31,10,
2026-07-30T15:39:05.776095,SE,72115642,$687.91,"BOSTON, MA",08/4 09:00,"BOSTON, MA",08/4 14:00,959,54,NO NOTES,1013,0.68,1,
2026-07-30T16:00:47.922965,WG,72114699,"$3,043.03","MALVERN, PA",08/3 10:30,"MEMPHIS, TN",08/4 11:21,644,"1,027",NO NOTES,1671,1.82,26,
2026-07-30T16:02:55.431158,WG,72102873,"$1,946.92","LA VERGNE, TN",08/4 16:00,"LENEXA, KS",08/5 09:00,863,586,"CORD11: TRUCK MUST HAVE FULL AMOUNT OF USABLE SPACE FOR THE TRUCK SIZE REQUESTED, 20FT OF USABLE SPACE, 12FT OF USABLE SPACE, 53FT OF USABLE SPACE.",1449,1.34,11,
2026-07-30T16:02:58.601982,WG,72115452,"$2,394.34","LOCKBOURNE, OH",08/4 16:00,"ROCKFORD, IL",08/5 09:00,519,419,NO NOTES,938,2.55,46,
2026-07-30T16:03:01.302699,WG,72102852,"$5,555.17","LA VERGNE, TN",08/4 16:00,"LAS VEGAS, NV",08/6 07:55,863,"1,806","CORD11: TRUCK MUST HAVE FULL AMOUNT OF USABLE SPACE FOR THE TRUCK SIZE REQUESTED, 20FT OF USABLE SPACE, 12FT OF USABLE SPACE, 53FT OF USABLE SPACE.",2669,2.08,35,
2026-07-30T16:23:38.167791,WG,72115711,"$7,680.72","SHEPHERDSVILLE, KY",08/4 15:00,"TEMPE, AZ",08/6 05:15,737,"1,728",BAX5100: MUST HAVE TEAM DRIVERS FOR ALL RUNS NO MATTER WHAT THE MILEAGE IS.,2465,3.12,66,
2026-07-30T16:31:00.838993,SE,72115689,"$5,102.49","DALLAS, NC",07/30 20:00,"CHATSWORTH, CA",08/3 11:00,578,"2,414",NO NOTES,2992,1.71,24,
2026-07-30T16:37:44.209391,WG,72062686,"$1,279.02","LOUISVILLE, KY",08/4 16:30,"OLIVE BRANCH, MS",08/5 09:00,727,381,DRIVER NEEDS TO REFERENCE DELIVERY# 232733997 AT PICKUP,1108,1.15,5,
2026-07-30T17:03:19.332458,WG,72102861,"$2,308.59","LA VERGNE, TN",08/4 17:00,"FLOWER MOUND, TX",08/5 09:28,863,704,"CORD11: TRUCK MUST HAVE FULL AMOUNT OF USABLE SPACE FOR THE TRUCK SIZE REQUESTED, 20FT OF USABLE SPACE, 12FT OF USABLE SPACE, 53FT OF USABLE SPACE.",1567,1.47,15,
2026-07-30T17:03:34.447172,SE,72115724,"$1,126.41","BATESVILLE, MS",07/30 20:15,"CINCINNATI, OH",07/31 10:00,514,550,NO NOTES,1064,1.06,3,
2026-07-30T17:09:38.079903,WG,72112741,"$1,080.77","BROOKS, KY",08/4 17:00,"COLUMBUS, OH",08/5 09:00,732,219,IC7875: ENSURE THAT YOU HAVE THE ENTIRE BOL FILLED OUT AT THIS LOCATION.,951,1.14,5,
2026-07-30T17:29:53.184082,WG,72113969,"$3,978.98","MOUNT VERNON, IN",08/4 11:00,"TEMPE, AZ",08/6 12:00,855,"1,684",PLEASE ARRIVE AT PICKUP IN RANGE**SET POINT 5C,2539,1.57,19,
2026-07-30T17:31:09.477078,SE,72115648,$550.16,"DALLAS, TX",07/31 09:00,"HASLET, TX",07/31 11:05,872,28,NO NOTES,900,0.61,1,
2026-07-30T17:38:19.308990,SE,72115776,"$3,806.90","SEAL BEACH, CA",07/31 11:00,"HAZELWOOD, MO",08/3 14:30,"2,067","1,833",ORDER NOTE: DRIVERS WILL REQUIRE TO GO THROUGH BOEING INSPECTION AT ENTRACE GATE. U.S. CITIZENS REQUIRED.,3900,0.98,3,
2026-07-30T17:38:24.431368,SE,72115743,"$2,816.94","INDIANAPOLIS, IN",08/3 07:00,"OCALA, FL",08/4 07:30,20,912,NO NOTES,932,3.02,59,
2026-07-30T17:42:25.033902,WG,72115715,$950.24,"HOPEWELL, VA",07/31 07:00,"CHANTILLY, VA",07/31 11:15,661,130,NO NOTES,791,1.20,6,
2026-07-30T17:51:35.149028,WG,72115780,"$9,070.23","SHEPHERDSVILLE, KY",08/4 16:00,"MONTCLAIR, CA",08/6 13:35,737,"2,072",BAX5100: MUST HAVE TEAM DRIVERS FOR ALL RUNS NO MATTER WHAT THE MILEAGE IS.,2809,3.23,71,
2026-07-30T17:52:05.197743,SE,72115742,"$4,432.67","HOUSTON, TX",07/31 10:00,"KENT, WA",08/3 12:00,"1,031","2,388",NO NOTES,3419,1.30,12,
2026-07-30T18:03:09.876889,WG,72111076,"$1,965.81","LA VERGNE, TN",08/4 18:00,"CARY, NC",08/5 08:00,863,529,"CORD11: TRUCK MUST HAVE FULL AMOUNT OF USABLE SPACE FOR THE TRUCK SIZE REQUESTED, 20FT OF USABLE SPACE, 12FT OF USABLE SPACE, 53FT OF USABLE SPACE.",1392,1.41,13,
2026-07-30T18:03:12.713251,WG,72112286,"$1,245.01","BROOKS, KY",08/4 18:00,"LOCKBOURNE, OH",08/5 00:12,732,221,NO NOTES,953,1.31,10,
2026-07-30T18:14:28.476968,WG,72115745,"$2,913.37","SAINT LOUIS, MO",08/3 08:00,"LAREDO, TX",08/4 09:00,234,"1,057",NO NOTES,1291,2.26,38,
2026-07-30T19:02:54.620545,WG,72110367,$956.97,"LA VERGNE, TN",08/4 19:00,"COLLIERVILLE, TN",08/5 09:00,863,219,"CORD11: TRUCK MUST HAVE FULL AMOUNT OF USABLE SPACE FOR THE TRUCK SIZE REQUESTED, 20FT OF USABLE SPACE, 12FT OF USABLE SPACE, 53FT OF USABLE SPACE.",1082,0.88,1,
2026-07-30T19:02:57.637100,WG,72110379,"$2,351.50","LA VERGNE, TN",08/4 19:00,"FORT WORTH, TX",08/5 11:46,863,718,"CORD11: TRUCK MUST HAVE FULL AMOUNT OF USABLE SPACE FOR THE TRUCK SIZE REQUESTED, 20FT OF USABLE SPACE, 12FT OF USABLE SPACE, 53FT OF USABLE SPACE.",1581,1.49,16,
2026-07-30T19:03:00.324242,WG,72112291,"$1,517.10","BROOKS, KY",08/4 19:00,"MEMPHIS, TN",08/5 08:31,732,355,NO NOTES,1087,1.40,12,
2026-07-30T19:31:16.630468,SE,72115792,$671.11,"CHICAGO, IL",07/31 11:00,"OCONOMOWOC, WI",08/3 09:00,182,129,NO NOTES,311,2.16,33,
2026-07-30T20:02:58.908462,WG,72112745,$952.05,"BROOKS, KY",08/4 20:00,"LA VERGNE, TN",08/5 07:00,732,176,IC7875: ENSURE THAT YOU HAVE THE ENTIRE BOL FILLED OUT AT THIS LOCATION.,908,1.05,2,
2026-07-30T20:10:02.618789,SE,72115797,"$4,478.55","LAS VEGAS, NV",07/30 23:00,"DULUTH, GA",08/1 18:52,"1,810","1,992",NO NOTES,3802,1.18,9,
2026-07-30T20:15:50.045924,WG,72115800,"$7,831.34","SHEPHERDSVILLE, KY",08/4 13:00,"CHANDLER, AZ",08/6 11:00,737,"1,740",BAX5100: ALL TAKEDA LOADS THAT ARE TEMP SHOULD BE TVAL,2477,3.16,68,
2026-07-30T20:31:06.569544,SE,72115655,$457.08,"LOUISVILLE, KY",07/31 07:30,"LOUISVILLE, KY",07/31 09:22,130,18,NO NOTES,148,3.09,59,
2026-07-30T23:00:34.271583,WG,72115803,$933.19,"BROOKS, KY",08/3 09:00,"BURR RIDGE, IL",08/3 15:30,141,319,NO NOTES,460,2.03,30,
2026-07-31T07:10:02.147604,WG,72115627,"$3,189.28","LANSING, MI",08/5 07:00,"FLOWERY BRANCH, GA",08/6 08:00,654,797,NO NOTES,1451,2.20,36,
2026-07-31T08:00:55.936808,WG,72115752,"$1,800.90","BLOOMINGTON, IN",08/3 13:00,"SWIFTWATER, PA",08/4 05:28,41,704,NO NOTES,745,2.42,41,
2026-07-31T08:10:14.491429,WG,72114733,"$1,987.75","DULUTH, GA",08/5 08:00,"HARRISBURG, PA",08/6 09:00,841,697,"L1163385: TRAILERS MUST BE CLEAN, EMPTY, DRY, FREE OF STRUCTURAL DAMAGE AND NO ODORS FROM PRIOR FREIGHT. MUST HAVE TWO LOAD LOCKS IN EACH TRAILER AND FUEL TANKS 3/4 FULL PRIOR TO PICKUP ARRIVAL.",1538,1.29,10,
2026-07-31T08:10:17.013266,WG,72111615,"$1,158.60","LOUISVILLE, KY",08/5 08:00,"LOUISVILLE, KY",08/5 08:00,727,0,L1068563: YOU MUST HAVE ALL OF YOUR USEABLE SPACE AVAILABLE. PLEASE ENSURE PERSONAL BELONGINGS ARE STOWED APPROPRIATELY.,727,1.59,18,
2026-07-31T08:10:29.788714,SE,72115812,"$1,598.46","CHICAGO, IL",08/3 08:00,"LENEXA, KS",08/4 08:00,207,528,NO NOTES,735,2.17,34,
2026-07-31T08:38:14.603517,WG,72113999,"$1,042.93","MOUNT VERNON, IN",08/5 08:30,"BROOKS, KY",08/5 13:15,855,153,PLEASE ARRIVE AT PICKUP IN RANGE*SET POINT 5C,1008,1.03,2,
2026-07-31T08:38:17.314467,WG,72115611,$879.43,"INDIANAPOLIS, IN",08/5 08:30,"PLEASANT PRAIRIE, WI",08/5 15:16,704,248,"L1218217: TRAILER MUST BE EMPTY AND NO PERSONAL ITEMS, OR PALLET JACK, SECUREMENT ITEMS ONLY",952,0.92,1,
2026-07-31T09:03:52.091684,WG,72115754,$912.20,"WALKERSVILLE, MD",08/5 09:00,"SUMMIT, NJ",08/5 15:09,222,219,NO NOTES,441,2.07,31,
2026-07-31T09:03:55.542608,WG,72114982,"$1,777.32","INDIANAPOLIS, IN",08/5 09:00,"DURHAM, NC",08/6 08:00,704,611,ALL SHIPMENTS MUST BE DELIVERED TO BUILDING 10,1315,1.35,11,
2026-07-31T09:04:19.752443,SE,72114700,$647.77,"CLEARWATER, FL",08/5 09:00,"KENNEDY SPACE CENTER, FL",08/5 13:49,"1,152",156,"REQ CERTIF.BIRTH CERT,PASSPORT OR NATURALIZED PAPERW. JEFF BOLOGNESE 321-867-6617 OR 321-607-2108 IS POINT FOR BADGING PROCESS AS WELL AS SHIPMENT SCHEDULING AT FACILITY TYPICALLY WILL NEED CELL AND SSN# OF THE DRIVERS. CERTIFICATION OF VACCINATION FORM MAY BE REQUIRED",1308,0.50,1,
2026-07-31T09:07:56.192433,WG,72115755,"$2,123.79","SHEPHERD, TX",08/3 12:00,"ATHENS, GA",08/4 07:35,953,850,NO NOTES,1803,1.18,7,
2026-07-31T09:10:24.799157,WG,72113129,$933.70,"ALLENTOWN, PA",08/5 09:00,"NEWARK, NJ",08/5 15:28,70,84,DELIVERING CREDO FOR PACKING AND RELOADING BEFORE GOING ON TO UNITED,154,6.06,71,
2026-07-31T09:10:28.236882,WG,72115271,"$1,162.72","BOYERS, PA",08/5 09:00,"MANASSAS, VA",08/5 16:42,325,292,NO NOTES,617,1.88,26,
2026-07-31T09:10:58.807895,SE,72115003,"$1,931.39","ASHLAND, OH",08/5 09:00,"LEESBURG, VA",08/6 09:00,458,376,NO NOTES,834,2.32,38,
2026-07-31T09:16:51.406499,WG,72115817,"$1,661.16","GREENVILLE, NC",08/4 15:00,"BETHLEHEM, PA",08/5 08:00,504,474,NO NOTES,978,1.70,21,
2026-07-31T09:24:43.016239,SE,72115819,"$2,764.27","KINGSPORT, TN",08/3 07:30,"CATOOSA, OK",08/5 09:00,597,887,NO NOTES,1484,1.86,27,
2026-07-31T09:29:45.284319,WG,72115820,"$1,479.32","INDIANAPOLIS, IN",08/4 07:00,"INDIANAPOLIS, IN",08/4 17:53,706,371,CSAFE RKN SHIPMENT TO PICK UP FREIGHT. WILL NEED TO FOLLOW SHIPPER ORIGIN INSTRUCTIONS AT ALL LOCATIONS. INSTRUCTIONS WILL BE EMAILED TO YOU TEMP TRUCK SET POINT 5C AND RANGE 2-8C CONTAINER MUST BE IN RANGE FOR FREIGHT TO BE LOADED BATTERY LEVEL MUST BE AT 80% OR GREATER TO DEPART,1077,1.37,12,
2026-07-31T09:35:55.284777,WG,72115858,$952.10,"MIDDLETON, WI",08/3 12:00,"ROCKFORD, IL",08/3 15:18,345,85,NO NOTES,430,2.21,35,
2026-07-31T09:38:23.818387,WG,72110851,"$1,229.84","PATASKALA, OH",08/5 09:30,"JEFFERSONVILLE, IN",08/5 15:48,500,226,NO NOTES,726,1.69,20,
2026-07-31T09:42:24.070175,WG,72115821,"$1,476.05","SCHENECTADY, NY",08/3 07:00,"KITTERY, ME",08/3 13:27,780,233,**MUST HAVE REAL ID**,1013,1.46,14,
2026-07-31T10:04:01.133182,WG,72115564,$849.08,"BLOOMINGTON, IN",08/5 10:00,"INDIANAPOLIS, IN",08/5 12:51,747,64,NO NOTES,811,1.05,2,
2026-07-31T10:04:04.626765,WG,72114671,$830.95,"GREENWOOD, IN",08/5 10:00,"INDIANAPOLIS, IN",08/5 12:07,706,29,NO NOTES,735,1.13,4,
2026-07-31T10:04:48.928561,SE,72115275,"$5,460.43","NEW IBERIA, LA",08/5 10:00,"ANDOVER, MA",08/7 08:00,"1,418","1,660",NO NOTES,3078,1.77,27,
2026-07-31T10:07:30.580854,WG,72115863,"$1,083.17","BOSTON, MA",07/31 15:00,"BOSTON, MA",07/31 16:31,943,1,NO NOTES,944,1.15,5,
2026-07-31T10:10:24.803444,WG,72115279,"$1,994.93","HIGH POINT, NC",08/5 09:59,"CINCINNATI, OH",08/6 08:00,546,440,NO NOTES,986,2.02,30,
2026-07-31T10:10:27.371711,WG,72115784,"$7,063.24","FRANKLIN, TN",08/5 10:00,"CARSON, CA",08/7 11:00,881,"2,020",NO NOTES,2901,2.43,46,
2026-07-31T10:10:35.210995,WG,72112759,$811.75,"COLUMBUS, OH",08/5 10:00,"WEST CHESTER, OH",08/5 11:00,525,92,"BICOCT: TRAILERS MUST BE CLEAN, EMPTY, DRY, FREE OF STRUCTURAL DAMAGE AND NO ODORS FROM PRIOR FREIGHT. MUST HAVE TWO LOAD LOCKS IN EACH TRAILER AND FUEL TANKS 3/4 FULL PRIOR TO PICKUP ARRIVAL. ANY SHIPMENTS WITH VA-Q-TEC CONTAINERS, PLEASE MAKE SURE CONTAINERS ARE OFFLOADED AND COMPLETELY EMPTIED AT DELIVERY BEFORE BEING RELOADED ONTO TRUCK FOR RETURN TO VA-Q-TEC.",617,1.32,9,
2026-07-31T10:15:57.878079,WG,72115864,"$3,632.21","ANDOVER, MA",08/4 10:00,"CHESTERFIELD, MO",08/5 13:17,255,"1,212",NO NOTES,1467,2.48,44,
2026-07-31T10:28:34.944725,WG,72115845,,,,,,,,NO NOTES,,,1,
2026-07-31T10:31:48.777817,SE,72115862,"$2,623.11","IRVING, TX",07/31 14:00,"SCOTTSDALE, AZ",08/1 14:13,878,"1,068",NO NOTES,1946,1.35,12,
2026-07-31T10:49:35.041068,WG,72115868,"$3,264.78","MORRISVILLE, PA",08/3 08:00,"NORCROSS, GA",08/4 08:00,675,796,NO NOTES,1471,2.22,37,
2026-07-31T10:50:08.250629,WG,72115867,"$3,024.51","NORTH CHICAGO, IL",08/3 14:00,"BELLAIRE, TX",08/4 15:32,813,"1,130",MAX BOX LENGTH IS 18FT,1943,1.56,18,
2026-07-31T10:56:35.621269,WG,72115847,"$1,885.42","BREINIGSVILLE, PA",08/3 08:00,"MOUNT VERNON, IN",08/3 11:45,629,781,BRCOAR: TRAILER MUST BE EMPTY OUTSIDE OF EQUIPMENT NEEDED TO SECURE. NO PLYWOOD IN TRAILER FLOORS ON REEFER LOADS.,1410,1.34,11,
2026-07-31T11:02:13.103539,WG,72115825,"$2,764.00","BEDFORD, NH",08/4 13:00,"INDIANAPOLIS, IN",08/5 11:19,276,979,NO NOTES,1255,2.20,36,
2026-07-31T11:03:35.871037,WG,72102959,"$2,585.97","LA VERGNE, TN",08/5 11:00,"TAMPA, FL",08/6 13:07,863,768,"CORD11: TRUCK MUST HAVE FULL AMOUNT OF USABLE SPACE FOR THE TRUCK SIZE REQUESTED, 20FT OF USABLE SPACE, 12FT OF USABLE SPACE, 53FT OF USABLE SPACE.",1631,1.59,19,
2026-07-31T11:03:38.646592,WG,72115347,"$1,215.43","MADISON, AL",08/5 11:00,"ASHEVILLE, NC",08/5 19:45,912,341,NO NOTES,1253,0.97,1,
2026-07-31T11:03:41.401370,WG,72110363,$953.86,"LA VERGNE, TN",08/5 11:00,"MEMPHIS, TN",08/5 17:01,863,213,"CORD11: TRUCK MUST HAVE FULL AMOUNT OF USABLE SPACE FOR THE TRUCK SIZE REQUESTED, 20FT OF USABLE SPACE, 12FT OF USABLE SPACE, 53FT OF USABLE SPACE.",1076,0.89,1,
2026-07-31T11:03:44.101749,WG,72112259,$766.71,"LOCKBOURNE, OH",08/5 11:00,"LOCKBOURNE, OH",08/5 12:31,519,1,NO NOTES,520,1.47,14,
2026-07-31T11:03:46.767474,WG,72114561,"$1,607.04","BROOKS, KY",08/5 11:00,"AURORA, IL",08/6 08:00,732,341,IC7875: ENSURE THAT YOU HAVE THE ENTIRE BOL FILLED OUT AT THIS LOCATION.,1073,1.50,15,
2026-07-31T11:03:49.513614,WG,72113150,"$2,525.57","LOCKBOURNE, OH",08/5 11:00,"DOTHAN, AL",08/6 09:00,519,763,IC7875: ENSURE THAT YOU HAVE THE ENTIRE BOL FILLED OUT AT THIS LOCATION.,1282,1.97,29,
2026-07-31T11:09:50.443627,WG,72115870,$815.74,"PHILADELPHIA, PA",08/5 08:00,"NEW CASTLE, DE",08/5 10:32,75,49,NO NOTES,124,6.58,71,
2026-07-31T11:10:29.908793,WG,72112764,"$2,626.71","COLUMBUS, OH",08/5 11:00,"ORLANDO, FL",08/6 08:00,525,961,"BICOCT: TRAILERS MUST BE CLEAN, EMPTY, DRY, FREE OF STRUCTURAL DAMAGE AND NO ODORS FROM PRIOR FREIGHT. MUST HAVE TWO LOAD LOCKS IN EACH TRAILER AND FUEL TANKS 3/4 FULL PRIOR TO PICKUP ARRIVAL. ANY SHIPMENTS WITH VA-Q-TEC CONTAINERS, PLEASE MAKE SURE CONTAINERS ARE OFFLOADED AND COMPLETELY EMPTIED AT DELIVERY BEFORE BEING RELOADED ONTO TRUCK FOR RETURN TO VA-Q-TEC.",1486,1.77,24,
2026-07-31T11:17:19.855410,WG,72115871,"$2,721.87","PHILADELPHIA, PA",08/5 09:00,"BROOKS, KY",08/6 08:00,75,698,NO NOTES,773,3.52,72,
2026-07-31T11:29:31.268594,WG,72115872,"$1,113.91","LA VERGNE, TN",08/3 19:00,"BROOKS, KY",08/4 06:00,303,176,NO NOTES,479,2.33,38,
2026-07-31T11:29:34.027257,WG,72115849,"$6,481.48","LA VERGNE, TN",08/3 20:00,"MONTCLAIR, CA",08/5 15:46,863,"1,987",NO NOTES,2850,2.27,41,
2026-07-31T11:49:48.175804,WG,72115826,"$2,282.01","NEW BRUNSWICK, NJ",08/3 10:00,"MOUNT VERNON, IN",08/4 09:00,700,852,BRCOAR: TRAILER MUST BE EMPTY OUTSIDE OF EQUIPMENT NEEDED TO SECURE. NO PLYWOOD IN TRAILER FLOORS ON REEFER LOADS.,1552,1.47,15,
2026-07-31T11:56:37.131315,WG,72115878,"$1,927.91","BROWNSBURG, IN",08/3 09:30,"BETHLEHEM, PA",08/4 07:00,19,656,NO NOTES,675,2.86,54,
2026-07-31T11:57:47.204347,WG,72115879,"$9,758.11","SHEPHERDSVILLE, KY",08/4 11:00,"SACRAMENTO, CA",08/6 12:18,737,"2,247",L1244392: TEAM DRIVERS ONLY FOR ALL TAKEDA RUNS,2984,3.27,72,
2026-07-31T12:03:27.370872,WG,72112769,$780.67,"COLUMBUS, OH",08/5 12:00,"PATASKALA, OH",08/5 14:00,525,32,"BICOCT: TRAILERS MUST BE CLEAN, EMPTY, DRY, FREE OF STRUCTURAL DAMAGE AND NO ODORS FROM PRIOR FREIGHT. MUST HAVE TWO LOAD LOCKS IN EACH TRAILER AND FUEL TANKS 3/4 FULL PRIOR TO PICKUP ARRIVAL. ANY SHIPMENTS WITH VA-Q-TEC CONTAINERS, PLEASE MAKE SURE CONTAINERS ARE OFFLOADED AND COMPLETELY EMPTIED AT DELIVERY BEFORE BEING RELOADED ONTO TRUCK FOR RETURN TO VA-Q-TEC.",557,1.40,12,
2026-07-31T12:03:30.487840,WG,72113800,"$1,491.90","MANCHESTER, PA",08/5 12:00,"PATASKALA, OH",08/6 08:26,164,439,PLEASE BE SURE YOU ARE IN RANGE WHEN YOU ARRIVE AT PICKUP**SET POINT 20C,603,2.47,42,
2026-07-31T12:03:33.507242,WG,72102884,"$1,876.42","LA VERGNE, TN",08/5 12:00,"TROY, MI",08/6 09:00,863,563,"CORD11: TRUCK MUST HAVE FULL AMOUNT OF USABLE SPACE FOR THE TRUCK SIZE REQUESTED, 20FT OF USABLE SPACE, 12FT OF USABLE SPACE, 53FT OF USABLE SPACE.",1426,1.32,10,
2026-07-31T12:03:36.929299,WG,72113799,"$2,296.34","MANCHESTER, PA",08/5 12:00,"DOTHAN, AL",08/6 09:26,164,937,PLEASE BE SURE YOU ARE IN RANGE WHEN YOU ARRIVE AT PICKUP**SET POINT 20C,1101,2.09,32,
2026-07-31T12:03:40.235349,WG,72113798,"$2,296.34","MANCHESTER, PA",08/5 12:00,"DOTHAN, AL",08/6 09:26,164,937,PLEASE BE SURE YOU ARE IN RANGE WHEN YOU ARRIVE AT PICKUP**SET POINT 5C,1101,2.09,32,
2026-07-31T12:08:50.434970,WG,72115827,"$1,781.20","SHEPHERDSVILLE, KY",08/4 14:00,"HUNTSVILLE, AL",08/5 09:00,737,261,INSIDE DELIVERY,998,1.78,23,
2026-07-31T12:10:03.563853,WG,72115850,"$2,221.61","SHEPHERDSVILLE, KY",08/5 12:00,"MARIETTA, GA",08/6 08:00,737,388,BAX5100: MUST HAVE TEAM DRIVERS FOR ALL RUNS NO MATTER WHAT THE MILEAGE IS.,1125,1.97,29,
2026-07-31T12:10:30.616373,SE,72115880,"$1,503.44","CASTLE HAYNE, NC",08/1 16:30,"CINCINNATI, OH",08/3 08:00,749,647,NO NOTES,1396,1.08,3,
2026-07-31T12:14:40.781094,WG,72115898,"$1,906.88","WINCHESTER, KY",08/3 13:00,"NEW BRUNSWICK, NJ",08/4 09:00,204,664,NO NOTES,868,2.20,35,
2026-07-31T12:38:30.010054,SE,72115899,"$1,513.65","TAMAQUA, PA",07/31 16:00,"MOUNT CLEMENS, MI",08/1 08:00,635,531,NO NOTES,1166,1.30,10,
2026-07-31T12:41:49.966941,WG,72115885,"$2,586.66","LOUISVILLE, KY",08/2 11:00,"MONTGOMERY, NY",08/3 04:46,124,765,L1068563: YOU MUST HAVE ALL OF YOUR USEABLE SPACE AVAILABLE. PLEASE ENSURE PERSONAL BELONGINGS ARE STOWED APPROPRIATELY.,889,2.91,56,
2026-07-31T12:42:43.718188,WG,72115833,$934.72,"PLAINFIELD, IN",08/4 08:00,"INDIANAPOLIS, IN",08/4 13:10,715,102,NO NOTES,817,1.14,5,
2026-07-31T12:43:28.134184,WG,72115833,$934.72,"PLAINFIELD, IN",08/4 08:00,"INDIANAPOLIS, IN",08/4 13:10,715,102,NO NOTES,817,1.14,5,
2026-07-31T12:57:38.003888,WG,72115911,$882.55,"PHILADELPHIA, PA",08/4 10:00,"SOUDERTON, PA",08/4 12:46,75,33,NO NOTES,108,8.17,71,
2026-07-31T13:03:40.107558,WG,72111398,$784.07,"LA VERNE, CA",08/5 13:00,"MONTCLAIR, CA",08/5 14:41,"2,732",9,NO NOTES,2741,0.29,1,
2026-07-31T13:07:52.789084,WG,72115913,"$1,954.79","LOUISVILLE, KY",08/2 12:00,"BARTLETT, IL",08/3 12:42,124,496,L1068563: YOU MUST HAVE ALL OF YOUR USEABLE SPACE AVAILABLE. PLEASE ENSURE PERSONAL BELONGINGS ARE STOWED APPROPRIATELY.,620,3.15,62,
2026-07-31T13:10:40.517628,WG,72115888,$900.81,"BOSTON, MA",08/5 11:30,"BOSTON, MA",08/5 16:35,248,98,NO NOTES,346,2.60,46,
2026-07-31T13:10:53.959465,WG,72115848,"$2,764.00","BEDFORD, NH",08/5 13:00,"INDIANAPOLIS, IN",08/6 11:19,276,979,NO NOTES,1255,2.20,36,
2026-07-31T13:10:56.357575,WG,72115577,"$1,445.49","SHEPHERDSVILLE, KY",08/5 13:00,"CINCINNATI, OH",08/5 17:22,737,135,BAX5100: MUST HAVE TEAM DRIVERS FOR ALL RUNS NO MATTER WHAT THE MILEAGE IS.,872,1.66,20,
2026-07-31T13:10:59.137744,WG,72115579,"$3,921.17","RENSSELAER, NY",08/5 13:00,"BLOOMINGTON, IN",08/6 08:17,145,836,NO NOTES,981,4.00,73,
2026-07-31T13:11:02.166074,WG,72115869,"$2,764.00","BEDFORD, NH",08/5 13:00,"INDIANAPOLIS, IN",08/6 11:19,276,979,NO NOTES,1255,2.20,36,
2026-07-31T13:11:14.781550,SE,72115836,"$1,936.18","MORRIS, IL",07/31 16:30,"BRAMPTON, ON",08/1 06:56,209,538,ORDER NOTE: PICK UP NUMBER 8110193780,747,2.59,46,
2026-07-31T13:14:33.815397,WG,72115890,"$3,036.51","LOUISVILLE, KY",08/3 08:00,"GALVESTON, TX",08/4 06:36,124,992,L1068563: YOU MUST HAVE ALL OF YOUR USEABLE SPACE AVAILABLE. PLEASE ENSURE PERSONAL BELONGINGS ARE STOWED APPROPRIATELY.,1116,2.72,51,
2026-07-31T13:24:20.692614,SE,72115914,"$2,762.24","FORT WORTH, TX",07/31 15:00,"PEORIA, AZ",08/3 10:00,894,"1,058",FRT RDY NOW AND THE PU CLOSES AT 1500 LOCAL AND WILL NOT STAY OVER 20FT TRUCK-ENCLOSED TRAILER,1952,1.42,14,
2026-07-31T13:36:33.827849,WG,72115835,"$1,126.09","GREENCASTLE, PA",08/4 09:00,"MORRISVILLE, NC",08/4 16:00,212,344,NO NOTES,556,2.03,30,
2026-07-31T13:38:42.058979,SE,72115891,"$2,929.62","MORRIS, IL",07/31 17:00,"MANSFIELD, TX",08/1 13:44,209,904,ORDER NOTE: PICK UP NUMBER,1113,2.63,48,
2026-07-31T14:02:39.619380,WG,72115783,"$1,940.71","ROCKFORD, IL",08/5 07:00,"BROOKS, KY",08/5 16:40,850,395,NO NOTES,1245,1.56,17,
2026-07-31T14:03:28.271850,WG,72111844,$886.20,"MIRA LOMA, CA",08/5 14:00,"SANTA MONICA, CA",08/5 18:31,"2,726",72,"L1145981: IF PICKING UP AT UPS MIRA LOMA, CA PU IS AT DOOR 2132.",2798,0.32,1,
2026-07-31T14:03:30.727680,WG,72102709,"$2,760.22","LA VERGNE, TN",08/5 14:00,"FAIRFIELD, NJ",08/6 10:03,863,872,"CORD11: TRUCK MUST HAVE FULL AMOUNT OF USABLE SPACE FOR THE TRUCK SIZE REQUESTED, 20FT OF USABLE SPACE, 12FT OF USABLE SPACE, 53FT OF USABLE SPACE.",1735,1.59,19,
2026-07-31T14:03:44.329861,SE,72115941,"$2,141.34","FAIRBURN, GA",07/31 16:00,"EDMOND, OK",08/1 11:40,551,854,NO NOTES,1405,1.52,16,
2026-07-31T14:21:37.715037,WG,72115895,"$2,237.11","SAINT PETERSBURG, FL",08/3 09:00,"GREENVILLE, NC",08/4 08:00,"1,006",702,NEED 10 SKIDS SPOTS FULL 20FT OF SPACE,1708,1.31,11,
2026-07-31T14:23:38.659933,WG,72115789,"$6,911.45","AUSTIN, TX",08/5 08:00,"BEACON, NY",08/7 08:00,"1,715","1,783",NO NOTES,3498,1.98,33,
2026-07-31T14:23:51.012936,WG,72115896,"$2,917.39","SAINT PETERSBURG, FL",08/5 09:00,"PHILADELPHIA, PA",08/6 09:17,"1,148","1,071",NO NOTES,2219,1.31,11,
2026-07-31T14:44:53.516617,WG,72115950,"$2,966.03","SHEPHERDSVILLE, KY",08/5 11:00,"WOBURN, MA",08/6 09:19,737,979,BAX5100: MUST HAVE TEAM DRIVERS FOR ALL RUNS NO MATTER WHAT THE MILEAGE IS.,1716,1.73,23,
2026-07-31T14:49:28.650543,WG,72115959,"$1,024.97","WEST DEPTFORD, NJ",08/3 09:00,"MIDDLESEX, NJ",08/3 12:15,657,83,NO NOTES,740,1.39,12,
2026-07-31T14:50:23.378446,WG,72115960,"$1,987.23","CHICAGO, IL",08/4 12:00,"LA VERGNE, TN",08/5 08:00,767,495,"CORD11: TRUCK MUST HAVE FULL AMOUNT OF USABLE SPACE FOR THE TRUCK SIZE REQUESTED, 20FT OF USABLE SPACE, 12FT OF USABLE SPACE, 53FT OF USABLE SPACE.",1262,1.57,18,
2026-07-31T15:00:46.213693,WG,72115961,$772.19,"CARY, NC",08/3 14:00,"RALEIGH, NC",08/3 15:00,624,20,NO NOTES,644,1.20,6,
2026-07-31T15:03:20.823017,WG,72115398,"$1,101.97","MADISON, AL",08/5 15:00,"CINCINNATI, OH",08/6 09:00,912,403,NO NOTES,1315,0.84,1,
2026-07-31T15:03:23.318290,WG,72112268,"$1,474.91","LOCKBOURNE, OH",08/5 15:00,"OLIVE BRANCH, MS",08/6 08:00,519,594,NO NOTES,1113,1.33,10,
2026-07-31T15:03:25.988459,WG,72115945,"$2,099.63","SPRINGBORO, OH",08/5 15:00,"LENOIR, NC",08/6 08:00,593,442,NO NOTES,1035,2.03,31,
2026-07-31T15:03:28.665267,WG,72111080,"$7,469.16","LA VERGNE, TN",08/5 15:00,"SAN LEANDRO, CA",08/7 17:22,863,"2,297","CORD11: TRUCK MUST HAVE FULL AMOUNT OF USABLE SPACE FOR THE TRUCK SIZE REQUESTED, 20FT OF USABLE SPACE, 12FT OF USABLE SPACE, 53FT OF USABLE SPACE.",3160,2.36,45,
2026-07-31T15:03:47.214255,SE,72115638,"$2,051.14","CHATTANOOGA, TN",08/5 15:00,"SEYMOUR, IN",08/6 09:00,799,361,NO NOTES,1160,1.77,23,
2026-07-31T15:10:00.283925,WG,72115852,"$1,845.98","SHEPHERDSVILLE, KY",08/5 15:00,"LENEXA, KS",08/6 09:00,737,544,BAX5100: MUST HAVE TEAM DRIVERS FOR ALL RUNS NO MATTER WHAT THE MILEAGE IS.,1281,1.44,14,
2026-07-31T15:14:55.003465,WG,72115965,$950.16,"CONROE, TX",08/4 05:00,"ROANOKE, TX",08/4 11:00,983,247,"CORD11: TRUCK MUST HAVE FULL AMOUNT OF USABLE SPACE FOR THE TRUCK SIZE REQUESTED, 20FT OF USABLE SPACE, 12FT OF USABLE SPACE, 53FT OF USABLE SPACE.",1230,0.77,1,
2026-07-31T15:16:19.926995,WG,72115964,"$1,993.53","MOORESTOWN, NJ",08/5 10:30,"CLEVELAND, OH",08/6 08:00,80,437,NO NOTES,517,3.86,72,
2026-07-31T15:24:24.229045,SE,72115967,$382.35,"FORT WAYNE, IN",07/31 19:00,"ERLANGER, KY",07/31 23:54,128,160,NO NOTES,288,1.33,9,
2026-07-31T15:51:11.686412,WG,72115969,"$3,364.75","HARRISBURG, PA",08/5 09:30,"SHREVEPORT, LA",08/6 13:53,146,"1,264",L1233585: BE SURE THAT YOUR PREVENTIVE MAINTANANCE IS UP TO DATE BEFORE PICKING UP. IF THE FREIGHT IS PICKIING UP OR DELIVERING TO UPS HEALTHCARE GO TO THE BUILDING FOR ASTELLAS AT DOOR PD123,1410,2.39,42,
2026-07-31T15:51:46.434987,WG,72115971,$969.30,"SHEPHERDSVILLE, KY",08/5 13:00,"GROVEPORT, OH",08/5 19:18,737,226,L1233585: BE SURE THAT YOUR PREVENTIVE MAINTANANCE IS UP TO DATE BEFORE PICKING UP. IF THE FREIGHT IS PICKIING UP OR DELIVERING TO UPS HEALTHCARE GO TO THE BUILDING FOR ASTELLAS AT DOOR PD123,963,1.01,1,
2026-07-31T15:58:50.466463,WG,72115974,"$3,083.39","OLIVE BRANCH, MS",08/5 13:00,"PAULSBORO, NJ",08/6 11:55,"1,081","1,007",NO NOTES,2088,1.48,16,
2026-07-31T16:00:34.142585,WG,72115972,"$7,077.47","WALKERSVILLE, MD",08/3 08:15,"NEWBURY PARK, CA",08/5 18:05,222,"2,648",NO NOTES,2870,2.47,47,
2026-07-31T16:01:24.608055,WG,72115957,"$5,475.72","SAN DIEGO, CA",08/4 11:00,"ROCKFORD, IL",08/6 09:30,"2,791","2,010",NO NOTES,4801,1.14,9,
2026-07-31T16:03:42.547987,WG,72068273,"$2,741.61","LOUISVILLE, KY",08/5 16:00,"OVERLAND PARK, KS",08/6 09:00,727,527,NO NOTES,1254,2.19,36,
2026-07-31T16:03:45.630418,WG,72102929,"$1,949.99","LA VERGNE, TN",08/5 16:00,"MONROEVILLE, PA",08/6 08:00,863,587,"CORD11: TRUCK MUST HAVE FULL AMOUNT OF USABLE SPACE FOR THE TRUCK SIZE REQUESTED, 20FT OF USABLE SPACE, 12FT OF USABLE SPACE, 53FT OF USABLE SPACE.",1450,1.34,11,
2026-07-31T16:03:48.629744,WG,72114528,"$1,525.48","LA VERGNE, TN",08/5 16:00,"COLUMBUS, OH",08/6 08:00,863,402,"CORD11: TRUCK MUST HAVE FULL AMOUNT OF USABLE SPACE FOR THE TRUCK SIZE REQUESTED, 20FT OF USABLE SPACE, 12FT OF USABLE SPACE, 53FT OF USABLE SPACE.",1265,1.21,7,
2026-07-31T16:03:51.614637,WG,72102006,"$1,772.21","SHEPHERDSVILLE, KY",08/5 16:00,"DOTHAN, AL",08/6 09:00,737,538,NO NOTES,1275,1.39,12,
2026-07-31T16:07:28.524800,WG,72115981,"$1,225.23","ALLENTOWN, PA",08/3 08:00,"CHERRY HILL, NJ",08/3 11:04,629,74,NO NOTES,703,1.74,22,
2026-07-31T16:56:29.389507,WG,72115998,"$6,056.63","LOUISVILLE, KY",08/3 09:00,"CHINO, CA",08/5 08:00,727,"2,068",L1068563: YOU MUST HAVE ALL OF YOUR USEABLE SPACE AVAILABLE. PLEASE ENSURE PERSONAL BELONGINGS ARE STOWED APPROPRIATELY.,2795,2.17,38,
2026-07-31T17:01:32.004313,WG,72115989,"$1,427.47","ROCKFORD, IL",08/4 11:00,"MIDDLETON, WI",08/4 14:18,850,85,NO NOTES,935,1.53,16,
2026-07-31T17:03:42.065318,WG,72114008,"$2,062.55","MOUNT VERNON, IN",08/5 17:00,"SHREVEPORT, LA",08/6 07:56,855,632,PLEASE ARRIVE AT THE PICKUP IN RANGE*SET POINT 20C,1487,1.39,13,
2026-07-31T17:03:45.101806,WG,72054781,"$2,050.96","BROOKS, KY",08/5 17:00,"PITTSBURGH, PA",08/6 08:00,732,393,NO NOTES,1125,1.82,25,
2026-07-31T17:03:48.099911,WG,72115197,"$1,537.83","SHEPHERDSVILLE, KY",08/5 17:00,"WARRENDALE, PA",08/6 08:00,737,417,BAX5100: MUST HAVE TEAM DRIVERS FOR ALL RUNS NO MATTER WHAT THE MILEAGE IS.,1154,1.33,11,
2026-07-31T17:03:51.137575,WG,72113859,"$1,287.11","GROVE CITY, OH",08/5 17:00,"WARRENDALE, PA",08/6 08:00,522,203,"PR2297: IF PALLET JACK REQUESTED NEED TO MAKE SURE IT'S ACCESSIBLE TO OFFLOAD TRK. DRIVERS MAY NEED TO OFFLOAD TRK TO DOCK AT DELIVERIES, ESPECIALLY NC AND FL.",725,1.78,23,
2026-07-31T17:09:59.692274,WG,72112928,"$3,341.75","ROANOKE, TX",08/5 17:00,"LITTLETON, CO",08/6 10:28,"1,560",751,MUST BE US CITIZEN TEMP CONTROLLED HAZMAT,2311,1.45,15,
2026-07-31T17:10:02.213579,WG,72115420,"$2,639.18","LOCKBOURNE, OH",08/5 17:00,"CROYDON, PA",08/6 08:00,519,485,NO NOTES,1004,2.63,48,
2026-07-31T17:15:07.498909,WG,72115992,"$4,152.88","ROCKFORD, IL",08/4 11:00,"MOORESTOWN, NJ",08/5 06:44,850,857,NO NOTES,1707,2.43,44,
2026-07-31T17:15:43.601282,WG,72116000,"$2,986.30","LA VERGNE, TN",08/4 19:00,"LAKEWOOD, NJ",08/5 14:49,863,861,NO NOTES,1724,1.73,23,
2026-07-31T17:22:20.160863,WG,72116018,$959.37,"SAN DIEGO, CA",08/4 14:00,"SAN DIEGO, CA",08/4 15:42,"2,791",10,ORDER NOTE: TEMPTALES ON A 1 HOUR TIMED DELAY. DRIVER MUST REMAIN ONSITE FOR 1 HOUR PRIOR TO DEPARTURE.,2801,0.34,1,
2026-07-31T17:29:21.880466,WG,72116019,"$7,597.95","SAN DIEGO, CA",08/4 12:00,"PHILADELPHIA, PA",08/7 09:00,"2,791","2,750",NO NOTES,5541,1.37,17,
2026-07-31T17:37:30.875878,WG,72115993,"$6,508.47","MEMPHIS, TN",08/5 10:00,"CHANDLER, AZ",08/6 18:09,"1,060","1,441",NO NOTES,2501,2.60,51,
2026-07-31T17:38:32.446871,WG,72113869,"$1,287.11","GROVE CITY, OH",08/5 17:30,"WARRENDALE, PA",08/6 08:00,522,203,"PR2297: IF PALLET JACK REQUESTED NEED TO MAKE SURE IT'S ACCESSIBLE TO OFFLOAD TRK. DRIVERS MAY NEED TO OFFLOAD TRK TO DOCK AT DELIVERIES, ESPECIALLY NC AND FL.",725,1.78,23,
2026-07-31T18:00:29.259210,WG,72116002,"$1,958.36","CALEDONIA, MI",08/3 09:00,"ALLENTOWN, PA",08/4 08:00,276,667,NO NOTES,943,2.08,32,
2026-07-31T18:03:29.135292,WG,72101662,"$1,173.22","LA VERGNE, TN",08/5 18:00,"SAINT CHARLES, MO",08/6 08:00,863,348,UP TO 10 PALLETS,1211,0.97,1,
2026-07-31T18:03:31.852374,WG,72112821,"$1,515.37","BROOKS, KY",08/5 18:00,"ELK GROVE VILLAGE, IL",08/6 09:30,732,337,IC7875: ENSURE THAT YOU HAVE THE ENTIRE BOL FILLED OUT AT THIS LOCATION.,1069,1.42,13,
2026-07-31T18:03:35.076520,WG,72112825,"$1,365.89","BROOKS, KY",08/5 18:00,"COLLIERVILLE, TN",08/6 09:30,732,360,IC7875: ENSURE THAT YOU HAVE THE ENTIRE BOL FILLED OUT AT THIS LOCATION.,1092,1.25,8,
2026-07-31T18:10:24.916189,SE,72115970,$630.45,"MILFORD, MA",08/3 08:00,"WEST HAVEN, CT",08/3 12:03,924,120,NO NOTES,1044,0.60,1,
2026-07-31T18:10:36.519967,SE,72114553,$859.91,"BROOKS, KY",08/5 18:00,"LOCKBOURNE, OH",08/6 07:00,732,222,IC7875: ENSURE THAT YOU HAVE THE ENTIRE BOL FILLED OUT AT THIS LOCATION.,954,0.90,1,
2026-07-31T18:28:38.424885,WG,72116003,"$2,399.80","RENSSELAER, NY",08/3 13:00,"FISHERS, IN",08/4 07:30,793,790,NO NOTES,1583,1.52,16,
2026-07-31T18:49:24.577717,WG,72115968,"$3,657.94","LOUISVILLE, KY",08/3 08:00,"COMMERCE CITY, CO",08/5 07:00,727,"1,127",L1068563: YOU MUST HAVE ALL OF YOUR USEABLE SPACE AVAILABLE. PLEASE ENSURE PERSONAL BELONGINGS ARE STOWED APPROPRIATELY.,1854,1.97,30,
2026-07-31T19:03:24.343707,WG,72112264,"$1,324.26","BROOKS, KY",08/5 19:00,"OLIVE BRANCH, MS",08/6 07:00,732,374,NO NOTES,1106,1.20,7,
2026-07-31T19:09:26.868789,WG,72116007,"$1,251.91","BLOOMINGTON, IN",08/5 12:00,"ROCKFORD, IL",08/6 09:00,747,315,NO NOTES,1062,1.18,6,
2026-07-31T20:03:57.583414,WG,72111416,"$1,389.31","LOCKBOURNE, OH",08/5 20:00,"LA VERGNE, TN",08/6 07:00,519,396,NO NOTES,915,1.52,16,
2026-07-31T20:08:12.895062,WG,72116021,"$1,054.48","MOUNT VERNON, IN",08/4 09:00,"LA VERGNE, TN",08/4 14:26,855,185,PLEASE BE IN RANGE WHEN YOU ARRIVE AT PICKUP**SET POINT 5C,1040,1.01,1,
2026-07-31T20:10:19.547859,WG,72114565,"$1,756.64","BROOKS, KY",08/5 20:00,"CORAOPOLIS, PA",08/6 13:35,732,403,IC7875: ENSURE THAT YOU HAVE THE ENTIRE BOL FILLED OUT AT THIS LOCATION.,1135,1.55,17,
2026-07-31T20:36:24.914956,WG,72116022,"$4,897.57","OCEANSIDE, CA",08/4 13:00,"LINCOLNSHIRE, IL",08/6 10:14,"2,793","2,056","L1145981: IF PICKING UP AT UPS MIRA LOMA, CA PU IS AT DOOR 2132.",4849,1.01,5,
2026-07-31T20:51:19.128369,WG,72116015,"$7,403.77","BIRMINGHAM, AL",08/5 12:00,"SAN DIEGO, CA",08/7 09:00,948,"1,996",NO NOTES,2944,2.51,49,
2026-07-31T22:10:21.250314,SE,72116016,"$1,037.81","LOVES PARK, IL",08/1 16:00,"ERLANGER, KY",08/2 06:00,274,389,NO NOTES,663,1.57,17,
2026-07-31T23:17:07.664801,WG,72116058,"$2,604.38","BIRMINGHAM, AL",08/5 16:00,"RALEIGH, NC",08/6 08:00,948,562,NO NOTES,1510,1.72,23,
2026-08-01T06:10:24.540046,WG,72115269,"$1,451.71","WILMINGTON, DE",08/6 06:00,"CENTRAL ISLIP, NY",08/6 11:21,116,181,NO NOTES,297,4.89,71,
2026-08-01T07:03:36.372404,WG,72108780,$929.77,"BROOKS, KY",08/6 07:00,"WEST CHESTER, OH",08/6 11:19,732,133,NO NOTES,865,1.07,3,
2026-08-01T07:03:39.457054,WG,72115274,"$1,122.53","WILMINGTON, DE",08/6 07:00,"FAIRFIELD, NJ",08/6 11:08,116,124,NO NOTES,240,4.68,71,
2026-08-01T07:03:42.224625,WG,72114798,"$1,092.78","CORAOPOLIS, PA",08/6 07:00,"PITTSBURGH, PA",08/6 08:47,357,14,NO NOTES,371,2.95,55,
2026-08-01T07:10:26.806562,WG,72114736,"$1,092.78","CORAOPOLIS, PA",08/6 07:00,"PITTSBURGH, PA",08/6 08:47,357,14,NO NOTES,371,2.95,55,
2026-08-01T08:10:36.911795,WG,72111616,"$1,158.60","LOUISVILLE, KY",08/6 08:00,"LOUISVILLE, KY",08/6 08:00,727,0,L1068563: YOU MUST HAVE ALL OF YOUR USEABLE SPACE AVAILABLE. PLEASE ENSURE PERSONAL BELONGINGS ARE STOWED APPROPRIATELY.,727,1.59,18,
2026-08-01T09:03:57.830578,WG,72114797,"$2,640.96","FORT WORTH, TX",08/6 09:00,"CAROL STREAM, IL",08/7 11:00,"1,566",940,TRUCK WILL NEED TO BE PRE-COOLED PRIOR TO ARRIVING FOR PICKUP AND CONTINUOUSLY RUN.,2506,1.05,4,
2026-08-01T09:04:01.396340,WG,72113762,"$1,091.31","PHILADELPHIA, PA",08/6 09:00,"RENSSELAER, NY",08/6 15:07,75,217,NO NOTES,292,3.74,71,
2026-08-01T09:04:03.951718,WG,72113744,"$1,091.82","ALLENTOWN, PA",08/6 09:00,"RENSSELAER, NY",08/6 15:08,75,218,NO NOTES,293,3.73,71,
2026-08-01T09:10:47.885954,WG,72115988,"$1,593.99","INDIANAPOLIS, IN",08/6 09:00,"CONCORD, NC",08/7 08:00,704,587,"L1218217: TRAILER MUST BE EMPTY AND NO PERSONAL ITEMS, OR PALLET JACK, SECUREMENT ITEMS ONLY",1291,1.23,8,
2026-08-01T09:11:12.621254,SE,72115613,$762.27,"BOSTON, MA",08/6 09:00,"BOSTON, MA",08/6 14:21,248,77,NO NOTES,325,2.35,38,
2026-08-01T09:39:01.370151,WG,72113451,"$1,410.16","SHEPHERDSVILLE, KY",08/6 09:30,"OLIVE BRANCH, MS",08/7 09:00,737,369,SPECIAL INSTRUCTIONS PLEASE INSTRUCT THE DRIVERS TO GO TO DOOR WDT03 BY DOCK DOOR 229,1106,1.28,9,
2026-08-01T10:04:10.517190,WG,72113695,"$2,533.86","BLOOMINGTON, IN",08/6 10:00,"RENSSELAER, NY",08/7 08:00,750,839,NO NOTES,1589,1.59,19,
2026-08-01T10:10:58.415798,WG,72115507,"$3,819.26","GREENVILLE, NC",08/6 10:00,"ROCKFORD, IL",08/7 08:05,504,968,NO NOTES,1472,2.59,48,
2026-08-01T10:11:03.780102,WG,72116004,"$1,041.47","BALTIMORE, MD",08/6 10:00,"PHILADELPHIA, PA",08/6 10:00,188,115,NO NOTES,303,3.44,69,
2026-08-01T11:03:49.550546,WG,72113155,"$1,070.13","LOCKBOURNE, OH",08/6 11:00,"LOCKBOURNE, OH",08/6 12:31,519,1,IC7875: ENSURE THAT YOU HAVE THE ENTIRE BOL FILLED OUT AT THIS LOCATION.,520,2.06,30,
2026-08-01T12:03:44.713678,WG,72114352,"$1,991.80","MINNEAPOLIS, MN",08/6 12:00,"OMAHA, NE",08/6 21:31,"1,176",377,NO NOTES,1553,1.28,10,
2026-08-01T12:10:55.391138,WG,72111257,"$2,970.55","LOS ANGELES, CA",08/6 12:00,"EDEN, UT",08/7 11:00,"2,779",751,NO NOTES,3530,0.84,3,
2026-08-01T12:10:58.281528,WG,72114570,$861.40,"BROOKS, KY",08/6 12:00,"BROOKS, KY",08/6 13:30,732,1,IC7875: ENSURE THAT YOU HAVE THE ENTIRE BOL FILLED OUT AT THIS LOCATION.,733,1.18,6,
2026-08-01T12:11:04.529158,WG,72110040,"$5,089.09","SEATTLE, WA",08/6 12:00,"LOS ANGELES, CA",08/7 13:33,"2,837","1,131",NO NOTES,3968,1.28,12,
2026-08-01T13:03:34.369861,WG,72115321,"$3,235.26","WILMINGTON, NC",08/6 13:00,"BROOKS, KY",08/7 08:00,589,694,.,1283,2.52,45,
2026-08-01T14:03:49.606030,WG,72114990,"$1,322.57","ROCKVILLE, MD",08/6 14:00,"GARNER, NC",08/7 09:00,229,283,"GSCOCT: ALL LOADS WITH DRIVER SECURE PROGRAM MUST BE TEAM DRIVERS, NO SOLO DRIVERS. MUST BE 3/4 FUELED PRIOR TO PICKUP ARRIVAL.",512,2.58,45,
2026-08-01T14:03:52.152800,WG,72115698,"$2,873.47","ROCKVILLE, MD",08/6 14:00,"BLOOMINGTON, IN",08/7 10:00,229,612,NO NOTES,841,3.42,70,
2026-08-01T14:03:54.581127,WG,72115391,$773.57,"MADISON, AL",08/6 14:00,"BATESVILLE, MS",08/6 19:51,912,205,NO NOTES,1117,0.69,1,
2026-08-01T15:03:56.842404,WG,72111424,"$2,108.98","LOCKBOURNE, OH",08/6 15:00,"DOTHAN, AL",08/7 09:00,519,763,NO NOTES,1282,1.65,20,
2026-08-01T15:24:27.111190,WG,72114732,"$1,046.86","RICHLAND, MS",08/6 15:15,"MEMPHIS, TN",08/6 21:39,"1,179",207,NO NOTES,1386,0.76,1,
2026-08-01T15:58:07.328121,WG,72116099,"$3,818.40","MELVILLE, NY",08/5 10:00,"BROOKS, KY",08/6 07:00,72,797,NO NOTES,869,4.39,73,
2026-08-01T16:03:40.899819,WG,72113838,"$1,582.36","NEWARK, DE",08/6 16:00,"ALBANY, NY",08/7 08:30,126,274,ORDER NOTE: PALLET JACK NEEDED FOR DRIVER UNLOAD,400,3.96,71,
2026-08-01T17:03:36.600611,WG,72114574,"$1,595.29","BROOKS, KY",08/6 17:00,"KERNERSVILLE, NC",08/7 08:00,732,472,IC7875: ENSURE THAT YOU HAVE THE ENTIRE BOL FILLED OUT AT THIS LOCATION.,1204,1.32,10,
2026-08-01T17:38:41.894696,WG,72113704,"$2,365.97","GROVE CITY, OH",08/6 17:30,"CHARLOTTE, NC",08/7 08:30,522,434,"ORDER NOTE: PALLET JACK NEEDED FOR DRIVER UNLOAD, OR SHIPMENT MAY BE REFUSED",956,2.47,43,
2026-08-01T18:03:49.370869,WG,72114807,"$1,774.34","CORONA, CA",08/6 18:00,"TEMPE, AZ",08/7 11:00,"2,734",345,NO NOTES,3079,0.58,1,
2026-08-01T19:10:33.119343,WG,72114534,"$1,076.63","BROOKS, KY",08/6 19:00,"GROVE CITY, OH",08/7 08:30,732,211,IC7875: ENSURE THAT YOU HAVE THE ENTIRE BOL FILLED OUT AT THIS LOCATION.,943,1.14,5,
2026-08-01T20:03:34.953394,WG,72112138,"$2,161.37","TEMPE, AZ",08/6 20:00,"CERRITOS, CA",08/7 12:00,"2,389",374,NO NOTES,2763,0.78,2,
2026-08-01T20:03:37.451670,WG,72111420,"$2,099.57","LOCKBOURNE, OH",08/6 20:00,"OVERLAND PARK, KS",08/7 12:03,519,684,NO NOTES,1203,1.75,23,
2026-08-01T20:06:07.593901,WG,72112138,"$2,161.37","TEMPE, AZ",08/6 20:00,"CERRITOS, CA",08/7 12:00,"2,389",374,NO NOTES,2763,0.78,2,
2026-08-01T20:06:10.351452,WG,72111420,"$2,099.57","LOCKBOURNE, OH",08/6 20:00,"OVERLAND PARK, KS",08/7 12:03,519,684,NO NOTES,1203,1.75,23,
2026-08-02T09:10:49.043561,SE,72116098,$749.75,"BOSTON, MA",08/7 09:00,"BOSTON, MA",08/7 12:38,248,54,NO NOTES,302,2.48,42,
2026-08-02T09:10:51.742208,SE,72116081,$749.75,"EAST BOSTON, MA",08/7 09:00,"EAST BOSTON, MA",08/7 15:00,248,54,NO NOTES,302,2.48,42,
2026-08-02T09:59:34.436075,SE,72116084,$457.08,"LOUISVILLE, KY",08/3 08:00,"LOUISVILLE, KY",08/3 09:52,118,18,NO NOTES,136,3.36,66,
2026-08-02T10:38:25.138977,WG,72112085,"$1,260.42","WILMINGTON, NC",08/7 10:30,"GREENVILLE, NC",08/7 14:26,589,115,NO NOTES,704,1.79,23,
2026-08-02T11:02:00.353612,WG,72116085,,,,,,,,NO NOTES,,,1,
2026-08-02T11:10:37.926234,WG,72110125,"$6,481.42","LA VERNE, CA",08/7 11:00,"LA VERNE, CA",08/10 11:00,"2,732","2,448","'D', 93"" I/S WIDTH MINIMUM & TAG/3RD AXEL (OR ER-UNIT) FOR LARGE PHARMA. TANK IN METAL RACK",5180,1.25,13,
2026-08-02T12:03:15.683143,WG,72114598,$861.40,"BROOKS, KY",08/7 12:00,"BROOKS, KY",08/7 13:30,732,1,IC7875: ENSURE THAT YOU HAVE THE ENTIRE BOL FILLED OUT AT THIS LOCATION.,733,1.18,6,
2026-08-02T16:10:27.783238,WG,72111789,"$8,838.71","TUKWILA, WA",08/7 16:00,"NEWARK, DE",08/10 09:00,"2,836","2,808",CRATE IS 97 INCHES TALL,5644,1.57,24,
2026-08-02T20:16:58.756973,SE,72116097,"$4,762.12","IDAHO FALLS, ID",08/3 04:00,"DELTA, PA",08/5 03:33,"2,218","2,165",DRIVER CALL MIKE 208-589-6713 1/2 HR BEFORE ARRIVE. CONTACT WILL MEET THEM THERE.,4383,1.09,7,
2026-08-02T21:10:14.296330,SE,72116095,$477.80,"NASHVILLE, TN",08/3 09:30,"LEWISBURG, TN",08/3 12:14,292,58,NO NOTES,350,1.37,11,
2026-08-03T07:52:34.201175,SE,72116123,$662.27,"NORTHBOROUGH, MA",08/3 11:00,"LACONIA, NH",08/3 14:45,909,106,NO NOTES,1015,0.65,1,
2026-08-03T08:00:57.663176,WG,72116108,"$2,338.80","HEATH, OH",08/4 15:00,"HUNTSVILLE, AL",08/5 09:00,493,533,"TRUCK:  DEDICATED, AIR-RIDE, ENVIRO CONTROLLED, 2-US PERSONS DRIVERS, NON-STOP.  (WHITE GLOVE SERVICE) ENVIRONMENTAL SETTINGS ACCEPTABLE RANGE REQUESTED:   ENVIRONMENTAL CONTROLS ARE 50F TO 90 F, WITH SET POINT AT 70F",1026,2.28,38,
2026-08-03T08:43:27.507550,WG,72116124,$957.48,"ATLANTA, GA",08/5 08:00,"ATHENS, GA",08/5 11:04,872,74,NO NOTES,946,1.01,1,
2026-08-03T09:31:23.938909,SE,72113194,$696.05,"BALTIMORE, MD",08/3 10:00,"BALTIMORE, MD",08/3 15:11,583,103,CSAFE RKN SHIPMENT TO DELIVER FREIGHT. WILL NEED TO FOLLOW DESTINATION DRIVER INSTRUCTIONS. INSTRUCTIONS WILL BE EMAILED TO YOU,686,1.01,1,
2026-08-03T09:31:31.695922,SE,72116128,"$1,415.30","SYRACUSE, NY",08/4 09:00,"PITTSBURGH, PA",08/4 19:00,220,368,DRIVERS WILL NEED TO TAKE COMSTOCK AVE TO EUCLID DR GUARD BOOTH MAKE A RIGHT TURN ON TO QUAD 4 LOT GUARD BOOTH TO DELIVERY,588,2.41,41,
2026-08-03T09:50:37.759910,WG,72116129,"$1,939.58","KANSAS CITY, MO",08/5 12:00,"ROCKFORD, IL",08/6 10:00,"1,183",482,NO NOTES,1665,1.16,6,
2026-08-03T09:57:22.971869,WG,72116130,"$5,470.82","WEST DEPTFORD, NJ",08/5 09:00,"MIAMI, FL",08/6 11:58,100,"1,197",NO NOTES,1297,4.22,75,
2026-08-03T10:17:14.633030,SE,72116112,"$2,398.09","CATOOSA, OK",08/3 14:27,"KINGSPORT, TN",08/4 10:52,631,889,NO NOTES,1520,1.58,18,
2026-08-03T10:38:01.130641,SE,72116132,$882.68,"ROCHESTER, NH",08/3 11:30,"MONTPELIER, VT",08/3 16:16,"1,005",154,NO NOTES,1159,0.76,1,
2026-08-03T11:03:09.930423,SE,72116156,"$3,190.65","LEWISVILLE, TX",08/4 09:00,"MIAMI, FL",08/5 15:12,"1,546","1,349",NO NOTES,2895,1.10,6,
2026-08-03T11:09:57.186426,SE,72116160,$860.72,"MECHANICSBURG, PA",08/3 16:00,"MILLBURN, NJ",08/4 09:00,540,163,NO NOTES,703,1.22,7,
2026-08-03T11:14:47.467103,WG,72116135,"$1,280.09","ERIE, PA",08/4 14:00,"INDIANAPOLIS, IN",08/5 08:00,407,407,NO NOTES,814,1.57,17,
2026-08-03T11:21:33.987954,WG,72116136,$753.91,"TRENTON, NJ",08/4 11:00,"SOUDERTON, PA",08/4 13:32,63,49,NO NOTES,112,6.73,71,
2026-08-03T11:24:20.955261,SE,72116137,,,,,,,,NO NOTES,,,1,
2026-08-03T12:07:38.679863,WG,72116202,"$2,107.30","WEST DEPTFORD, NJ",08/4 14:00,"ROCKY MOUNT, NC",08/5 08:00,100,467,SEC1 TVAL HAZMAT,567,3.72,72,
2026-08-03T12:08:15.588235,WG,72116181,"$6,541.93","FARMVILLE, NC",08/5 13:00,"AURORA, CO",08/7 09:00,505,"1,724",NO NOTES,2229,2.93,60,
2026-08-03T12:08:20.273638,WG,72116201,"$2,420.23","BETHLEHEM, PA",08/5 14:00,"SHEPHERDSVILLE, KY",08/6 08:00,60,684,REF# 10119776 2 PC 360 LBS UN1170 HAZ,744,3.25,65,
2026-08-03T12:09:34.309558,WG,72116183,"$1,155.29","BEDFORD, MA",08/7 09:00,"NORTHBOROUGH, MA",08/7 11:08,245,30,NO NOTES,275,4.20,71,
2026-08-03T12:09:45.470452,SE,72116166,$885.70,"FORT WORTH, TX",08/3 15:30,"AUSTIN, TX",08/4 10:00,905,201,ORDER NOTE: PICK UP NUMBER,1106,0.80,1,
2026-08-03T12:09:59.703412,SE,72116203,,,,,,,,NO NOTES,,,1,
2026-08-03T12:36:08.883197,WG,72116187,$833.39,"COLUMBUS, OH",08/5 09:00,"SHEPHERDSVILLE, KY",08/5 14:30,525,222,"BICOCT: TRAILERS MUST BE CLEAN, EMPTY, DRY, FREE OF STRUCTURAL DAMAGE AND NO ODORS FROM PRIOR FREIGHT. MUST HAVE TWO LOAD LOCKS IN EACH TRAILER AND FUEL TANKS 3/4 FULL PRIOR TO PICKUP ARRIVAL. ANY SHIPMENTS WITH VA-Q-TEC CONTAINERS, PLEASE MAKE SURE CONTAINERS ARE OFFLOADED AND COMPLETELY EMPTIED AT DELIVERY BEFORE BEING RELOADED ONTO TRUCK FOR RETURN TO VA-Q-TEC.",747,1.12,4,
2026-08-03T12:58:32.709284,SE,72116229,$696.05,"BALTIMORE, MD",08/4 10:00,"BALTIMORE, MD",08/4 15:11,588,103,NO NOTES,691,1.01,1,
2026-08-03T13:09:23.437319,SE,72116198,"$2,171.61","SCOTT, LA",08/3 16:00,"NEW BERLIN, WI",08/4 16:09,900,"1,065",NO NOTES,1965,1.11,5,
2026-08-03T13:28:37.959496,WG,72116191,$866.41,"BETHLEHEM, PA",08/4 10:00,"SOMERSET, NJ",08/4 12:42,648,57,IC7875: ENSURE THAT YOU HAVE THE ENTIRE BOL FILLED OUT AT THIS LOCATION.,705,1.23,7,
2026-08-03T13:37:05.621060,WG,72116192,"$5,664.52","LOCKBOURNE, OH",08/5 19:00,"TEMPE, AZ",08/7 12:33,226,"1,883",IC7875: ENSURE THAT YOU HAVE THE ENTIRE BOL FILLED OUT AT THIS LOCATION.,2109,2.69,52,
2026-08-03T13:37:37.129266,WG,72116242,"$1,164.51","MOUNT VERNON, IN",08/6 15:00,"OLIVE BRANCH, MS",08/7 02:00,158,302,PLEASE BE IN RANGE WHEN YOU ARRIVE AT SHIPPER**SET POINT 5C,460,2.53,44,
2026-08-03T13:38:00.113741,SE,72116205,"$2,176.87","WACO, TX",08/4 09:00,"AMARILLO, TX",08/4 19:38,993,430,NO NOTES,1423,1.53,17,
2026-08-03T13:42:33.400044,WG,72116244,$917.53,"OAKLAND, CA",08/4 11:00,"AUBURN, CA",08/4 15:12,"2,875",127,NO NOTES,3002,0.31,1,
2026-08-03T13:49:31.142045,WG,72116245,$798.80,"BALTIMORE, MD",08/4 08:00,"GAITHERSBURG, MD",08/4 10:23,588,42,NO NOTES,630,1.27,8,
2026-08-03T13:50:09.527933,WG,72116210,"$2,618.91","EASLEY, SC",08/5 09:00,"ROCHESTER, NY",08/6 08:00,731,812,NO NOTES,1543,1.70,22,
2026-08-03T14:09:35.670814,SE,72116247,$335.55,"PLAINFIELD, IN",08/3 16:00,"INDIANAPOLIS, IN",08/3 18:00,15,10,PU REF#'S 7119893233 & 7119893235 POC: MARY SOLTES 201.847.4614 SHIPPING HOURS 1600-2000 TONIGHT,25,13.42,70,
2026-08-03T14:15:01.362863,WG,72116258,$714.94,"CRANBURY, NJ",08/5 10:00,"RARITAN, NJ",08/5 12:07,51,29,00046768: ALL TEMP CONTROL LOADS MUST BE TVAL,80,8.94,71,
2026-08-03T14:16:33.923414,WG,72116259,$914.46,"CRANBURY, NJ",08/6 10:00,"RARITAN, NJ",08/6 12:07,730,29,00046768: ALL TEMP CONTROL LOADS MUST BE TVAL,759,1.20,6,
2026-08-03T14:22:04.380611,WG,72116260,$714.94,"CRANBURY, NJ",08/5 10:00,"RARITAN, NJ",08/5 12:07,51,29,00046768: ALL TEMP CONTROL LOADS MUST BE TVAL,80,8.94,71,
2026-08-03T14:30:17.659558,WG,72116261,"$1,005.21","CRANBURY, NJ",08/6 10:00,"RARITAN, NJ",08/6 12:07,730,29,00046768: ALL TEMP CONTROL LOADS MUST BE TVAL,759,1.32,10,
2026-08-03T14:37:26.872502,WG,72116278,"$1,156.81","INDIANAPOLIS, IN",08/6 08:00,"ROUND LAKE, IL",08/6 14:26,138,232,NO NOTES,370,3.13,60,
2026-08-03T14:38:08.171995,SE,72116248,$609.23,"INDIANAPOLIS, IN",08/4 07:30,"LIBERTYVILLE, IL",08/4 14:01,15,236,NO NOTES,251,2.43,40,
2026-08-03T14:45:29.031415,SE,72116281,$800.18,"NEW CHURCH, VA",08/4 10:00,"ROCKVILLE, MD",08/4 15:01,726,166,NO NOTES,892,0.90,1,
2026-08-03T15:02:52.980749,WG,72116251,"$1,652.53","RENSSELAER, NY",08/7 10:00,"CENTRAL ISLIP, NY",08/7 16:30,841,191,F1093389: BOTH DRIVERS MUST BE IN THE TRUCK UPON PICKUP ARRIVAL.,1032,1.60,18,
2026-08-03T15:43:07.555703,WG,72096138,$724.20,"WAYNE, NJ",08/5 10:00,"CARTERET, NJ",08/5 10:00,16,33,NO NOTES,49,14.78,71,
2026-08-03T15:43:37.129319,WG,72116265,$842.89,"BROOKS, KY",08/5 17:00,"CHESTERFIELD, MO",08/6 07:00,5,294,IC7875: ENSURE THAT YOU HAVE THE ENTIRE BOL FILLED OUT AT THIS LOCATION.,299,2.82,52,
2026-08-03T15:57:13.767727,WG,72116267,$705.95,"ROBBINSVILLE, NJ",08/5 11:00,"SOMERSET, NJ",08/5 13:17,63,37,NO NOTES,100,7.06,71,
2026-08-03T16:02:55.187260,SE,72116269,"$1,749.28","RUSSELLVILLE, AR",08/3 18:00,"GRIFFIN, GA",08/4 08:28,619,610,NO NOTES,1229,1.42,13,
2026-08-03T16:03:08.011921,SE,72116289,"$2,051.62","MCKINNEY, TX",08/6 08:00,"GREENVILLE, NC",08/7 12:24,799,"1,265","ORDER NOTE: THERE IS AN APPOINTMENT ALREADY SET FOR FRI, AUG. 7 AT 2PM.",2064,0.99,2,
2026-08-03T16:28:31.505739,WG,72116290,"$4,962.48","HUNTINGTON BEACH, CA",08/4 16:30,"TITUSVILLE, FL",08/7 00:08,"2,768","2,545",NO NOTES,5313,0.93,4,
2026-08-03T16:37:51.866399,SE,72115882,"$2,762.24","FORT WORTH, TX",08/3 17:00,"PEORIA, AZ",08/4 17:00,894,"1,058",NO NOTES,1952,1.42,14,
2026-08-03T16:49:57.908985,WG,72116292,"$1,799.51","LA VERGNE, TN",08/5 13:00,"CHICAGO, IL",08/6 00:58,863,492,NO NOTES,1355,1.33,11,
2026-08-03T16:50:53.189761,WG,72116293,"$1,019.90","FISHERS, IN",08/6 09:00,"BLOOMINGTON, IN",08/6 12:05,151,75,NO NOTES,226,4.51,71,
2026-08-03T17:01:21.780796,WG,72116304,"$1,879.44","OLIVE BRANCH, MS",08/5 17:00,"BROOKS, KY",08/6 11:00,369,409,NO NOTES,778,2.42,41,
2026-08-03T17:07:42.169996,WG,72116273,"$3,818.00","MISSISSAUGA, ON",08/5 09:30,"CONSHOHOCKEN, PA",08/6 07:00,438,785,NO NOTES,1223,3.12,63,
2026-08-03T17:08:01.972304,WG,72116274,"$3,154.87","LOS ALAMOS, NM",08/5 12:00,"GOLETA, CA",08/6 11:00,"2,005",975,NO NOTES,2980,1.06,4,
2026-08-03T17:08:38.222470,WG,72116275,"$2,775.63","LOUISVILLE, KY",08/5 17:00,"FORT WORTH, TX",08/6 12:25,13,866,NO NOTES,879,3.16,63,
2026-08-03T17:43:37.301866,WG,72116331,"$1,999.04","LOUISVILLE, KY",08/5 17:30,"CARY, NC",08/6 09:00,13,556,NO NOTES,569,3.51,72,
2026-08-03T18:30:12.869951,WG,72116309,"$1,093.45","BEDFORD, MA",08/7 09:00,"NORTHBOROUGH, MA",08/7 09:00,977,30,NO NOTES,1007,1.09,3,
2026-08-03T18:30:15.614522,WG,72116310,"$1,093.45","BEDFORD, MA",08/7 09:00,"NORTHBOROUGH, MA",08/7 11:15,977,30,NO NOTES,1007,1.09,3,
2026-08-03T19:22:45.405383,WG,72116297,"$1,240.06","SHEPHERDSVILLE, KY",08/6 12:00,"SIMPSONVILLE, SC",08/7 08:00,0,398,L1244392: TEAM DRIVERS ONLY FOR ALL TAKEDA RUNS,398,3.12,60,
2026-08-03T19:29:46.359604,WG,72116315,"$1,162.93","SHEPHERDSVILLE, KY",08/6 13:00,"OLIVE BRANCH, MS",08/7 09:00,0,369,BAX5100: MUST HAVE TEAM DRIVERS FOR ALL RUNS NO MATTER WHAT THE MILEAGE IS.,369,3.15,61,
2026-08-03T19:30:15.230894,SE,72116359,"$2,518.52","CATOOSA, OK",08/5 09:00,"KINGSPORT, TN",08/6 07:00,"1,323",889,NO NOTES,2212,1.14,6,
2026-08-04T00:35:52.669141,WG,72116368,"$2,996.58","LOUISVILLE, KY",08/5 11:00,"NORTHBOROUGH, MA",08/6 09:30,727,937,L1068563: YOU MUST HAVE ALL OF YOUR USEABLE SPACE AVAILABLE. PLEASE ENSURE PERSONAL BELONGINGS ARE STOWED APPROPRIATELY.,1664,1.80,25,
2026-08-04T01:07:58.266377,WG,72116369,"$5,932.56","LOUISVILLE, KY",08/5 14:00,"TEMECULA, CA",08/7 17:46,13,"2,122",L1068563: YOU MUST HAVE ALL OF YOUR USEABLE SPACE AVAILABLE. PLEASE ENSURE PERSONAL BELONGINGS ARE STOWED APPROPRIATELY.,2135,2.78,55,
2026-08-04T03:14:30.851955,WG,72115545,"$6,403.16","OLIVE BRANCH, MS",08/4 10:00,"OLIVE BRANCH, MS",08/6 10:22,422,"2,156",NO NOTES,2578,2.48,47,
2026-08-04T03:49:31.188444,WG,72116371,"$2,375.59","PHILADELPHIA, PA",08/5 07:00,"BROOKS, KY",08/5 23:21,75,698,PA5SYL: 20' TRUCKS MUST HAVE 20' OF USABLE SPACE IF THE SHIPMENT IS 10 PALLETS.,773,3.07,60,
2026-08-04T06:42:24.758301,WG,72116373,$648.33,"CHARLOTTE, NC",08/4 08:00,"WILMINGTON, NC",08/4 13:55,569,208,NO NOTES,777,0.83,1,
2026-08-04T07:56:42.013167,WG,72116356,"$1,135.26","WILMINGTON, NC",08/5 11:00,"MORRISVILLE, NC",08/5 15:31,589,142,NO NOTES,731,1.55,16,
2026-08-04T08:16:02.290906,WG,72116377,"$1,991.66","SHEPHERDSVILLE, KY",08/6 14:00,"NEWARK, DE",08/7 07:00,0,678,BAX5100: MUST HAVE TEAM DRIVERS FOR ALL RUNS NO MATTER WHAT THE MILEAGE IS.,678,2.94,56,
2026-08-04T08:35:35.172051,WG,72116419,"$2,151.05","BROWNSBURG, IN",08/5 09:30,"BETHLEHEM, PA",08/6 08:00,708,656,NO NOTES,1364,1.58,18,
2026-08-04T08:49:40.183324,WG,72116418,"$1,730.92","MANCHESTER, PA",08/5 10:00,"BROOKS, KY",08/6 09:00,164,597,***PLEASE ARRIVE AT PICKUP IN RANGE**SET POINT 5C***,761,2.27,37,
2026-08-04T08:57:32.087571,WG,72116420,"$2,706.69","PHILADELPHIA, PA",08/5 14:00,"INDIANAPOLIS, IN",08/6 08:00,697,671,NO NOTES,1368,1.98,30,
2026-08-04T09:00:39.440339,WG,72116390,"$1,153.90","NORTH CHARLESTON, SC",08/5 09:00,"WILMINGTON, NC",08/5 14:17,755,178,NO NOTES,933,1.24,8,
2026-08-04T09:00:45.322791,WG,72116391,"$1,153.90","NORTH CHARLESTON, SC",08/5 09:30,"WILMINGTON, NC",08/5 14:47,755,178,NO NOTES,933,1.24,8,
2026-08-04T09:01:31.712792,WG,72116421,"$2,984.16","PHILADELPHIA, PA",08/5 15:00,"INDIANAPOLIS, IN",08/6 08:00,697,671,NO NOTES,1368,2.18,36,
2026-08-04T09:09:56.962838,SE,72115446,"$3,706.07","DENVER, CO",08/9 09:00,"LOS ANGELES, CA",08/10 12:00,"1,125","1,023",NO NOTES,2148,1.73,24,
2026-08-04T09:28:30.553146,WG,72116395,"$1,931.77","BROWNSBURG, IN",08/5 09:00,"PHILADELPHIA, PA",08/6 08:00,708,669,NO NOTES,1377,1.40,13,
2026-08-04T10:22:54.282756,WG,72116438,"$1,354.40","BROOKS, KY",08/6 15:00,"KERNERSVILLE, NC",08/7 08:00,5,472,IC7875: ENSURE THAT YOU HAVE THE ENTIRE BOL FILLED OUT AT THIS LOCATION.,477,2.84,53,
2026-08-04T10:28:47.668000,WG,72116403,"$2,851.65","MALVERN, PA",08/5 14:00,"RIVERVIEW, MI",08/6 06:00,666,542,NO NOTES,1208,2.36,41,
2026-08-04T10:29:23.150403,WG,72116439,"$2,781.80","WATERTOWN, MA",08/6 08:30,"CHARLOTTE, NC",08/7 08:00,969,869,NO NOTES,1838,1.51,17,
2026-08-04T10:44:26.144174,SE,72116440,,,,,,,,NO NOTES,,,1,
2026-08-04T11:09:00.745417,SE,72116410,"$4,636.08","OLIVETTE, MO",08/4 13:30,"MEDICINE HAT, AB",08/6 08:00,951,"1,561",NO NOTES,2512,1.85,28,
2026-08-04T11:15:57.482367,SE,72116272,"$1,039.04","GLADSTONE, MI",08/5 08:00,"WOOD DALE, IL",08/5 16:17,"1,005",319,NO NOTES,1324,0.78,1,
2026-08-04T11:37:17.628810,SE,72116434,"$2,334.04","FITCHBURG, MA",08/4 15:00,"IOWA CITY, IA",08/5 17:45,235,"1,187","ORDER NOTE: PICK UP IS AT 207 AUTHORITY DRIVE, FITCHBURG, MA 01420",1422,1.64,20,
2026-08-04T11:44:05.432853,SE,72116446,$536.54,"NOVI, MI",08/5 08:00,"FORT GRATIOT, MI",08/5 11:17,597,84,NO NOTES,681,0.79,1,
2026-08-04T11:44:10.873418,SE,72116437,"$2,765.93","IOWA CITY, IA",08/5 14:00,"NEWARK, DE",08/6 11:41,500,949,NO NOTES,1449,1.91,28,
2026-08-04T12:29:33.238251,WG,72116430,"$5,261.58","SAINT PETERSBURG, FL",08/8 16:30,"CAMBRIDGE, MA",08/10 08:00,873,"1,359",NO NOTES,2232,2.36,43,
2026-08-04T12:43:29.938228,WG,72116481,"$8,131.07","RENSSELAER, NY",08/6 13:00,"RENSSELAER, NY",08/11 12:00,841,"3,923",NO NOTES,4764,1.71,27,
2026-08-04T13:15:13.826818,WG,72116517,"$2,424.68","CINCINNATI, OH",08/6 08:00,"BETHLEHEM, PA",08/7 08:00,125,561,NO NOTES,686,3.53,72,
2026-08-04T13:15:21.173498,WG,72116519,"$2,618.93","LITTLETON, CO",08/6 10:00,"IRVINE, CA",08/7 15:00,"1,148","1,024",NO NOTES,2172,1.21,8,
2026-08-04T13:16:06.400397,SE,72116485,$577.95,"MEMPHIS, TN",08/5 10:00,"MEMPHIS, TN",08/5 16:00,"1,076",14,CSAFE RKN SHIPMENT TO DELIVER FREIGHT. WILL NEED TO FOLLOW DESTINATION DRIVER INSTRUCTIONS. INSTRUCTIONS WILL BE EMAILED TO YOU CONTAINER MUST BE IN RANGE FOR FREIGHT TO BE LOADED BATTERY LEVEL MUST BE AT 80% OR GREATER TO DEPART,1090,0.53,1,
2026-08-04T13:16:18.881238,SE,72116483,$700.43,"BOSTON, MA",08/7 09:00,"BOSTON, MA",08/7 13:38,980,77,CSAFE RKN SHIPMENT TO PICK UP FREIGHT. WILL NEED TO FOLLOW SHIPPER ORIGIN INSTRUCTIONS AT ALL LOCATIONS. INSTRUCTIONS WILL BE EMAILED TO YOU CONTAINER MUST BE IN RANGE FOR FREIGHT TO BE LOADED BATTERY LEVEL MUST BE AT 80% OR GREATER TO DEPART,1057,0.66,1,
2026-08-04T13:22:08.398124,WG,72116486,$586.16,"SHEPHERDSVILLE, KY",08/6 08:00,"COLUMBUS, OH",08/6 14:13,0,222,"BICOCT: TRAILERS MUST BE CLEAN, EMPTY, DRY, FREE OF STRUCTURAL DAMAGE AND NO ODORS FROM PRIOR FREIGHT. MUST HAVE TWO LOAD LOCKS IN EACH TRAILER AND FUEL TANKS 3/4 FULL PRIOR TO PICKUP ARRIVAL. ANY SHIPMENTS WITH VA-Q-TEC CONTAINERS, PLEASE MAKE SURE CONTAINERS ARE OFFLOADED AND COMPLETELY EMPTIED AT DELIVERY BEFORE BEING RELOADED ONTO TRUCK FOR RETURN TO VA-Q-TEC.",222,2.64,46,
2026-08-04T13:28:42.385314,WG,72116516,"$2,431.31","CINCINNATI, OH",08/5 09:00,"BREINIGSVILLE, PA",08/6 09:00,607,532,ORDER NOTE: PO 2306 1 SKID @ 374LB 48/40/30 22C 17/27 RANGE,1139,2.13,34,
2026-08-04T13:50:49.446545,WG,72116488,"$1,200.23","WALKERSVILLE, MD",08/7 07:00,"BUFFALO, NY",08/7 15:46,573,342,NO NOTES,915,1.31,10,
2026-08-04T14:08:16.850425,WG,72116492,"$1,941.58","LOUISVILLE, KY",08/6 09:00,"OVERLAND PARK, KS",08/7 09:00,13,527,NO NOTES,540,3.60,72,
2026-08-04T14:21:29.474036,WG,72115846,"$1,278.73","GREENCASTLE, PA",08/5 09:00,"DEVENS, MA",08/6 08:00,212,436,NO NOTES,648,1.97,28,
2026-08-04T14:22:11.323301,WG,72116493,"$1,692.70","ALLENTOWN, PA",08/6 10:00,"LOCKBOURNE, OH",08/7 10:00,663,448,L1244392: TEAM DRIVERS ONLY FOR ALL TAKEDA RUNS,1111,1.52,16,
2026-08-04T14:28:42.321340,WG,72116494,$845.39,"FISHERS, IN",08/5 12:00,"BROWNSBURG, IN",08/5 14:17,701,37,NO NOTES,738,1.15,5,
2026-08-04T14:29:25.533951,WG,72116495,$734.57,"FISHERS, IN",08/6 12:00,"BROWNSBURG, IN",08/6 14:17,151,37,NO NOTES,188,3.91,71,
2026-08-04T14:29:49.006851,WG,72116496,$734.57,"FISHERS, IN",08/7 12:00,"BROWNSBURG, IN",08/7 14:17,151,37,NO NOTES,188,3.91,71,
2026-08-04T14:36:31.365312,WG,72116598,"$1,258.01","CLINTON, TN",08/6 08:00,"BROOKS, KY",08/6 14:33,205,238,NO NOTES,443,2.84,53,
2026-08-04T14:36:46.289688,WG,72111435,"$2,376.85","LOCKBOURNE, OH",08/6 10:00,"SHREVEPORT, LA",08/7 07:51,226,957,"TVAL 'C' 2-8 DEG C (SET @ 5C) REC IN C EVERY 15 MIN. FOR PHARMA. (PCS/WGT UNKN.), DRVR SECURE SVCS, MUST HAVE SEAL FOR CARGO DOORS! POC= BOB O'CONNOR. CARGO HOLD MUST BE VERY CLEAN! DOCUMENT ALL TIMES IN BOX #10 ON FDCC BOL! COLD CHAIN DOCKS 9-13 IN REAR TO LOAD.",1183,2.01,30,
2026-08-04T14:57:18.655390,WG,72116599,"$2,789.13","MORRISVILLE, NC",08/6 10:00,"RENSSELAER, NY",08/7 08:00,558,642,NO NOTES,1200,2.32,39,
2026-08-04T14:57:34.461568,WG,72116622,"$2,378.06","WARTBURG, TN",08/6 14:30,"ELK GROVE VILLAGE, IL",08/7 09:00,229,576,NO NOTES,805,2.95,57,
2026-08-04T15:08:18.529938,WG,72116562,"$4,281.49","GLEN ROCK, PA",08/6 10:00,"SAINT PAUL, MN",08/7 10:59,618,"1,104",NO NOTES,1722,2.49,45,
2026-08-04T15:08:31.402643,WG,72116563,"$2,088.55","SHEPHERDSVILLE, KY",08/6 15:00,"SHREVEPORT, LA",08/7 09:00,0,732,L1244392: TEAM DRIVERS ONLY FOR ALL TAKEDA RUNS,732,2.85,54,
2026-08-04T15:16:01.957779,WG,72116561,$729.29,"BROOKS, KY",08/6 20:00,"GROVE CITY, OH",08/7 08:00,5,211,IC7875: ENSURE THAT YOU HAVE THE ENTIRE BOL FILLED OUT AT THIS LOCATION.,216,3.38,67,
2026-08-04T15:22:29.703573,WG,72116633,,,,,,,,NO NOTES,,,1,
2026-08-04T15:42:47.949935,WG,72116567,"$1,139.58","INDIANAPOLIS, IN",08/6 08:00,"NORTH CHICAGO, IL",08/6 14:21,138,228,NO NOTES,366,3.11,60,
2026-08-04T15:57:52.436886,SE,72116636,"$1,682.79","TINLEY PARK, IL",08/5 09:00,"ALTOONA, KS",08/6 00:08,758,641,NO NOTES,1399,1.20,7,
2026-08-04T16:37:20.729065,SE,72070454,"$1,960.33","ALBUQUERQUE, NM",08/9 16:30,"OKLAHOMA CITY, OK",08/10 06:07,"1,322",546,BASEBALL EQ PCS & WGT VARIES DRIVER MAY HAVE TO HELP WITH LOADING/UNLOADING,1868,1.05,3,
2026-08-04T16:51:02.089637,SE,72114328,"$1,010.19","MOOSIC, PA",08/9 16:45,"ROCHESTER, NY",08/9 22:58,682,222,NO NOTES,904,1.12,4,
2026-08-04T17:00:53.853281,WG,72116607,"$1,048.53","LOCKBOURNE, OH",08/6 08:00,"BROOKS, KY",08/6 13:45,226,221,IC7875: ENSURE THAT YOU HAVE THE ENTIRE BOL FILLED OUT AT THIS LOCATION.,447,2.35,38,
2026-08-04T17:08:34.019828,WG,72116571,"$4,241.90","BRAINTREE, MA",08/6 17:00,"SPARTANBURG, SC",08/7 14:18,977,931,NO NOTES,1908,2.22,38,
2026-08-04T17:08:59.572561,SE,72116570,"$4,442.33","LAS VEGAS, NV",08/5 01:45,"DULUTH, GA",08/6 21:37,"2,484","1,992",NO NOTES,4476,0.99,4,
2026-08-04T17:36:10.187446,WG,72116576,"$1,334.38","MOUNT VERNON, IN",08/6 09:00,"BROOKS, KY",08/6 13:45,158,153,"ASCOSY: NO ROLL UP DOORS ALLOWED ON TRAILERS, MUST HAVE SWING DOORS.",311,4.29,71,
2026-08-04T17:43:07.604745,WG,72116577,"$2,111.70","RENSSELAER, NY",08/6 13:00,"GREENVILLE, NC",08/20 14:00,841,647,NO NOTES,1488,1.42,14,
2026-08-04T18:36:40.721306,SE,72084572,"$2,039.04","WEST SACRAMENTO, CA",08/9 18:30,"LAS VEGAS, NV",08/10 08:03,"2,250",567,BASEBALL EQ/ PCS & WGT VARY/ MAY HAVE TO ASSIST WITH LOADING/UNLOADING,2817,0.72,2,
2026-08-04T18:36:43.956763,SE,72074204,"$2,691.55","RENO, NV",08/9 18:30,"TACOMA, WA",08/10 11:15,"2,117",717,F1126192: DRIVER MAY BE REQUESTED TO HELP WITH LOADING/UNLOADING BASEBALL EQUIPMENT PCS/WT VARY,2834,0.95,2,
2026-08-04T19:36:50.819158,SE,72084307,"$2,460.09","MEMPHIS, TN",08/9 19:30,"DURHAM, NC",08/10 12:28,365,727,NO NOTES,1092,2.25,37,
2026-08-04T20:36:01.846218,WG,72116670,"$2,702.16","BEDFORD, NH",08/6 13:00,"INDIANAPOLIS, IN",08/7 11:19,"1,008",979,NO NOTES,1987,1.36,12,
2026-08-04T21:22:27.742601,SE,72116603,"$1,357.68","ALLIANCE, OH",08/5 08:00,"BOWLING GREEN, KY",08/5 18:00,401,475,NO NOTES,876,1.55,16,
2026-08-04T23:01:50.923164,SE,72059832,"$3,795.06","SOUTH JORDAN, UT",08/9 23:00,"OKLAHOMA CITY, OK",08/11 02:12,"1,612","1,208","OKL2SO:BASEBALL EQUIPMENT/ DRIVER MAY BE REQUESTED TO HELP WITH LOADING/UNLOADING/PCS,WT MAY VARY",2820,1.35,13,
2026-08-05T01:01:42.330841,SE,72078127,"$3,889.19","LAS VEGAS, NV",08/10 01:00,"TACOMA, WA",08/11 03:24,"1,887","1,147",BASEBALL EQ PCS & WEIGHT WILL VARY/ MAY HAVE TO HELP WITH LOADING/UNLOADING EQUIPMENT,3034,1.28,11,
2026-08-05T04:36:42.963044,SE,72115214,$584.82,"CHICAGO, IL",08/5 09:00,"NORTHBROOK, IL",08/5 10:54,789,19,NO NOTES,808,0.72,1,
2026-08-05T07:21:53.341801,WG,72116613,$820.82,"CHARLESTOWN, IN",08/6 10:00,"BROOKS, KY",08/7 07:00,37,32,NO NOTES,69,11.90,71,
2026-08-05T07:36:30.297925,WG,72061116,"$1,046.00","LOUISVILLE, KY",08/10 07:30,"LA VERGNE, TN",08/10 14:23,13,183,NO NOTES,196,5.34,71,
2026-08-05T08:00:33.313181,WG,72116674,"$1,192.71","KANKAKEE, IL",08/6 08:30,"SAINT LOUIS, MO",08/6 15:22,288,253,NO NOTES,541,2.20,35,
2026-08-05T08:01:38.711050,WG,72113879,"$1,164.09","GROVE CITY, OH",08/10 08:00,"WHITESTOWN, IN",08/10 14:00,216,198,"PR2297: IF PALLET JACK REQUESTED NEED TO MAKE SURE IT'S ACCESSIBLE TO OFFLOAD TRK. DRIVERS MAY NEED TO OFFLOAD TRK TO DOCK AT DELIVERIES, ESPECIALLY NC AND FL.",414,2.81,52,
2026-08-05T08:08:36.449083,WG,72116448,"$3,784.54","GUNPOWDER, MD",08/10 08:00,"PINE BLUFF, AR",08/11 09:09,645,"1,112",NO NOTES,1757,2.15,36,
2026-08-05T08:08:39.205643,WG,72116610,"$2,091.81","MANCHESTER, PA",08/10 08:00,"MOUNT VERNON, IN",08/11 09:00,602,720,BRCOAR: TRAILER MUST BE EMPTY OUTSIDE OF EQUIPMENT NEEDED TO SECURE. NO PLYWOOD IN TRAILER FLOORS ON REEFER LOADS.,1322,1.58,18,
2026-08-05T08:08:41.638914,WG,72111617,$927.85,"LOUISVILLE, KY",08/10 08:00,"LOUISVILLE, KY",08/10 08:00,13,0,L1068563: YOU MUST HAVE ALL OF YOUR USEABLE SPACE AVAILABLE. PLEASE ENSURE PERSONAL BELONGINGS ARE STOWED APPROPRIATELY.,13,71.37,71,
2026-08-05T08:08:44.970852,WG,72116630,"$3,179.05","DURHAM, NC",08/10 08:00,"CANTON, MS",08/11 10:00,547,776,NO NOTES,1323,2.40,42,
2026-08-05T08:08:51.036480,WG,72116431,"$2,220.19","SOLON, OH",08/10 08:00,"LINCOLNSHIRE, IL",08/10 17:51,374,393,NO NOTES,767,2.89,55,
2026-08-05T08:09:02.827397,SE,72115804,"$1,626.48","PISCATAWAY, NJ",08/7 01:00,"PISCATAWAY, NJ",08/7 23:29,733,500,LVBILL2: **** ALL DRIVERS MUST READ AND FOLLOW THESE SECURITY MEASURES ON ALL LOUIS VUITTON SHIPMENTS ****,1233,1.32,10,
2026-08-05T08:16:02.927547,SE,72115844,"$1,626.48","PISCATAWAY, NJ",08/8 01:00,"PISCATAWAY, NJ",08/8 18:08,733,500,LVBILL2: **** ALL DRIVERS MUST READ AND FOLLOW THESE SECURITY MEASURES ON ALL LOUIS VUITTON SHIPMENTS ****,1233,1.32,10,
2026-08-05T08:36:49.845766,WG,72115690,"$1,672.95","GREENCASTLE, PA",08/10 08:30,"WALTHAM, MA",08/11 08:00,554,441,NO NOTES,995,1.68,20,
2026-08-05T08:44:14.176376,SE,72116127,"$1,602.51","PISCATAWAY, NJ",08/9 04:00,"PISCATAWAY, NJ",08/9 21:18,733,477,LVBILL2: **** ALL DRIVERS MUST READ AND FOLLOW THESE SECURITY MEASURES ON ALL LOUIS VUITTON SHIPMENTS ****,1210,1.32,10,
2026-08-05T09:01:59.134437,WG,72114815,"$5,319.01","DES PLAINES, IL",08/9 10:00,"DES PLAINES, IL",08/11 08:00,342,"1,610",NO NOTES,1952,2.72,53,
2026-08-05T09:02:36.549589,WG,72102689,"$2,736.22","LA VERGNE, TN",08/10 09:00,"FAIRFIELD, NJ",08/11 05:03,171,872,"CORD11: TRUCK MUST HAVE FULL AMOUNT OF USABLE SPACE FOR THE TRUCK SIZE REQUESTED, 20FT OF USABLE SPACE, 12FT OF USABLE SPACE, 53FT OF USABLE SPACE.",1043,2.62,48,
2026-08-05T09:02:39.934641,WG,72113763,"$1,279.44","PHILADELPHIA, PA",08/10 09:00,"RENSSELAER, NY",08/10 15:07,697,217,NO NOTES,914,1.40,12,
2026-08-05T09:02:43.568962,WG,72116637,"$3,939.60","SAN ANTONIO, TX",08/10 09:00,"SAN DIEGO, CA",08/11 13:52,"1,094","1,287","ORDER NOTE: SET POINT 20C RANGE 15-25C, TRUCK MUST BE ABLE TO FIT 10 SKIDS",2381,1.65,22,
2026-08-05T09:02:46.284754,WG,72113746,"$1,195.95","ALLENTOWN, PA",08/10 09:00,"RENSSELAER, NY",08/10 15:08,663,218,NO NOTES,881,1.36,11,
2026-08-05T09:03:05.634278,SE,72116641,,,,,,,,NO NOTES,,,1,
2026-08-05T09:08:44.919389,WG,72115881,"$1,496.99","BELMONT, MA",08/10 09:00,"BALTIMORE, MD",08/12 09:00,972,402,L1244392: TEAM DRIVERS ONLY FOR ALL TAKEDA RUNS,1374,1.09,4,
2026-08-05T09:08:50.119575,WG,72115456,"$7,714.30","BELMONT, MA",08/10 09:00,"NEWBURY PARK, CA",08/13 12:00,972,"3,025",L1244392: TEAM DRIVERS ONLY FOR ALL TAKEDA RUNS,3997,1.93,33,
2026-08-05T09:30:32.862024,SE,72116612,$584.82,"CHICAGO, IL",08/5 11:00,"NORTHBROOK, IL",08/5 12:54,789,19,NO NOTES,808,0.72,1,
2026-08-05T09:36:00.223749,WG,72116723,"$1,051.74","NEW BRUNSWICK, NJ",08/6 09:30,"BRANFORD, CT",08/6 13:34,734,121,NO NOTES,855,1.23,7,
2026-08-05T09:37:36.724602,WG,72060338,"$2,026.86","LOUISVILLE, KY",08/10 09:30,"OLIVE BRANCH, MS",08/11 07:00,13,382,"TVAL 36-46 C SP 40 C, DRIVER SECURE, NON HAZ PHARMACEUTICALS",395,5.13,72,
2026-08-05T10:01:59.491857,SE,72116728,"$1,405.33","KENNEDY SPACE CENTER, FL",08/5 13:00,"HUNTSVILLE, AL",08/6 09:00,896,685,NO NOTES,1581,0.89,1,
2026-08-05T10:08:50.994752,SE,72115921,"$1,714.93","HUNTSVILLE, AL",08/10 10:00,"MERRITT ISLAND, FL",08/11 02:01,265,680,NO NOTES,945,1.81,24,
2026-08-05T10:14:31.147874,WG,72116729,"$9,708.57","SPOKANE, WA",08/5 13:00,"NORRISTOWN, PA",08/7 20:26,"2,105","2,535",NO NOTES,4640,2.09,39,
2026-08-05T10:15:39.775634,WG,72116717,"$3,253.91","PALM BAY, FL",08/10 09:00,"ROCHESTER, NY",08/11 13:22,908,"1,263",NO NOTES,2171,1.50,17,
2026-08-05T10:15:57.146514,WG,72116759,$989.87,"BALTIMORE, MD",08/10 09:00,"PHILADELPHIA, PA",08/10 12:56,616,115,NO NOTES,731,1.35,11,
2026-08-05T10:29:02.630906,WG,72116731,"$9,708.57","SPOKANE, WA",08/7 13:00,"NORRISTOWN, PA",08/10 09:00,"2,105","2,535",NO NOTES,4640,2.09,39,
2026-08-05T10:37:00.024636,WG,72116111,"$3,043.03","MALVERN, PA",08/10 10:30,"MEMPHIS, TN",08/11 12:11,666,"1,027",NO NOTES,1693,1.80,25,
2026-08-05T10:37:13.792139,SE,72116740,"$1,402.94","HUNTSVILLE, AL",08/10 10:00,"KENNEDY SPACE CENTER, FL",08/11 08:00,265,683,NO NOTES,948,1.48,15,
2026-08-05T10:57:00.478552,WG,72116763,"$2,363.22","CALEDONIA, MI",08/6 12:00,"RENSSELAER, NY",08/7 08:00,399,770,NO NOTES,1169,2.02,31,
2026-08-05T11:02:01.362513,WG,72102677,$928.31,"LA VERGNE, TN",08/10 11:00,"MEMPHIS, TN",08/10 16:58,171,210,UP TO 6 PALLETS,381,2.44,41,
2026-08-05T11:02:16.398709,SE,72116761,$860.72,"MECHANICSBURG, PA",08/5 16:00,"MILLBURN, NJ",08/6 09:00,579,163,NO NOTES,742,1.16,5,
2026-08-05T11:02:26.764533,SE,72107874,"$1,567.11","BUFFALO, NY",08/10 11:00,"WORCESTER, MA",08/10 21:54,554,419,NO NOTES,973,1.61,18,
2026-08-05T11:02:29.479794,SE,72114645,"$2,514.73","FAIRMONT, WV",08/10 11:00,"GULFPORT, MS",08/11 08:51,394,957,NO NOTES,1351,1.86,26,
2026-08-05T11:08:20.476717,WG,72116574,"$2,987.50","CLINTON, TN",08/10 11:00,"KANSAS CITY, MO",08/11 09:00,205,729,NO NOTES,934,3.20,64,
2026-08-05T11:08:28.764789,WG,72116372,"$6,201.81","TUSTIN, CA",08/10 11:00,"OAK RIDGE, TN",08/12 10:28,"2,101","2,161",NO NOTES,4262,1.46,18,
2026-08-05T11:08:32.125511,WG,72110126,"$3,670.32","LA VERNE, CA",08/10 11:00,"SPOKANE, WA",08/11 14:32,"2,076","1,224","'D', 93"" I/S WIDTH MINIMUM & TAG/3RD AXEL (OR ER-UNIT) FOR LARGE PHARMA. TANK IN METAL RACK",3300,1.11,6,
2026-08-05T11:09:04.110128,SE,72116732,"$1,601.96","NASHVILLE, TN",08/10 11:00,"ALPHARETTA, GA",08/10 17:35,166,239,NO NOTES,405,3.96,71,
2026-08-05T11:09:07.139903,SE,72116397,"$1,972.76","SAN DIEGO, CA",08/10 11:00,"BOULDER, CO",08/11 11:41,"2,130","1,090",NO NOTES,3220,0.61,2,
2026-08-05T11:14:36.217966,WG,72116733,"$4,831.62","BROWNSBURG, IN",08/5 14:00,"SAN DIEGO, CA",08/7 12:01,150,"2,093",NO NOTES,2243,2.15,37,
2026-08-05T11:14:53.599911,WG,72116642,"$1,326.33","SOCIAL CIRCLE, GA",08/6 10:00,"SHEPHERDSVILLE, KY",08/7 10:00,449,451,L1244392: TEAM DRIVERS ONLY FOR ALL TAKEDA RUNS,900,1.47,14,
2026-08-05T11:23:01.492299,SE,72116765,$519.43,"CHAPEL HILL, NC",08/6 09:00,"CHAPEL HILL, NC",08/6 09:00,537,0,NO NOTES,537,0.97,1,
2026-08-05T11:29:43.063442,WG,72116768,"$2,779.53","TAMPA, FL",08/10 10:00,"DURHAM, NC",08/11 08:00,861,676,NO NOTES,1537,1.81,25,
2026-08-05T11:50:30.373817,SE,72116737,"$1,362.69","CINCINNATI, OH",08/6 08:00,"CASTLE HAYNE, NC",08/6 23:15,125,647,NO NOTES,772,1.77,23,
2026-08-05T12:01:02.925159,WG,72116780,"$5,337.16","SHEPHERDSVILLE, KY",08/7 07:00,"MONTCLAIR, CA",08/9 04:35,0,"2,072",BAX5100: MUST HAVE TEAM DRIVERS FOR ALL RUNS NO MATTER WHAT THE MILEAGE IS.,2072,2.58,49,
2026-08-05T12:01:45.884864,WG,72116484,"$6,028.13","SAN DIEGO, CA",08/10 12:00,"BLOOMINGTON, IN",08/12 09:42,"2,130","2,078",NO NOTES,4208,1.43,17,
2026-08-05T12:01:58.599317,SE,72116772,$503.83,"NEW ALBANY, OH",08/6 11:00,"COLUMBUS, OH",08/6 12:30,242,22,NO NOTES,264,1.91,26,
2026-08-05T12:07:32.411901,WG,72116770,"$2,032.54","CALEDONIA, MI",08/6 09:00,"ALLENTOWN, PA",08/7 08:00,399,667,NO NOTES,1066,1.91,27,
2026-08-05T12:08:31.067234,WG,72110305,"$3,250.92","LA VERGNE, TN",08/10 12:00,"LUBBOCK, TX",08/11 12:46,171,"1,044","CORD11: TRUCK MUST HAVE FULL AMOUNT OF USABLE SPACE FOR THE TRUCK SIZE REQUESTED, 20FT OF USABLE SPACE, 12FT OF USABLE SPACE, 53FT OF USABLE SPACE.",1215,2.68,50,
2026-08-05T12:08:33.889157,WG,72116518,"$7,903.97","SAN DIEGO, CA",08/10 12:00,"ALLENTOWN, PA",08/12 23:17,"2,130","2,716",NO NOTES,4846,1.63,25,
2026-08-05T12:08:36.601991,WG,72110360,"$2,456.24","LA VERGNE, TN",08/10 12:00,"OMAHA, NE",08/11 09:00,171,760,"CORD11: TRUCK MUST HAVE FULL AMOUNT OF USABLE SPACE FOR THE TRUCK SIZE REQUESTED, 20FT OF USABLE SPACE, 12FT OF USABLE SPACE, 53FT OF USABLE SPACE.",931,2.64,48,
2026-08-05T12:16:00.553542,SE,72116785,"$3,035.42","ONTARIO, CA",08/5 18:00,"ENGLEWOOD, CO",08/6 16:31,"2,070",988,NO NOTES,3058,0.99,3,
2026-08-05T12:21:45.537911,WG,72115865,"$3,570.37","ANDOVER, MA",08/6 11:00,"CHESTERFIELD, MO",08/7 13:17,986,"1,212",NO NOTES,2198,1.62,21,
2026-08-05T12:22:57.051838,SE,72116744,"$1,686.00","ALBUQUERQUE, NM",08/6 10:00,"GRAND PRAIRIE, TX",08/7 16:00,"1,321",641,NO NOTES,1962,0.86,1,
2026-08-05T12:28:51.844907,WG,72116615,"$1,966.62","CINCINNATI, OH",08/6 13:00,"SELLERSVILLE, PA",08/7 07:00,125,561,NO NOTES,686,2.87,54,
2026-08-05T12:29:26.364385,WG,72116773,"$1,252.79","BROWNSBURG, IN",08/10 09:00,"KANSAS CITY, MO",08/11 08:30,150,485,NO NOTES,635,1.97,28,
2026-08-05T12:49:51.917004,WG,72116800,"$1,901.66","DANBURY, CT",08/6 14:00,"COLUMBUS, OH",08/7 08:00,820,603,NO NOTES,1423,1.34,11,
2026-08-05T12:50:45.952165,SE,72116801,"$2,304.14","DARTMOUTH, NS",08/6 04:00,"BOSTON, MA",08/7 08:00,"1,656",689,NO NOTES,2345,0.98,2,
2026-08-05T13:01:21.360495,WG,72116777,"$3,406.95","BLOOMINGTON, IN",08/10 08:30,"PHILADELPHIA, PA",08/11 08:30,109,710,NO NOTES,819,4.16,73,
2026-08-05T13:01:49.773778,WG,72115692,"$3,037.07","WEST MIFFLIN, PA",08/10 13:00,"KINGS BAY, GA",08/11 08:00,414,801,DRIVER MUST BE US BORN TO EASE PROCESS AT GATE.,1215,2.50,45,
2026-08-05T13:01:52.539908,WG,72115444,$903.15,"SHEPHERDSVILLE, KY",08/10 13:00,"LA VERGNE, TN",08/11 07:00,0,171,BAX5100: MUST HAVE TEAM DRIVERS FOR ALL RUNS NO MATTER WHAT THE MILEAGE IS.,171,5.28,71,
2026-08-05T13:01:55.290628,WG,72115131,"$1,583.12","SHEPHERDSVILLE, KY",08/10 13:00,"DOTHAN, AL",08/11 09:00,0,538,BAX5100: MUST HAVE TEAM DRIVERS FOR ALL RUNS NO MATTER WHAT THE MILEAGE IS.,538,2.94,56,
2026-08-05T13:09:04.509328,WG,72110368,$932.97,"LA VERGNE, TN",08/10 13:00,"COLLIERVILLE, TN",08/11 09:00,171,219,"CORD11: TRUCK MUST HAVE FULL AMOUNT OF USABLE SPACE FOR THE TRUCK SIZE REQUESTED, 20FT OF USABLE SPACE, 12FT OF USABLE SPACE, 53FT OF USABLE SPACE.",390,2.39,40,
2026-08-05T13:09:08.527947,WG,72114431,"$2,182.56","PLAINFIELD, IN",08/10 13:00,"ATLANTA, GA",08/11 15:00,147,658,NO NOTES,805,2.71,50,
2026-08-05T13:09:14.048593,WG,72110309,"$1,889.20","LA VERGNE, TN",08/10 13:00,"CORAOPOLIS, PA",08/11 08:00,171,575,"CORD11: TRUCK MUST HAVE FULL AMOUNT OF USABLE SPACE FOR THE TRUCK SIZE REQUESTED, 20FT OF USABLE SPACE, 12FT OF USABLE SPACE, 53FT OF USABLE SPACE.",746,2.53,44,
2026-08-05T13:15:10.975217,WG,72116804,$922.16,"LOCKBOURNE, OH",08/7 08:00,"CHARLESTOWN, IN",08/7 14:01,226,213,BAX5100: MUST HAVE TEAM DRIVERS FOR ALL RUNS NO MATTER WHAT THE MILEAGE IS.,439,2.10,32,
2026-08-05T13:16:24.404874,SE,72116805,"$2,298.32","RIDDLESBURG, PA",08/5 15:00,"KANSAS CITY, MO",08/6 13:07,516,969,NO NOTES,1485,1.55,17,
2026-08-05T13:16:27.108020,SE,72116676,"$1,501.12","NIXA, MO",08/5 19:30,"LANSING, MI",08/6 06:12,512,715,NO NOTES,1227,1.22,7,
2026-08-05T13:23:31.916737,SE,72116771,$672.34,"DULLES, VA",08/6 14:00,"DURHAM, NC",08/6 21:10,602,267,DRIVER MUST HAVE PAPERWORK IN-HAND FOR PICKUP,869,0.77,1,
2026-08-05T13:36:01.650961,WG,72116565,"$1,495.33","MANASSAS, VA",08/6 12:00,"EAST GREENBUSH, NY",08/7 08:00,573,404,NO NOTES,977,1.53,16,
2026-08-05T13:37:36.415181,SE,72116415,"$1,973.24","CORAOPOLIS, PA",08/10 13:30,"LEBANON, NJ",08/11 08:00,406,330,NO NOTES,736,2.68,49,
2026-08-05T14:01:57.795913,WG,72102665,"$1,925.99","LA VERGNE, TN",08/10 14:00,"MONROEVILLE, PA",08/11 08:00,171,587,"CORD11: TRUCK MUST HAVE FULL AMOUNT OF USABLE SPACE FOR THE TRUCK SIZE REQUESTED, 20FT OF USABLE SPACE, 12FT OF USABLE SPACE, 53FT OF USABLE SPACE.",758,2.54,45,
2026-08-05T14:02:01.175740,WG,72102605,"$1,726.76","LA VERGNE, TN",08/10 14:00,"RALEIGH, NC",08/11 08:00,171,522,"CORD11: TRUCK MUST HAVE FULL AMOUNT OF USABLE SPACE FOR THE TRUCK SIZE REQUESTED, 20FT OF USABLE SPACE, 12FT OF USABLE SPACE, 53FT OF USABLE SPACE.",693,2.49,43,
2026-08-05T14:02:03.904646,WG,72116754,"$2,281.71","PARSIPPANY, NJ",08/10 14:00,"BROOKS, KY",08/11 10:00,738,732,ORDER NOTE: PLEASE ENSURE THAT AN APPOINTMENT IS MADE AT ICS THROUGH THE DESCARTES PORTAL,1470,1.55,17,
2026-08-05T14:02:06.942408,WG,72111074,"$2,635.59","LA VERGNE, TN",08/10 14:00,"AMBLER, PA",08/11 08:49,171,814,"CORD11: TRUCK MUST HAVE FULL AMOUNT OF USABLE SPACE FOR THE TRUCK SIZE REQUESTED, 20FT OF USABLE SPACE, 12FT OF USABLE SPACE, 53FT OF USABLE SPACE.",985,2.68,49,
2026-08-05T14:08:51.183872,WG,72113130,"$3,433.09","CARY, NC",08/10 14:00,"SKOKIE, IL",08/11 09:00,562,812,NO NOTES,1374,2.50,45,
2026-08-05T14:08:54.241563,WG,72116566,"$2,745.35","RENO, NV",08/10 14:00,"SCOTTSDALE, AZ",08/11 12:00,"2,119",752,NO NOTES,2871,0.96,2,
2026-08-05T14:08:59.418158,WG,72116803,"$2,181.77","BROOKS, KY",08/10 14:00,"NEW CASTLE, DE",08/11 08:30,5,682,NO NOTES,687,3.18,63,
2026-08-05T14:09:03.694102,WG,72116616,"$2,309.01","BETHLEHEM, PA",08/10 14:00,"INDIANAPOLIS, IN",08/11 08:12,684,652,NO NOTES,1336,1.73,22,
2026-08-05T14:22:05.834778,WG,72116810,"$1,149.22","LA VERGNE, TN",08/6 18:00,"SAINT CHARLES, MO",08/7 09:00,171,348,UP TO 10 PALLETS,519,2.21,35,
2026-08-05T14:22:16.494196,WG,72116813,$969.60,"APEX, NC",08/7 09:00,"PETERSBURG, VA",08/7 13:41,557,150,NO NOTES,707,1.37,11,
2026-08-05T14:29:54.331645,WG,72116811,"$2,125.71","LA VERGNE, TN",08/10 13:00,"FLINT, MI",08/11 03:01,171,589,NO NOTES,760,2.80,52,
2026-08-05T14:30:07.564290,WG,72116812,"$2,276.13","LA VERGNE, TN",08/10 14:00,"MADISON, WI",08/11 05:01,171,636,NO NOTES,807,2.82,53,
2026-08-05T14:36:38.448181,WG,72116826,"$2,851.81","CHARLOTTE, NC",08/10 10:00,"WATERTOWN, MA",08/11 08:00,440,869,NO NOTES,1309,2.18,35,
2026-08-05T14:37:46.774573,WG,72095756,"$3,291.66","GLENCOE, MN",08/10 14:30,"BRANCHBURG, NJ",08/11 18:12,779,"1,232","CUSTOMER REQUIRES TEMPERATURE PRINTOUT AT DELIVERY ARRIVAL, ALSO NOTATE DOORS OPENED/CLOSED TIMES ON BOL",2011,1.64,21,
2026-08-05T14:50:42.224718,WG,72116827,"$2,147.82","DURHAM, NC",08/10 12:00,"PHILADELPHIA, PA",08/11 08:00,547,404,DEL TO 13TH FLOOR USE FREIGHT ELEVATORS,951,2.26,37,
2026-08-05T14:57:16.566877,WG,72116828,"$2,510.58","GREENVILLE, NC",08/10 10:00,"ROCKFORD, IL",08/11 08:05,650,968,NO NOTES,1618,1.55,18,
2026-08-05T14:58:14.380577,SE,72116844,"$3,410.52","BROOMFIELD, CO",08/6 18:00,"EL SEGUNDO, CA",08/7 17:38,"1,134","1,041",NO NOTES,2175,1.57,19,
2026-08-05T15:02:15.523567,WG,72113929,"$1,997.37","MEMPHIS, TN",08/10 15:00,"CANFIELD, OH",08/11 08:32,364,754,"L1228142: TRACTOR SHIPMENTS MUST BE ABLE TO ACCOMODATE 26 PALLETS, NEED TO HAVE 53' OF SPACE, NO PALLET JACKS",1118,1.79,24,
2026-08-05T15:02:18.415045,WG,72112525,"$1,827.58","SHEPHERDSVILLE, KY",08/10 15:00,"NEWARK, DE",08/11 08:00,0,678,SHIPPER WILL HAVE AN ESCORT TRUCK FOLLOW FOR FIRST 100 MILES.OR THE WHOLE TRIP;CONF #:,678,2.70,49,
2026-08-05T15:02:21.148813,WG,72115721,"$1,164.51","MOUNT VERNON, IN",08/10 15:00,"OLIVE BRANCH, MS",08/11 02:00,158,302,PLEASE BE IN RANGE WHEN YOU ARRIVE AT SHIPPER**SET POINT 5C,460,2.53,44,
2026-08-05T15:02:23.555522,WG,72111085,"$2,416.89","LA VERGNE, TN",08/10 15:00,"RICHARDSON, TX",08/11 09:00,171,684,"CORD11: TRUCK MUST HAVE FULL AMOUNT OF USABLE SPACE FOR THE TRUCK SIZE REQUESTED, 20FT OF USABLE SPACE, 12FT OF USABLE SPACE, 53FT OF USABLE SPACE.",855,2.83,53,
2026-08-05T15:02:26.002325,WG,72116814,"$2,181.77","BROOKS, KY",08/10 15:00,"NEW CASTLE, DE",08/11 08:30,5,682,NO NOTES,687,3.18,63,
2026-08-05T15:02:28.755976,WG,72115439,"$3,042.08","CALEDONIA, MI",08/10 15:00,"TITUSVILLE, NJ",08/11 08:07,399,734,NO NOTES,1133,2.68,50,
2026-08-05T15:02:31.189751,WG,72102698,"$1,739.55","LA VERGNE, TN",08/10 15:00,"MOUNT PROSPECT, IL",08/11 07:00,171,516,UP TO 6 PALLETS,687,2.53,44,
2026-08-05T22:42:38.418924,WG,72116873,$722.07,"SHEPHERDSVILLE, KY",08/6 13:00,"GROVEPORT, OH",08/6 19:18,0,226,L1233585: BE SURE THAT YOUR PREVENTIVE MAINTANANCE IS UP TO DATE BEFORE PICKING UP. IF THE FREIGHT IS PICKIING UP OR DELIVERING TO UPS HEALTHCARE GO TO THE BUILDING FOR ASTELLAS AT DOOR PD123,226,3.20,62,
2026-08-05T22:42:54.842283,WG,72116837,$816.18,"FREDERICK, MD",08/7 10:00,"BALTIMORE, MD",08/7 14:30,215,51,NO NOTES,266,3.07,59,
2026-08-05T22:43:35.406605,WG,72116870,"$2,492.29","BROOKS, KY",08/10 13:00,"LAKEWOOD, NJ",08/11 08:00,734,739,IC7875: ENSURE THAT YOU HAVE THE ENTIRE BOL FILLED OUT AT THIS LOCATION.,1473,1.69,22,
2026-08-05T22:43:46.098056,WG,72116881,$821.72,"CARY, NC",08/10 14:00,"RALEIGH, NC",08/10 16:25,481,20,NO NOTES,501,1.64,19,
2026-08-05T22:43:51.661101,WG,72116715,"$1,182.56","BROOKS, KY",08/10 15:00,"CHESTERFIELD, MO",08/11 09:00,734,301,IC7875: ENSURE THAT YOU HAVE THE ENTIRE BOL FILLED OUT AT THIS LOCATION.,1035,1.14,5,
2026-08-05T22:44:01.150961,WG,72116871,"$5,385.47","LA VERGNE, TN",08/10 15:00,"SALT LAKE CITY, UT",08/12 10:00,866,"1,643",NO NOTES,2509,2.15,37,
2026-08-05T22:44:08.818722,WG,72111070,$964.22,"LA VERGNE, TN",08/10 16:00,"OLIVE BRANCH, MS",08/11 09:00,866,233,"CORD11: TRUCK MUST HAVE FULL AMOUNT OF USABLE SPACE FOR THE TRUCK SIZE REQUESTED, 20FT OF USABLE SPACE, 12FT OF USABLE SPACE, 53FT OF USABLE SPACE.",1099,0.88,1,
2026-08-05T22:44:11.929352,WG,72111089,$956.97,"LA VERGNE, TN",08/10 16:00,"COLLIERVILLE, TN",08/11 09:00,866,219,"CORD11: TRUCK MUST HAVE FULL AMOUNT OF USABLE SPACE FOR THE TRUCK SIZE REQUESTED, 20FT OF USABLE SPACE, 12FT OF USABLE SPACE, 53FT OF USABLE SPACE.",1085,0.88,1,
2026-08-05T22:44:15.042608,WG,72112638,"$1,559.53","BROOKS, KY",08/10 17:00,"OLIVE BRANCH, MS",08/11 08:59,734,377,IC7875: ENSURE THAT YOU HAVE THE ENTIRE BOL FILLED OUT AT THIS LOCATION.,1111,1.40,13,
2026-08-05T22:44:17.747356,WG,72115198,"$1,537.83","SHEPHERDSVILLE, KY",08/10 17:00,"WARRENDALE, PA",08/11 08:00,739,417,BAX5100: MUST HAVE TEAM DRIVERS FOR ALL RUNS NO MATTER WHAT THE MILEAGE IS.,1156,1.33,11,
2026-08-05T22:44:21.071285,WG,72102656,"$6,478.30","LA VERGNE, TN",08/10 18:00,"REDLANDS, CA",08/12 13:45,866,"1,986",ORDER NOTE: FDCC TO CONTACT 909-796-7171 TO CONFIRM DELIVERY DATE/TIME.,2852,2.27,41,
2026-08-05T22:44:23.477697,WG,72110656,"$1,321.77","BROOKS, KY",08/10 18:00,"ELK GROVE VILLAGE, IL",08/11 09:00,734,337,IC7875: ENSURE THAT YOU HAVE THE ENTIRE BOL FILLED OUT AT THIS LOCATION.,1071,1.23,8,
2026-08-05T22:44:25.875631,WG,72110781,"$1,891.84","BROOKS, KY",08/10 19:00,"DOTHAN, AL",08/11 09:00,734,543,IC7875: ENSURE THAT YOU HAVE THE ENTIRE BOL FILLED OUT AT THIS LOCATION.,1277,1.48,15,
2026-08-05T22:44:28.230616,WG,72110372,"$1,970.13","LA VERGNE, TN",08/10 19:00,"CANFIELD, OH",08/11 08:26,866,561,"CORD11: TRUCK MUST HAVE FULL AMOUNT OF USABLE SPACE FOR THE TRUCK SIZE REQUESTED, 20FT OF USABLE SPACE, 12FT OF USABLE SPACE, 53FT OF USABLE SPACE.",1427,1.38,12,
2026-08-05T22:44:31.047414,WG,72112564,$983.65,"BROOKS, KY",08/10 19:00,"PATASKALA, OH",08/11 08:00,734,237,IC7875: ENSURE THAT YOU HAVE THE ENTIRE BOL FILLED OUT AT THIS LOCATION.,971,1.01,1,
2026-08-05T22:44:41.572521,SE,72116940,"$1,184.33","CARTERSVILLE, GA",08/6 02:00,"SAINT LOUIS, MO",08/6 14:30,361,517,NO NOTES,878,1.35,11,
2026-08-05T22:44:46.454963,SE,72116923,$658.65,"EL SEGUNDO, CA",08/6 13:00,"COMPTON, CA",08/6 14:46,"2,122",13,NO NOTES,2135,0.31,1,
2026-08-05T22:44:48.838489,SE,72116883,"$1,582.44","STERLING, VA",08/7 09:00,"LAFAYETTE, IN",08/7 22:30,225,635,NO NOTES,860,1.84,25,
2026-08-06T07:03:55.198065,SE,72116941,$591.77,"NIXA, MO",08/6 12:00,"KANSAS CITY, KS",08/6 17:32,512,190,NO NOTES,702,0.84,1,
2026-08-06T07:16:08.527570,WG,72107534,$929.77,"BROOKS, KY",08/11 07:00,"WEST CHESTER, OH",08/11 11:19,734,133,NO NOTES,867,1.07,3,
2026-08-06T07:16:11.946238,WG,72116254,$880.08,"WALKERSVILLE, MD",08/11 07:00,"MORRIS PLAINS, NJ",08/11 13:10,218,220,NO NOTES,438,2.01,29,
2026-08-06T08:02:23.369419,WG,72112274,"$1,245.01","LOCKBOURNE, OH",08/11 08:00,"BROOKS, KY",08/11 14:12,522,221,NO NOTES,743,1.68,20,
2026-08-06T08:02:26.254446,WG,72116747,"$3,340.43","PHILADELPHIA, PA",08/11 08:00,"BROOKS, KY",08/12 08:45,57,698,NO NOTES,755,4.42,73,
2026-08-06T08:02:30.528694,WG,72116379,"$2,101.19","DULUTH, GA",08/11 08:00,"FORT WORTH, TX",08/12 09:00,827,851,TRUCK WILL NEED TO BE PRE-COOLED PRIOR TO PICKUP AND CONTINUOUSLY RUN.,1678,1.25,9,
2026-08-06T08:02:34.004303,WG,72113754,"$5,009.38","GROVE CITY, OH",08/11 08:00,"BOCA RATON, FL",08/12 09:08,524,"1,111","ORDER NOTE: DRIVER UNLOAD, PALLET JACK NEEDED OR SHIPMENT MAY BE REFUSED",1635,3.06,62,
2026-08-06T08:02:38.241886,WG,72116829,"$1,143.03","CAPE CANAVERAL, FL",08/11 08:00,"CLEARWATER, FL",08/11 12:35,"1,072",145,DO NOT STRAP THE BLUE INCA CONTAINERS TO A PALLET.,1217,0.94,1,
2026-08-06T08:09:25.802947,WG,72116393,"$1,069.51","LOCKBOURNE, OH",08/11 08:00,"LOUISVILLE, KY",08/11 14:05,522,216,NO NOTES,738,1.45,13,
2026-08-06T08:09:35.597477,WG,72116222,$986.50,"DURHAM, NC",08/11 08:00,"WINSTON SALEM, NC",08/11 11:21,467,87,DOCK CONFIRMATION # FA0811 PLEASE HAVE THE DRIVER PROVIDE THIS # UPON ARRIVAL,554,1.78,23,
2026-08-06T08:09:38.610499,WG,72111618,"$1,158.60","LOUISVILLE, KY",08/11 08:00,"LOUISVILLE, KY",08/11 08:00,729,0,L1068563: YOU MUST HAVE ALL OF YOUR USEABLE SPACE AVAILABLE. PLEASE ENSURE PERSONAL BELONGINGS ARE STOWED APPROPRIATELY.,729,1.59,17,
2026-08-06T09:02:57.243132,WG,72116394,"$1,069.51","LOCKBOURNE, OH",08/11 09:00,"LOUISVILLE, KY",08/11 15:05,522,216,NO NOTES,738,1.45,13,
2026-08-06T09:07:52.013009,WG,72116944,"$6,128.98","LOGAN, UT",08/10 10:00,"PORTSMOUTH, NH",08/13 14:52,"2,162","2,415",NO NOTES,4577,1.34,15,
2026-08-06T09:21:24.596153,WG,72116909,$933.48,"ATLANTA, GA",08/6 11:00,"ATHENS, GA",08/6 14:04,414,74,NO NOTES,488,1.91,26,
2026-08-06T09:37:31.240405,WG,72110848,"$1,229.84","PATASKALA, OH",08/11 09:30,"JEFFERSONVILLE, IN",08/11 15:48,503,226,NO NOTES,729,1.69,20,
2026-08-06T09:49:34.623375,WG,72116934,"$4,602.47","HORSHAM, PA",08/7 10:00,"LONGMONT, CO",08/10 10:00,59,"1,751",NO NOTES,1810,2.54,47,
2026-08-06T09:49:43.550878,WG,72116832,$811.83,"KENNEDY SPACE CENTER, FL",08/10 08:00,"CLEARWATER, FL",08/10 12:38,"1,059",148,NO NOTES,1207,0.67,1,
2026-08-06T09:56:50.087547,WG,72116958,"$1,252.07","ROCKFORD, IL",08/7 10:00,"NORTH CHICAGO, IL",08/7 13:21,874,87,NO NOTES,961,1.30,9,
2026-08-06T09:57:29.686597,WG,72116960,"$2,599.98","BLOOMINGTON, IN",08/10 13:00,"RENSSELAER, NY",08/11 08:18,750,837,NO NOTES,1587,1.64,20,
2026-08-06T10:00:38.639406,WG,72116916,"$7,580.96","WALKERSVILLE, MD",08/7 10:00,"SEATTLE, WA",08/10 11:00,218,"2,728",NO NOTES,2946,2.57,51,
2026-08-06T10:01:16.591838,WG,72116962,"$3,514.35","BLOOMINGTON, IN",08/10 13:00,"SWIFTWATER, PA",08/11 08:00,750,704,NO NOTES,1454,2.42,43,
2026-08-06T10:03:27.472089,WG,72116915,"$2,429.65","KALAMAZOO, MI",08/11 10:00,"LINCOLN, NE",08/12 08:00,701,650,NO NOTES,1351,1.80,24,
2026-08-06T10:03:32.408714,WG,72113696,"$2,533.86","BLOOMINGTON, IN",08/11 10:00,"RENSSELAER, NY",08/12 08:00,752,839,NO NOTES,1591,1.59,19,
2026-08-06T10:09:54.150997,WG,72112903,"$5,391.74","HOUSTON, TX",08/11 10:00,"KENT, WA",08/13 14:18,"1,608","2,388",NEEDS SWING OPEN DOORS (NOT ROLL UP) NO PETS THERE IS A PET SMART BAY AREA RIGHT UP THE STREET (LESS THAN A HALF MILE) NO STANDING AT THE GATE WITH PETS,3996,1.35,15,
2026-08-06T10:14:54.437615,WG,72116950,"$2,192.53","WEST DEPTFORD, NJ",08/10 08:00,"ELYRIA, OH",08/11 08:30,76,446,NO NOTES,522,4.20,72,
2026-08-06T10:29:05.555176,WG,72116935,"$1,295.75","BLOOMINGTON, IN",08/10 12:00,"ROCKFORD, IL",08/10 20:12,750,315,NO NOTES,1065,1.22,7,
2026-08-06T10:43:03.554416,WG,72116966,"$3,728.97","MINNETONKA, MN",08/10 11:00,"BROOKS, KY",08/11 07:00,"1,215",736,SEAL REQUIRED,1951,1.91,29,
2026-08-06T10:43:22.297607,WG,72116936,"$3,992.89","BOCA RATON, FL",08/10 13:00,"LA VERGNE, TN",08/11 09:30,"1,216",855,NO NOTES,2071,1.93,29,
2026-08-06T10:44:55.229714,WG,72100841,"$2,663.93","SHEPHERDSVILLE, KY",08/11 10:30,"MONTCLAIR, CA",08/13 08:05,739,"2,072",NO NOTES,2811,0.95,2,
2026-08-06T10:44:58.687201,WG,72116913,"$2,910.68","MALVERN, PA",08/11 10:30,"MEMPHIS, TN",08/12 11:21,83,"1,027",NO NOTES,1110,2.62,48,
2026-08-06T11:03:04.802398,WG,72115769,"$3,978.98","MOUNT VERNON, IN",08/11 11:00,"TEMPE, AZ",08/13 12:00,857,"1,684",PLEASE ARRIVE AT PICKUP IN RANGE**SET POINT 5C,2541,1.57,19,
2026-08-06T11:03:10.351377,WG,72114686,"$3,748.92","LA VERGNE, TN",08/11 11:00,"SUGAR LAND, TX",08/12 11:00,866,816,NO NOTES,1682,2.23,38,
2026-08-06T11:03:13.210564,WG,72116917,"$2,043.73","KALAMAZOO, MI",08/11 11:00,"FORT DODGE, IA",08/12 09:00,701,527,NO NOTES,1228,1.66,20,
2026-08-06T11:03:16.876312,WG,72112069,"$4,747.01","TEMPE, AZ",08/11 11:00,"CARROLLTON, TX",08/12 11:09,"2,391","1,065",NO NOTES,3456,1.37,15,
2026-08-06T11:03:25.052757,SE,72116973,"$2,225.00","HERNDON, VA",08/10 10:00,"GAINESVILLE, FL",08/11 08:00,220,777,NO NOTES,997,2.23,36,
2026-08-06T11:09:35.174211,WG,72116874,"$7,189.08","BEND, OR",08/11 11:00,"ROCKFORD, IL",08/13 09:00,"2,777","1,950",NO NOTES,4727,1.52,21,
2026-08-06T11:14:39.359403,WG,72116954,$990.27,"O FALLON, MO",08/10 08:30,"KANSAS CITY, MO",08/10 14:40,966,220,NO NOTES,1186,0.83,1,
2026-08-06T11:14:59.040414,WG,72116975,"$2,003.62","SAINT LOUIS, MO",08/10 12:00,"HOUSTON, TX",08/11 09:50,944,792,NO NOTES,1736,1.15,6,
2026-08-06T11:15:50.069182,WG,72116955,"$5,987.91","JOPLIN, MO",08/10 16:30,"CAMBRIDGE, MA",08/12 01:08,"1,230","1,464",NO NOTES,2694,2.22,40,
2026-08-06T11:29:02.670573,WG,72116998,$751.73,"ALLENTOWN, PA",08/10 10:00,"EXTON, PA",08/10 12:28,78,46,NO NOTES,124,6.06,71,
2026-08-06T12:00:31.590261,WG,72117001,"$2,210.56","CALEDONIA, MI",08/7 09:00,"RENSSELAER, NY",08/8 09:00,739,770,NO NOTES,1509,1.46,15,
2026-08-06T12:03:14.730578,WG,72116945,$821.72,"CARY, NC",08/11 12:00,"RALEIGH, NC",08/11 15:00,481,20,NO NOTES,501,1.64,19,
2026-08-06T12:21:28.570315,WG,72116946,"$3,907.31","WARNER ROBINS, GA",08/10 08:00,"SOUTH PORTLAND, ME",08/11 11:47,895,"1,236",NO NOTES,2131,1.83,27,
2026-08-06T12:30:12.837044,WG,72117004,"$3,320.25","BATON ROUGE, LA",08/11 08:30,"BARTOW, FL",08/12 07:30,"1,346",727,NO NOTES,2073,1.60,20,
2026-08-06T12:30:15.895599,WG,72117008,"$1,827.96","ALLENTOWN, PA",08/11 09:00,"MILTON, ON",08/12 09:00,78,401,NO NOTES,479,3.82,72,
2026-08-06T12:35:31.699109,WG,72116997,"$3,369.11","MOUNT STERLING, IL",08/6 16:00,"HARRISONBURG, VA",08/7 11:01,981,824,NO NOTES,1805,1.87,27,
2026-08-06T12:36:47.123549,WG,72117019,"$1,212.33","LA VERGNE, TN",08/10 16:00,"FLORENCE, KY",08/11 08:00,866,274,NO NOTES,1140,1.06,3,
2026-08-06T12:51:48.827816,WG,72117020,"$3,323.35","MCPHERSON, KS",08/11 09:00,"PEPPERELL, MA",08/13 08:00,"1,371","1,609",NO NOTES,2980,1.12,6,
2026-08-06T13:09:58.677887,WG,72116352,"$4,437.77","FORT WORTH, TX",08/11 13:00,"RENO, NV",08/13 11:00,"1,569","1,639","L1163385: TRAILERS MUST BE CLEAN, EMPTY, DRY, FREE OF STRUCTURAL DAMAGE AND NO ODORS FROM PRIOR FREIGHT. MUST HAVE TWO LOAD LOCKS IN EACH TRAILER AND FUEL TANKS 3/4 FULL PRIOR TO PICKUP ARRIVAL.",3208,1.38,15,
2026-08-06T13:15:00.110063,WG,72117022,,,,,,,,NO NOTES,,,1,
2026-08-06T13:15:03.507826,WG,72117023,$589.77,"ROBBINSVILLE, NJ",08/10 11:00,"PHILADELPHIA, PA",08/10 13:17,32,28,NO NOTES,60,9.83,70,
2026-08-06T13:43:15.280483,WG,72117025,"$3,549.26","NORTH CHARLESTON, SC",08/10 09:30,"GROTON, CT",08/11 08:00,732,887,NO NOTES,1619,2.19,36,
2026-08-06T13:43:23.272773,WG,72117026,"$4,786.85","BLOOMINGTON, IN",08/10 11:00,"PORTSMOUTH, NH",08/11 10:32,750,"1,036",NO NOTES,1786,2.68,51,
2026-08-06T13:43:52.053832,WG,72117078,"$3,923.65","ALLENTOWN, PA",08/10 14:00,"OLIVE BRANCH, MS",08/11 12:58,78,"1,009",NO NOTES,1087,3.61,73,
2026-08-06T13:43:58.713561,WG,72117027,"$1,222.44","BETHLEHEM, PA",08/10 14:00,"BEDFORD, NH",08/11 08:00,63,328,MUST HAVE A SEAL,391,3.13,61,
2026-08-06T13:45:40.674938,SE,72117015,"$4,811.01","GLENWOOD, IL",08/7 10:00,"CALGARY, AB",08/10 11:00,775,"1,615",NO NOTES,2390,2.01,33,
2026-08-06T13:59:35.817099,SE,72117080,$673.99,"WARWICK, RI",08/6 15:00,"LONDONDERRY, NH",08/7 08:00,201,102,NO NOTES,303,2.22,35,
2026-08-06T14:03:18.934499,WG,72116979,"$2,758.83","CHARLOTTESVILLE, VA",08/11 14:00,"LA VERGNE, TN",08/12 09:30,318,541,NO NOTES,859,3.21,64,
2026-08-06T14:03:23.489193,WG,72116295,"$2,421.60","SHEPHERDSVILLE, KY",08/11 14:00,"EAST WINDSOR, NJ",08/12 08:00,739,727,L1233585: BE SURE THAT YOUR PREVENTIVE MAINTANANCE IS UP TO DATE BEFORE PICKING UP. IF THE FREIGHT IS PICKIING UP OR DELIVERING TO UPS HEALTHCARE GO TO THE BUILDING FOR ASTELLAS AT DOOR PD123,1466,1.65,20,
2026-08-06T14:03:35.230904,SE,72117067,$757.57,"DULLES, VA",08/6 15:30,"DURHAM, NC",08/6 22:40,225,267,"DRIVER REQUIREMENT: IT IS PREFERRED THAT THE DRIVER BE A US CITIZEN WITH ALL PROPER ID IN HAND. IF DRIVER IS NOT A US CITIZEN THEY MUST HAVE A VALID DRIVER'S LICENSE, GREEN CARD, PASSPORT AND ALL PROPER ID IN HAND. FAILURE TO PROVIDE ALL PROPER ID WILL RESULT IN DRIVER BEING TURNED AWAY AT THE GATE.",492,1.54,16,
2026-08-06T14:09:04.542194,WG,72117033,"$8,207.00","MISSISSAUGA, ON",08/11 06:00,"PETALUMA, CA",08/14 11:00,464,"2,606",NO NOTES,3070,2.67,54,
2026-08-06T14:10:01.667439,WG,72116980,"$2,565.23","CHARLOTTESVILLE, VA",08/11 14:00,"LA VERGNE, TN",08/12 07:30,318,541,NO NOTES,859,2.99,58,
2026-08-06T14:43:14.913472,WG,72117092,"$1,046.86","RICHLAND, MS",08/10 13:15,"MEMPHIS, TN",08/10 21:15,"1,182",207,NO NOTES,1389,0.75,1,
2026-08-06T14:49:45.133419,WG,72117036,"$2,504.14","FISHERS, IN",08/10 09:00,"RENSSELAER, NY",08/11 08:00,703,792,NO NOTES,1495,1.68,21,
2026-08-06T14:56:39.027092,WG,72117098,"$2,310.54","FISHERS, IN",08/10 09:00,"RENSSELAER, NY",08/11 08:00,703,792,NO NOTES,1495,1.55,17,
2026-08-06T15:02:56.180450,WG,72116422,$945.98,"DEVENS, MA",08/11 15:00,"NEW BRUNSWICK, NJ",08/12 08:00,234,241,BRCOAR: TRAILER MUST BE EMPTY OUTSIDE OF EQUIPMENT NEEDED TO SECURE. NO PLYWOOD IN TRAILER FLOORS ON REEFER LOADS.,475,1.99,28,
2026-08-06T15:03:00.448690,WG,72112471,"$1,712.37","BROOKS, KY",08/11 15:00,"KERNERSVILLE, NC",08/12 08:00,734,472,NO NOTES,1206,1.42,13,
2026-08-06T15:03:03.946590,WG,72102724,"$3,480.04","LA VERGNE, TN",08/11 15:00,"MILFORD, MA",08/12 15:27,866,"1,079","CORD11: TRUCK MUST HAVE FULL AMOUNT OF USABLE SPACE FOR THE TRUCK SIZE REQUESTED, 20FT OF USABLE SPACE, 12FT OF USABLE SPACE, 53FT OF USABLE SPACE.",1945,1.79,25,
2026-08-06T15:03:07.969587,WG,72114886,"$3,005.60","LA VERGNE, TN",08/11 15:00,"SAN ANTONIO, TX",08/13 12:47,866,954,"CORD11: TRUCK MUST HAVE FULL AMOUNT OF USABLE SPACE FOR THE TRUCK SIZE REQUESTED, 20FT OF USABLE SPACE, 12FT OF USABLE SPACE, 53FT OF USABLE SPACE.",1820,1.65,21,
2026-08-06T15:03:13.707841,WG,72115349,"$2,233.83","MADISON, AL",08/11 15:00,"NEWARK, DE",08/12 09:41,915,808,ORDER NOTE: THIS SHIPMENT CAN BE MOVED IN A SPRINTER OR CARGO VAN.,1723,1.30,10,
2026-08-06T15:16:25.454917,WG,72117123,"$2,097.88","BLOOMINGTON, IN",08/11 09:00,"MCPHERSON, KS",08/12 09:00,752,659,NO NOTES,1411,1.49,15,
2026-08-06T15:30:53.712663,SE,72117111,"$1,341.03","LIBERTYVILLE, IL",08/10 15:00,"SAINT PAUL, MN",08/11 09:00,835,370,NO NOTES,1205,1.11,4,
2026-08-06T15:31:02.823484,SE,72117110,"$1,189.43","SAINT PAUL, MN",08/11 15:00,"LIBERTYVILLE, IL",08/12 09:00,"1,196",371,NO NOTES,1567,0.76,1,
2026-08-06T15:35:37.300810,WG,72117114,$912.84,"ALLENTOWN, PA",08/10 08:00,"NEW CASTLE, DE",08/10 11:18,78,85,NO NOTES,163,5.60,71,
2026-08-06T15:37:57.653348,WG,72112282,"$1,245.01","BROOKS, KY",08/11 15:30,"GROVEPORT, OH",08/11 22:00,734,221,NO NOTES,955,1.30,9,
2026-08-06T15:38:00.670584,WG,72110772,"$2,970.59","PATASKALA, OH",08/11 15:30,"OVERLAND PARK, KS",08/12 08:15,503,694,NO NOTES,1197,2.48,44,
2026-08-06T15:44:59.201667,SE,72117115,"$3,039.75","INDIANAPOLIS, IN",08/10 07:00,"OCALA, FL",08/11 07:30,709,917,NO NOTES,1626,1.87,27,
2026-08-06T15:45:16.696993,SE,72117127,"$7,424.55","EDWARDS, CA",08/11 12:30,"CHARLESTOWN, MA",08/14 14:00,"2,714","2,935",NO NOTES,5649,1.31,15,
2026-08-06T16:02:43.770413,WG,72102874,"$1,946.92","LA VERGNE, TN",08/11 16:00,"LENEXA, KS",08/12 09:00,866,586,"CORD11: TRUCK MUST HAVE FULL AMOUNT OF USABLE SPACE FOR THE TRUCK SIZE REQUESTED, 20FT OF USABLE SPACE, 12FT OF USABLE SPACE, 53FT OF USABLE SPACE.",1452,1.34,11,
2026-08-06T16:02:48.819710,WG,72102853,"$5,555.17","LA VERGNE, TN",08/11 16:00,"LAS VEGAS, NV",08/13 07:55,866,"1,806","CORD11: TRUCK MUST HAVE FULL AMOUNT OF USABLE SPACE FOR THE TRUCK SIZE REQUESTED, 20FT OF USABLE SPACE, 12FT OF USABLE SPACE, 53FT OF USABLE SPACE.",2672,2.08,35,
2026-08-06T16:08:57.432021,WG,72117072,"$1,638.70","LA VERGNE, TN",08/11 08:30,"COLUMBUS, OH",08/11 16:30,866,393,NO NOTES,1259,1.30,10,
2026-08-06T16:09:49.049590,SE,72117117,"$5,755.30","HILLSBORO, OR",08/7 12:00,"STERLING, VA",08/10 08:00,"2,906","2,808",NO NOTES,5714,1.01,5,
2026-08-06T16:29:09.330736,WG,72117163,"$3,856.73","EL SEGUNDO, CA",08/10 11:00,"NEW ORLEANS, LA",08/12 05:27,"2,786","1,925","ORDER NOTE: THE SHIPPING DOCK IS LOCATED AT BUILDING S25, ON THE EAST DOCK. THE GATE FOR BUILDING S25 (GATE 8) IS LOCATED ON THE CORNER OF NASH AND IMPERIAL HWY. HOWEVER, BEFORE ENTERING THE FACILITY, DRIVERS WILL NEED TO PASS THROUGH THE VEHICLE INSPECTION TEAM OFF OF MAPLE. INSTEAD OF TURNING INTO GATE 8, CONTINUE SOUTH ON NASH, THEN RIGHT ON MAPLE. HALF WAY DOWN THE BLOCK, DRIVERS WILL SEE THE ENTRANCE ON THE RIGHT. THERE IS A SIGN INDICATING ?VEHICLE INSPECTION TEAM (GATE 4). (SIDE NOTE: IF YOUR DRIVER ARRIVES PRIOR TO 2:00 PM THEY NEED TO GO THROUGH THE VEHICLE INSPECTION THAT IS PERFORMED AT GATE 4. IF THE DRIVER ARRIVES AFTER 2:00 PM THEY NEED TO GO THROUGH THE VEHICLE INSPECTION THAT IS PERFORMED AT GATE 3.",4711,0.82,3,
2026-08-06T16:30:08.241982,WG,72117162,"$2,879.99","HOUSTON, TX",08/11 10:00,"DURHAM, NC",08/12 12:30,"1,608","1,175",NO NOTES,2783,1.03,3,
2026-08-06T16:42:27.140615,WG,72117140,"$1,862.13","RENSSELAER, NY",08/8 10:00,"CENTRAL ISLIP, NY",08/8 15:33,170,191,F1093389: BOTH DRIVERS MUST BE IN THE TRUCK UPON PICKUP ARRIVAL.,361,5.16,72,
2026-08-06T17:02:45.154757,WG,72112742,"$1,080.77","BROOKS, KY",08/11 17:00,"COLUMBUS, OH",08/12 09:00,734,219,IC7875: ENSURE THAT YOU HAVE THE ENTIRE BOL FILLED OUT AT THIS LOCATION.,953,1.13,5,
2026-08-06T17:02:48.255686,WG,72102862,"$2,308.59","LA VERGNE, TN",08/11 17:00,"FLOWER MOUND, TX",08/12 09:28,866,704,"CORD11: TRUCK MUST HAVE FULL AMOUNT OF USABLE SPACE FOR THE TRUCK SIZE REQUESTED, 20FT OF USABLE SPACE, 12FT OF USABLE SPACE, 53FT OF USABLE SPACE.",1570,1.47,15,
2026-08-06T17:09:37.260200,WG,72114636,"$1,563.67","LA VERGNE, TN",08/11 17:00,"LEWIS CENTER, OH",08/12 08:00,866,415,NO NOTES,1281,1.22,7,
2026-08-06T17:15:01.937012,WG,72117142,"$2,876.32","RENSSELAER, NY",08/10 13:00,"NASHVILLE, TN",08/11 11:52,170,"1,005",NO NOTES,1175,2.45,43,
2026-08-06T17:16:27.839749,WG,72117183,,,,,,,,NO NOTES,,,1,
2026-08-06T17:28:47.550752,WG,72117145,"$5,948.83","LOGAN, UT",08/10 09:00,"NORTHBOROUGH, MA",08/12 12:14,"2,162","2,338",NO NOTES,4500,1.32,14,
2026-08-06T17:38:21.610478,SE,72117147,"$1,862.81","DURHAM, NC",08/7 09:00,"INWOOD, NY",08/10 08:00,474,518,NO NOTES,992,1.88,26,
2026-08-06T17:51:46.592439,SE,72117184,"$1,360.27","BECKER, MN",08/7 09:00,"TINLEY PARK, IL",08/10 09:00,"1,246",468,NO NOTES,1714,0.79,1,
2026-08-06T18:02:33.625663,WG,72111077,"$1,965.81","LA VERGNE, TN",08/11 18:00,"CARY, NC",08/12 08:00,866,529,"CORD11: TRUCK MUST HAVE FULL AMOUNT OF USABLE SPACE FOR THE TRUCK SIZE REQUESTED, 20FT OF USABLE SPACE, 12FT OF USABLE SPACE, 53FT OF USABLE SPACE.",1395,1.41,13,
2026-08-06T18:02:37.278943,WG,72113815,"$1,398.82","NEWARK, DE",08/11 18:00,"HAMMONTON, NJ",08/12 11:33,104,175,ORDER NOTE: PALLET JACK NEEDED FOR DRIVER UNLOAD OR SHIPMENT MAY BE REFUSED,279,5.01,71,
2026-08-06T18:02:40.659991,WG,72112287,"$1,245.01","BROOKS, KY",08/11 18:00,"LOCKBOURNE, OH",08/12 00:12,734,221,NO NOTES,955,1.30,9,
2026-08-06T18:09:43.107650,SE,72117155,$294.52,"BOSTON, MA",08/11 09:00,"BOSTON, MA",08/11 15:00,249,54,NO NOTES,303,0.97,1,
2026-08-06T18:29:54.287758,WG,72117218,"$2,876.32","RENSSELAER, NY",08/11 13:00,"NASHVILLE, TN",08/12 11:52,170,"1,005",NO NOTES,1175,2.45,43,
2026-08-06T18:37:22.400176,WG,72117221,"$1,011.23","SHEPHERDSVILLE, KY",08/11 15:00,"LA VERGNE, TN",08/12 07:00,739,171,BAX5100: MUST HAVE TEAM DRIVERS FOR ALL RUNS NO MATTER WHAT THE MILEAGE IS.,910,1.11,4,
2026-08-06T18:57:33.032824,WG,72117243,"$6,481.48","LA VERGNE, TN",08/10 20:00,"MONTCLAIR, CA",08/13 03:00,866,"1,987",NO NOTES,2853,2.27,41,
2026-08-06T19:00:30.541508,WG,72117222,$861.40,"BROOKS, KY",08/7 12:00,"BROOKS, KY",08/7 17:00,734,1,IC7875: ENSURE THAT YOU HAVE THE ENTIRE BOL FILLED OUT AT THIS LOCATION.,735,1.17,5,
2026-08-06T19:01:38.368706,WG,72117241,"$1,128.30","LA VERGNE, TN",08/10 19:00,"BROOKS, KY",08/11 06:00,866,176,NO NOTES,1042,1.08,3,
2026-08-06T19:02:51.536266,WG,72110380,"$2,351.50","LA VERGNE, TN",08/11 19:00,"FORT WORTH, TX",08/12 11:46,866,718,"CORD11: TRUCK MUST HAVE FULL AMOUNT OF USABLE SPACE FOR THE TRUCK SIZE REQUESTED, 20FT OF USABLE SPACE, 12FT OF USABLE SPACE, 53FT OF USABLE SPACE.",1584,1.48,16,
2026-08-06T19:02:54.501652,WG,72112292,"$1,517.10","BROOKS, KY",08/11 19:00,"MEMPHIS, TN",08/12 08:31,734,355,NO NOTES,1089,1.39,12,
2026-08-06T20:02:38.773583,WG,72112746,$952.05,"BROOKS, KY",08/11 20:00,"LA VERGNE, TN",08/12 07:00,734,176,IC7875: ENSURE THAT YOU HAVE THE ENTIRE BOL FILLED OUT AT THIS LOCATION.,910,1.05,2,
2026-08-06T21:44:21.284335,SE,72117083,"$6,350.68","FOOTHILL RANCH, CA",08/7 11:00,"NAPLES, FL",08/10 08:00,"2,767","2,664",NO NOTES,5431,1.17,10,
2026-08-07T01:58:33.939153,SE,72114503,$532.29,"ATLANTA, GA",08/7 07:30,"NORCROSS, GA",08/7 09:43,858,34,NO NOTES,892,0.60,1,
2026-08-07T06:15:42.655699,WG,72117247,"$3,120.73","BETHLEHEM, PA",08/11 10:00,"LA VERGNE, TN",08/12 04:44,63,810,NO NOTES,873,3.57,73,
2026-08-07T07:28:24.993349,WG,72117249,"$2,212.55","BROOKS, KY",08/7 13:00,"SOUDERTON, PA",08/8 09:30,734,684,IC7875: ENSURE THAT YOU HAVE THE ENTIRE BOL FILLED OUT AT THIS LOCATION.,1418,1.56,18,
2026-08-07T07:30:38.245888,SE,72117248,"$1,039.80","OLIVE BRANCH, MS",08/10 09:00,"BROOKS, KY",08/10 18:27,"1,083",374,IC7875: ENSURE THAT YOU HAVE THE ENTIRE BOL FILLED OUT AT THIS LOCATION.,1457,0.71,1,
2026-08-07T07:42:45.164099,WG,72117250,$679.32,"CRANBURY, NJ",08/10 10:00,"RARITAN, NJ",08/10 12:07,20,29,00046768: ALL TEMP CONTROL LOADS MUST BE TVAL,49,13.86,70,
2026-08-07T07:58:11.869847,WG,72117190,"$1,035.22","WEST SACRAMENTO, CA",08/11 12:00,"SOUTH SAN FRANCISCO, CA",08/11 15:26,"2,814",91,NO NOTES,2905,0.36,1,
2026-08-07T08:02:37.746633,WG,72108609,"$15,140.32","ANDOVER, MA",08/12 08:00,"SAN FRANCISCO, CA",08/15 03:46,255,"3,115","TR30SU: PLEASE USE STRAPS AT ALL TIMES, CALL TCI WITH ANY EXCEPTIONS DURING BUSINESS HOURS ONLY",3370,4.49,84,
2026-08-07T08:09:46.014173,WG,72111619,"$1,158.60","LOUISVILLE, KY",08/12 08:00,"LOUISVILLE, KY",08/12 08:00,729,0,L1068563: YOU MUST HAVE ALL OF YOUR USEABLE SPACE AVAILABLE. PLEASE ENSURE PERSONAL BELONGINGS ARE STOWED APPROPRIATELY.,729,1.59,17,
2026-08-07T08:35:35.426760,WG,72117195,,,,,,,,NO NOTES,,,1,
2026-08-07T08:50:37.906932,WG,72117253,"$2,399.15","ATHENS, GA",08/11 10:00,"FORT WORTH, TX",08/12 06:35,801,897,TRUCK MUST BE SET AT 5C AND PRECOOLED UPON ARRIVAL,1698,1.41,14,
2026-08-07T08:51:26.164344,WG,72116575,$854.67,"INDIANAPOLIS, IN",08/12 08:30,"HAMILTON, OH",08/12 12:30,707,118,"L1218217: TRAILER MUST BE EMPTY AND NO PERSONAL ITEMS, OR PALLET JACK, SECUREMENT ITEMS ONLY",825,1.04,2,
2026-08-07T09:01:27.532570,WG,72117256,"$2,073.48","CALEDONIA, MI",08/11 09:00,"ALLENTOWN, PA",08/12 08:00,739,667,NO NOTES,1406,1.47,15,
2026-08-07T09:02:15.288271,WG,72117255,"$3,041.77","KANSAS CITY, MO",08/11 15:00,"SPENCERVILLE, OH",08/12 08:00,"1,185",632,NO NOTES,1817,1.67,22,
2026-08-07T09:02:51.373670,WG,72116380,"$2,040.28","DULUTH, GA",08/12 09:00,"HARRISBURG, PA",08/13 09:00,827,697,"L1163385: TRAILERS MUST BE CLEAN, EMPTY, DRY, FREE OF STRUCTURAL DAMAGE AND NO ODORS FROM PRIOR FREIGHT. MUST HAVE TWO LOAD LOCKS IN EACH TRAILER AND FUEL TANKS 3/4 FULL PRIOR TO PICKUP ARRIVAL.",1524,1.34,11,
2026-08-07T09:02:55.033469,WG,72116774,"$1,843.02","LYNCHBURG, VA",08/12 09:00,"WEST MIFFLIN, PA",08/13 08:00,378,342,NO PETS/ NO DUAL CITIZENSHIP/ AND MUST HAVE REAL ID,720,2.56,45,
2026-08-07T09:02:59.304981,WG,72116663,"$1,777.32","INDIANAPOLIS, IN",08/12 09:00,"DURHAM, NC",08/13 08:00,707,611,ALL SHIPMENTS MUST BE DELIVERED TO BUILDING 10,1318,1.35,11,
2026-08-07T09:28:33.552781,WG,72117261,"$1,082.68","NORTH HAVEN, CT",08/10 05:00,"QUEENSBURY, NY",08/10 10:31,116,189,DRIVER TO CALL THE STERILIZER OFFICE @ 203-492-8417 AND SECURITY @ 203-492-6420 UPON ARRIVAL. PLEASE ENSURE TRAILER TEMP IS MAINTAINED AT 34F UNTIL MATERIAL IS OFF LOADED.,305,3.55,71,
2026-08-07T09:29:07.094453,WG,72117262,$690.33,"PHILADELPHIA, PA",08/10 13:00,"SOUDERTON, PA",08/10 15:12,57,33,NO NOTES,90,7.67,70,
2026-08-07T09:31:40.011993,SE,72117298,"$5,226.21","NORTH CHARLESTON, SC",08/7 13:30,"SANTA FE SPRINGS, CA",08/10 16:30,730,"2,492",NO NOTES,3222,1.62,22,
2026-08-07T09:43:59.164500,WG,72115815,,,,,,,,NO NOTES,,,1,
2026-08-07T09:46:41.830529,WG,72110852,"$1,229.84","PATASKALA, OH",08/12 09:30,"JEFFERSONVILLE, IN",08/12 15:48,503,226,NO NOTES,729,1.69,20,
2026-08-07T09:56:35.795556,WG,72117300,$624.43,"BREINIGSVILLE, PA",08/10 09:00,"SOMERSET, NJ",08/10 12:30,82,73,NO NOTES,155,4.03,70,
2026-08-07T10:00:27.288609,WG,72117301,"$1,862.13","RENSSELAER, NY",08/8 10:00,"CENTRAL ISLIP, NY",08/8 15:33,170,191,F1093389: BOTH DRIVERS MUST BE IN THE TRUCK UPON PICKUP ARRIVAL.,361,5.16,72,
2026-08-07T10:03:00.662710,WG,72117086,"$2,116.58","NEW BRUNSWICK, NJ",08/12 10:00,"MOUNT VERNON, IN",08/13 09:00,9,852,BRCOAR: TRAILER MUST BE EMPTY OUTSIDE OF EQUIPMENT NEEDED TO SECURE. NO PLYWOOD IN TRAILER FLOORS ON REEFER LOADS.,861,2.46,43,
2026-08-07T10:09:59.315913,WG,72116965,"$3,666.55","TAMPA, FL",08/12 10:00,"BROOKS, KY",08/13 10:30,"1,113",868,NO NOTES,1981,1.85,27,
2026-08-07T10:10:02.493974,WG,72112760,$811.75,"COLUMBUS, OH",08/12 10:00,"WEST CHESTER, OH",08/12 11:00,528,92,"BICOCT: TRAILERS MUST BE CLEAN, EMPTY, DRY, FREE OF STRUCTURAL DAMAGE AND NO ODORS FROM PRIOR FREIGHT. MUST HAVE TWO LOAD LOCKS IN EACH TRAILER AND FUEL TANKS 3/4 FULL PRIOR TO PICKUP ARRIVAL. ANY SHIPMENTS WITH VA-Q-TEC CONTAINERS, PLEASE MAKE SURE CONTAINERS ARE OFFLOADED AND COMPLETELY EMPTIED AT DELIVERY BEFORE BEING RELOADED ONTO TRUCK FOR RETURN TO VA-Q-TEC.",620,1.31,9,
2026-08-07T10:23:48.820255,SE,72117302,"$3,101.23","CELINA, TX",08/10 11:00,"FORT MILL, SC",08/11 11:14,"1,532","1,069",NO NOTES,2601,1.19,8,
2026-08-07T10:43:40.294966,WG,72117267,"$8,467.13","COSTA MESA, CA",08/11 11:00,"LA VERGNE, TN",08/11 11:35,"2,771","2,022",NO NOTES,4793,1.77,29,
2026-08-07T10:44:47.729437,SE,72117303,"$3,463.97","CORDOVA, IL",08/10 10:00,"PHILADELPHIA, PA",08/11 08:00,938,921,L1238923: NO PETS,1859,1.86,27,
2026-08-07T10:49:36.692149,WG,72117292,"$1,295.75","BLOOMINGTON, IN",08/10 12:00,"ROCKFORD, IL",08/10 20:12,750,315,TRUCK MUST BE SEALABLE,1065,1.22,7,
2026-08-07T10:50:21.077754,WG,72117306,"$2,380.22","ONTARIO, NY",08/11 08:00,"CHESAPEAKE, VA",08/12 08:00,312,587,L1238923: NO PETS,899,2.65,48,
2026-08-07T10:50:56.479879,WG,72117265,$750.87,"BETHLEHEM, PA",08/11 12:00,"SOMERSET, NJ",08/11 13:30,66,57,NO NOTES,123,6.10,71,
2026-08-07T10:57:36.964458,WG,72117268,"$3,359.85","BLOOMINGTON, IN",08/11 11:00,"CRANBURY, NJ",08/12 04:18,752,743,CO7487: PLEASE INSPECT TRAILERS PRIOR TO PU ARRIVAL AND REPORT ANY ISSUES TO DISPATCH BEFORE PU. ALL TRAILERS MUST BE CLEAN AND FREE OF DEBRIS.,1495,2.25,38,
2026-08-07T11:02:59.765153,WG,72112260,$766.71,"LOCKBOURNE, OH",08/12 11:00,"LOCKBOURNE, OH",08/12 12:31,522,1,NO NOTES,523,1.47,14,
2026-08-07T11:03:04.434584,WG,72110364,$953.86,"LA VERGNE, TN",08/12 11:00,"MEMPHIS, TN",08/12 17:01,866,213,"CORD11: TRUCK MUST HAVE FULL AMOUNT OF USABLE SPACE FOR THE TRUCK SIZE REQUESTED, 20FT OF USABLE SPACE, 12FT OF USABLE SPACE, 53FT OF USABLE SPACE.",1079,0.88,1,
2026-08-07T11:03:08.105120,WG,72102960,"$2,585.97","LA VERGNE, TN",08/12 11:00,"TAMPA, FL",08/13 13:07,866,768,"CORD11: TRUCK MUST HAVE FULL AMOUNT OF USABLE SPACE FOR THE TRUCK SIZE REQUESTED, 20FT OF USABLE SPACE, 12FT OF USABLE SPACE, 53FT OF USABLE SPACE.",1634,1.58,19,
2026-08-07T11:03:12.090098,WG,72113573,"$2,525.57","LOCKBOURNE, OH",08/12 11:00,"DOTHAN, AL",08/13 09:00,522,763,IC7875: ENSURE THAT YOU HAVE THE ENTIRE BOL FILLED OUT AT THIS LOCATION.,1285,1.97,29,
2026-08-07T11:03:15.763898,WG,72114562,"$1,607.04","BROOKS, KY",08/12 11:00,"AURORA, IL",08/13 08:00,734,341,IC7875: ENSURE THAT YOU HAVE THE ENTIRE BOL FILLED OUT AT THIS LOCATION.,1075,1.49,15,
2026-08-07T11:07:35.560101,WG,72117309,"$2,278.09","LIVERMORE, CA",08/10 11:00,"SALT LAKE CITY, UT",08/11 10:00,"2,899",735,"ORDER NOTE: MUST BE A U.S. CITIZEN, NO DRUGS, ALCOHOL, WEAPONS OR PETS ALLOWED ON SITE.",3634,0.63,2,
2026-08-07T11:09:37.037681,WG,72112765,"$2,626.71","COLUMBUS, OH",08/12 11:00,"ORLANDO, FL",08/13 08:00,528,961,"BICOCT: TRAILERS MUST BE CLEAN, EMPTY, DRY, FREE OF STRUCTURAL DAMAGE AND NO ODORS FROM PRIOR FREIGHT. MUST HAVE TWO LOAD LOCKS IN EACH TRAILER AND FUEL TANKS 3/4 FULL PRIOR TO PICKUP ARRIVAL. ANY SHIPMENTS WITH VA-Q-TEC CONTAINERS, PLEASE MAKE SURE CONTAINERS ARE OFFLOADED AND COMPLETELY EMPTIED AT DELIVERY BEFORE BEING RELOADED ONTO TRUCK FOR RETURN TO VA-Q-TEC.",1489,1.76,24,
2026-08-07T11:29:01.967139,WG,72117320,"$1,632.25","WINCHESTER, KY",08/11 08:00,"MORRISVILLE, NC",08/11 11:22,669,460,NO NOTES,1129,1.45,14,
2026-08-07T11:30:50.433492,SE,72117272,$827.41,"READING, PA",08/10 07:00,"LYNCHBURG, VA",08/10 15:18,112,320,NO NOTES,432,1.92,26,
2026-08-07T11:45:06.978509,SE,72117318,$603.56,"BLUE ASH, OH",08/10 08:00,"BROOKS, KY",08/10 12:14,614,129,IC7875: ENSURE THAT YOU HAVE THE ENTIRE BOL FILLED OUT AT THIS LOCATION.,743,0.81,1,
2026-08-07T11:50:58.482809,WG,72117277,"$3,759.57","ROCKFORD, IL",08/11 13:00,"BETHLEHEM, PA",08/12 09:15,879,823,ORDER NOTE: SO 952514 / AG120 SHIPPING,1702,2.21,37,
2026-08-07T11:51:51.684488,SE,72117294,$453.81,"RANDOLPH, NJ",08/7 13:00,"MORRISTOWN, NJ",08/7 15:14,45,11,MUST DELIVER BY 1630,56,8.10,70,
2026-08-07T12:02:15.412529,WG,72115768,"$4,511.62","MOUNT VERNON, IN",08/11 15:00,"MONTCLAIR, CA",08/13 12:30,862,"1,957",PLEASE ARRIVE AT PICKUP IN RANGE*SET POINT 5C,2819,1.60,21,
2026-08-07T12:03:06.270387,WG,72116799,"$2,589.90","GREENFIELD, IN",08/12 12:00,"STERLING, VA",08/13 09:00,683,546,ORDER NOTE: INSIDE DELIVERY HAS BEEN REQUESTED. PLEASE MAKE SURE DRIVER HAS A PALLET JACK.,1229,2.11,33,
2026-08-07T12:03:09.398144,WG,72114166,"$2,326.92","MANCHESTER, PA",08/12 12:00,"DOTHAN, AL",08/13 09:26,161,937,PLEASE BE SURE YOU ARE IN RANGE WHEN YOU ARRIVE AT PICKUP**SET POINT 20C,1098,2.12,33,
2026-08-07T12:03:12.424614,WG,72102886,"$1,876.42","LA VERGNE, TN",08/12 12:00,"TROY, MI",08/13 09:00,871,563,"CORD11: TRUCK MUST HAVE FULL AMOUNT OF USABLE SPACE FOR THE TRUCK SIZE REQUESTED, 20FT OF USABLE SPACE, 12FT OF USABLE SPACE, 53FT OF USABLE SPACE.",1434,1.31,10,
2026-08-07T12:09:21.103002,WG,72112770,$780.67,"COLUMBUS, OH",08/12 12:00,"PATASKALA, OH",08/12 14:00,533,32,"BICOCT: TRAILERS MUST BE CLEAN, EMPTY, DRY, FREE OF STRUCTURAL DAMAGE AND NO ODORS FROM PRIOR FREIGHT. MUST HAVE TWO LOAD LOCKS IN EACH TRAILER AND FUEL TANKS 3/4 FULL PRIOR TO PICKUP ARRIVAL. ANY SHIPMENTS WITH VA-Q-TEC CONTAINERS, PLEASE MAKE SURE CONTAINERS ARE OFFLOADED AND COMPLETELY EMPTIED AT DELIVERY BEFORE BEING RELOADED ONTO TRUCK FOR RETURN TO VA-Q-TEC.",565,1.38,11,
2026-08-07T12:36:42.630990,WG,72117345,"$6,051.26","LOS ANGELES, CA",08/11 12:00,"KENNEDY SPACE CENTER, FL",08/14 06:00,"2,791","2,578",NO NOTES,5369,1.13,9,
2026-08-07T12:44:41.669291,SE,72117186,$468.37,"NASHVILLE, TN",08/7 13:00,"LA VERGNE, TN",08/7 15:00,870,12,NO NOTES,882,0.53,1,
2026-08-07T12:51:15.305189,WG,72117316,"$1,516.46","CRANBURY, NJ",08/12 10:00,"HIGH POINT, NC",08/13 10:00,25,491,NO NOTES,516,2.94,56,
2026-08-07T13:09:38.231919,WG,72111399,$844.02,"LA VERNE, CA",08/12 13:00,"MONTCLAIR, CA",08/12 14:41,"2,745",9,NO NOTES,2754,0.31,1,
2026-08-07T13:23:32.108220,WG,72117251,"$3,090.63","GREENVILLE, NC",08/12 08:00,"LA VERGNE, TN",08/13 07:30,487,617,NO NOTES,1104,2.80,53,
2026-08-07T13:30:37.646292,SE,72117378,$406.35,"FORT WAYNE, IN",08/7 14:30,"ERLANGER, KY",08/7 18:13,655,160,NO NOTES,815,0.50,1,
2026-08-07T13:30:46.945653,SE,72117371,"$3,567.47","TERRELL, TX",08/10 15:00,"CANTON, NY",08/12 06:30,"1,517","1,619",NO NOTES,3136,1.14,7,
2026-08-07T13:35:36.415505,WG,72117374,"$2,809.77","COLUMBUS, OH",08/10 15:00,"DAYVILLE, CT",08/11 08:00,533,715,NO NOTES,1248,2.25,37,
2026-08-07T13:42:24.658126,WG,72117368,"$3,547.74","BILLERICA, MA",08/10 08:00,"LEWIS CENTER, OH",08/11 08:00,248,758,NO NOTES,1006,3.53,73,
2026-08-07T13:43:06.298593,WG,72117372,"$1,040.66","MCDONOUGH, GA",08/11 09:00,"COURTLAND, AL",08/11 16:00,879,284,"?CORRECT ADDRESS FROM CUSTOMER - 1325 MACON ST, MCDONOUGH, GA",1163,0.89,1,
2026-08-07T14:02:50.941764,WG,72111846,$946.56,"MIRA LOMA, CA",08/12 14:00,"SANTA MONICA, CA",08/12 18:31,"2,738",72,"L1145981: IF PICKING UP AT UPS MIRA LOMA, CA PU IS AT DOOR 2132.",2810,0.34,1,
2026-08-07T14:02:54.299613,WG,72102710,"$2,760.22","LA VERGNE, TN",08/12 14:00,"FAIRFIELD, NJ",08/13 10:03,871,872,"CORD11: TRUCK MUST HAVE FULL AMOUNT OF USABLE SPACE FOR THE TRUCK SIZE REQUESTED, 20FT OF USABLE SPACE, 12FT OF USABLE SPACE, 53FT OF USABLE SPACE.",1743,1.58,19,
2026-08-07T14:02:57.615909,WG,72116978,"$3,300.80","CENTRAL ISLIP, NY",08/12 14:00,"MASON, OH",08/13 09:00,78,667,NO NOTES,745,4.43,73,
2026-08-07T14:15:26.689601,WG,72117383,"$1,198.71","DULUTH, GA",08/11 12:00,"SHEPHERDSVILLE, KY",08/12 09:00,849,406,"L1163385: TRAILERS MUST BE CLEAN, EMPTY, DRY, FREE OF STRUCTURAL DAMAGE AND NO ODORS FROM PRIOR FREIGHT. MUST HAVE TWO LOAD LOCKS IN EACH TRAILER AND FUEL TANKS 3/4 FULL PRIOR TO PICKUP ARRIVAL.",1255,0.96,1,
2026-08-07T14:15:44.847555,WG,72117377,"$2,734.69","ATLANTA, GA",08/11 16:00,"BRIDGMAN, MI",08/12 09:08,870,735,L1158680: ***NO QOC'S** PER CUST REQ,1605,1.70,22,
2026-08-07T14:22:58.202308,WG,72117402,$975.36,"BROOKS, KY",08/11 17:00,"LOCKBOURNE, OH",08/12 08:00,739,221,NO NOTES,960,1.02,1,
2026-08-07T14:35:53.591589,WG,72117376,"$10,032.02","BROOKLYN, NY",08/11 08:00,"LA VERNE, CA",08/13 20:26,30,"2,770",NO NOTES,2800,3.58,79,
2026-08-07T14:42:48.423465,WG,72117403,"$1,193.46","PLAINSBORO, NJ",08/11 08:00,"ANDOVER, MA",08/11 15:23,29,277,NO NOTES,306,3.90,71,
2026-08-07T14:45:15.439592,SE,72117388,"$3,519.12","BROOMFIELD, CO",08/10 11:00,"EL SEGUNDO, CA",08/11 10:38,"1,781","1,041",NO NOTES,2822,1.25,10,
2026-08-07T15:03:05.678832,WG,72111081,"$7,469.16","LA VERGNE, TN",08/12 15:00,"SAN LEANDRO, CA",08/14 17:22,871,"2,297","CORD11: TRUCK MUST HAVE FULL AMOUNT OF USABLE SPACE FOR THE TRUCK SIZE REQUESTED, 20FT OF USABLE SPACE, 12FT OF USABLE SPACE, 53FT OF USABLE SPACE.",3168,2.36,45,
2026-08-07T15:03:09.804554,WG,72115350,"$1,262.30","MADISON, AL",08/12 15:00,"CINCINNATI, OH",08/13 23:00,920,403,NO NOTES,1323,0.95,1,
2026-08-07T15:03:13.521685,WG,72112269,"$1,474.91","LOCKBOURNE, OH",08/12 15:00,"OLIVE BRANCH, MS",08/13 08:00,527,594,NO NOTES,1121,1.32,10,
2026-08-07T15:03:17.111242,WG,72111075,"$2,489.94","LA VERGNE, TN",08/12 15:00,"LEWISVILLE, TX",08/13 09:00,871,700,"CORD11: TRUCK MUST HAVE FULL AMOUNT OF USABLE SPACE FOR THE TRUCK SIZE REQUESTED, 20FT OF USABLE SPACE, 12FT OF USABLE SPACE, 53FT OF USABLE SPACE.",1571,1.58,19,
2026-08-07T15:03:20.744231,WG,72116808,"$3,231.46","GENOA, IL",08/12 15:00,"HUNTSVILLE, AL",08/13 08:00,853,640,NO NOTES,1493,2.16,35,
2026-08-07T15:03:24.065900,WG,72116970,"$2,133.47","WILMINGTON, OH",08/12 15:00,"ALLENTOWN, PA",08/13 08:00,583,501,NO NOTES,1084,1.97,29,
2026-08-07T15:03:41.677502,SE,72117161,"$3,345.77","CHATTANOOGA, TN",08/12 15:00,"PISCATAWAY, NJ",08/13 09:24,806,795,NO NOTES,1601,2.09,33,
2026-08-07T15:09:37.774974,WG,72117425,"$2,421.23","OSWEGO, NY",08/12 07:00,"LYNCHBURG, VA",08/13 07:00,"2,643",576,L1238923: NO PETS,3219,0.75,2,
2026-08-07T15:15:40.255983,WG,72117389,"$4,021.79","KANSAS CITY, MO",08/11 12:00,"PHILADELPHIA, PA",08/12 13:49,"1,594","1,143",NO NOTES,2737,1.47,17,
2026-08-07T15:36:01.805587,WG,72117438,$891.54,"BREINIGSVILLE, PA",08/11 09:00,"SOMERSET, NJ",08/11 11:00,"2,659",73,NO NOTES,2732,0.33,1,
2026-08-07T15:51:26.647904,WG,72117391,"$2,144.96","BROOKS, KY",08/12 12:00,"SOUDERTON, PA",08/13 07:00,"2,067",684,IC7875: ENSURE THAT YOU HAVE THE ENTIRE BOL FILLED OUT AT THIS LOCATION.,2751,0.78,2,
2026-08-07T16:01:41.206062,WG,72115394,$749.57,"MADISON, AL",08/11 14:00,"BATESVILLE, MS",08/13 19:51,"1,964",205,NO NOTES,2169,0.35,1,
2026-08-07T16:02:56.444038,WG,72114529,"$1,501.48","LA VERGNE, TN",08/12 16:00,"COLUMBUS, OH",08/13 08:00,"1,990",402,"CORD11: TRUCK MUST HAVE FULL AMOUNT OF USABLE SPACE FOR THE TRUCK SIZE REQUESTED, 20FT OF USABLE SPACE, 12FT OF USABLE SPACE, 53FT OF USABLE SPACE.",2392,0.63,1,
2026-08-07T16:02:59.916443,WG,72102930,"$1,925.99","LA VERGNE, TN",08/12 16:00,"MONROEVILLE, PA",08/13 08:00,"1,990",587,"CORD11: TRUCK MUST HAVE FULL AMOUNT OF USABLE SPACE FOR THE TRUCK SIZE REQUESTED, 20FT OF USABLE SPACE, 12FT OF USABLE SPACE, 53FT OF USABLE SPACE.",2577,0.75,2,
2026-08-07T16:03:03.247467,WG,72102007,"$1,704.62","SHEPHERDSVILLE, KY",08/12 16:00,"DOTHAN, AL",08/13 09:00,"2,072",538,NO NOTES,2610,0.65,1,
2026-08-07T16:09:37.271613,WG,72113958,"$3,797.97","RICHLAND, WA",08/12 16:00,"SAN FERNANDO, CA",08/13 16:00,"1,101","1,058",JL1010: CUSTOMER GETS 24HRS FREE BEFORE DETN TIME,2159,1.76,25,
2026-08-07T16:36:08.751670,WG,72117395,"$1,868.33","RENSSELAER, NY",08/11 10:00,"CENTRAL ISLIP, NY",08/11 15:33,"2,788",191,F1093389: BOTH DRIVERS MUST BE IN THE TRUCK UPON PICKUP ARRIVAL.,2979,0.63,2,
2026-08-07T16:37:48.679674,WG,72110357,$997.32,"LA VERGNE, TN",08/12 16:30,"BOGART, GA",08/13 08:00,"1,990",279,"CORD11: TRUCK MUST HAVE FULL AMOUNT OF USABLE SPACE FOR THE TRUCK SIZE REQUESTED, 20FT OF USABLE SPACE, 12FT OF USABLE SPACE, 53FT OF USABLE SPACE.",2269,0.44,1,
2026-08-07T16:43:30.861243,WG,72117396,"$1,403.71","SHEPHERDSVILLE, KY",08/11 13:00,"OLIVE BRANCH, MS",08/12 10:00,"2,072",369,L1233585: BE SURE THAT YOUR PREVENTIVE MAINTANANCE IS UP TO DATE BEFORE PICKING UP.********,2441,0.58,1,
2026-08-07T16:44:13.450392,WG,72117440,"$5,958.23","COLUMBUS, OH",08/12 09:00,"SANTA BARBARA, CA",08/14 14:30,"2,207","2,339",5SK WEIGHT MAY BE NOT BE ACCURATE TEMP 40F RANGE 35/45,4546,1.31,14,
2026-08-07T16:49:51.507321,WG,72117462,"$1,106.10","LOCKBOURNE, OH",08/11 08:00,"LOUISVILLE, KY",08/11 14:05,"2,227",216,BAX5100: MUST HAVE TEAM DRIVERS FOR ALL RUNS NO MATTER WHAT THE MILEAGE IS.,2443,0.45,1,
2026-08-07T17:03:18.429269,WG,72113864,"$1,219.52","GROVE CITY, OH",08/12 17:00,"WARRENDALE, PA",08/13 08:00,"2,217",203,"PR2297: IF PALLET JACK REQUESTED NEED TO MAKE SURE IT'S ACCESSIBLE TO OFFLOAD TRK. DRIVERS MAY NEED TO OFFLOAD TRK TO DOCK AT DELIVERIES, ESPECIALLY NC AND FL.",2420,0.50,1,
2026-08-07T17:03:21.169856,WG,72115200,"$1,470.24","SHEPHERDSVILLE, KY",08/12 17:00,"WARRENDALE, PA",08/13 08:00,"2,072",417,BAX5100: MUST HAVE TEAM DRIVERS FOR ALL RUNS NO MATTER WHAT THE MILEAGE IS.,2489,0.59,1,
2026-08-07T17:03:24.708883,WG,72116090,"$1,985.35","MOUNT VERNON, IN",08/12 17:00,"SHREVEPORT, LA",08/13 07:56,"1,948",632,PLEASE ARRIVE AT THE PICKUP IN RANGE*SET POINT 5C,2580,0.77,2,
2026-08-07T17:09:55.776901,WG,72112929,"$3,317.75","ROANOKE, TX",08/12 17:00,"LITTLETON, CO",08/13 10:28,"1,396",751,MUST BE US CITIZEN TEMP CONTROLLED HAZMAT,2147,1.55,18,
2026-08-07T17:10:06.029334,SE,72117443,$548.46,"TINLEY PARK, IL",08/10 10:00,"CICERO, IL",08/10 12:00,787,23,NO NOTES,810,0.68,1,
2026-08-07T17:22:25.444600,WG,72117444,"$1,035.66","BRANCHBURG, NJ",08/11 11:00,"ALLENDALE, NJ",08/11 13:00,"2,717",58,NO NOTES,2775,0.37,1,
2026-08-07T17:22:58.362080,WG,72117394,"$3,775.31","BRAINTREE, MA",08/11 17:00,"SPARTANBURG, SC",08/12 14:18,"2,968",931,NO NOTES,3899,0.97,3,
2026-08-07T17:23:22.792180,WG,72117464,"$2,861.49","PHILADELPHIA, PA",08/12 10:00,"BROOKS, KY",08/13 02:21,"2,694",698,NO NOTES,3392,0.84,2,
2026-08-07T17:36:48.967924,WG,72117193,"$3,648.97","WILMINGTON, MA",08/11 12:00,"PALM BAY, FL",08/12 18:00,"2,967","1,340",NO NOTES,4307,0.85,3,
2026-08-07T17:38:11.834234,WG,72113870,"$1,219.52","GROVE CITY, OH",08/12 17:30,"WARRENDALE, PA",08/13 08:00,"2,217",203,"PR2297: IF PALLET JACK REQUESTED NEED TO MAKE SURE IT'S ACCESSIBLE TO OFFLOAD TRK. DRIVERS MAY NEED TO OFFLOAD TRK TO DOCK AT DELIVERIES, ESPECIALLY NC AND FL.",2420,0.50,1,
2026-08-07T17:59:07.995324,SE,72117445,$603.04,"BROOKS, KY",08/10 18:00,"BLUE ASH, OH",08/11 08:00,739,128,IC7875: ENSURE THAT YOU HAVE THE ENTIRE BOL FILLED OUT AT THIS LOCATION.,867,0.70,1,
2026-08-07T18:03:35.395851,WG,72116727,"$2,533.52","PLAINFIELD, IN",08/12 18:00,"ROCHESTER, NY",08/13 08:00,"2,026",587,NO NOTES,2613,0.97,2,
2026-08-07T18:03:38.524783,WG,72112826,"$1,298.30","BROOKS, KY",08/12 18:00,"COLLIERVILLE, TN",08/13 09:30,"2,067",360,IC7875: ENSURE THAT YOU HAVE THE ENTIRE BOL FILLED OUT AT THIS LOCATION.,2427,0.53,1,
2026-08-07T18:03:41.558785,WG,72112822,"$1,447.78","BROOKS, KY",08/12 18:00,"ELK GROVE VILLAGE, IL",08/13 09:30,"2,067",337,IC7875: ENSURE THAT YOU HAVE THE ENTIRE BOL FILLED OUT AT THIS LOCATION.,2404,0.60,1,
2026-08-07T18:03:44.536912,WG,72112253,"$1,270.66","BROOKS, KY",08/12 18:00,"SHELBY TOWNSHIP, MI",08/13 08:00,"2,067",401,NO NOTES,2468,0.51,1,
2026-08-07T18:03:47.274700,WG,72101663,"$1,149.22","LA VERGNE, TN",08/12 18:00,"SAINT CHARLES, MO",08/13 08:00,"1,990",348,UP TO 10 PALLETS,2338,0.49,1,
2026-08-07T18:03:50.269513,WG,72112254,$914.41,"LOCKBOURNE, OH",08/12 18:00,"SHELBY TOWNSHIP, MI",08/13 08:00,"2,227",240,NO NOTES,2467,0.37,1,
2026-08-07T18:04:06.522993,SE,72114554,$792.32,"BROOKS, KY",08/12 18:00,"LOCKBOURNE, OH",08/13 07:00,"2,067",222,IC7875: ENSURE THAT YOU HAVE THE ENTIRE BOL FILLED OUT AT THIS LOCATION.,2289,0.35,1,
2026-08-07T18:07:40.977717,WG,72117231,"$1,272.96","DULUTH, GA",08/11 08:00,"SHEPHERDSVILLE, KY",08/12 08:00,"2,170",406,NO NOTES,2576,0.49,1,
2026-08-07T18:42:24.632636,WG,72117448,"$1,867.26","LOUISVILLE, KY",08/9 09:30,"BUFORD, GA",08/10 09:00,734,440,L1068563: YOU MUST HAVE ALL OF YOUR USEABLE SPACE AVAILABLE. PLEASE ENSURE PERSONAL BELONGINGS ARE STOWED APPROPRIATELY.,1174,1.59,18,
2026-08-07T19:03:33.694407,WG,72110377,$921.06,"LA VERGNE, TN",08/12 19:00,"LOUISVILLE, KY",08/13 08:00,"1,990",196,"CORD11: TRUCK MUST HAVE FULL AMOUNT OF USABLE SPACE FOR THE TRUCK SIZE REQUESTED, 20FT OF USABLE SPACE, 12FT OF USABLE SPACE, 53FT OF USABLE SPACE.",2186,0.42,1,
2026-08-07T19:03:36.197666,WG,72112265,"$1,256.67","BROOKS, KY",08/12 19:00,"OLIVE BRANCH, MS",08/13 07:00,"2,067",374,NO NOTES,2441,0.51,1,
2026-08-07T19:38:19.081833,SE,72117446,"$1,826.22","HEREFORD, TX",08/7 21:00,"SAINT LOUIS, MO",08/8 15:27,"1,750",797,NO NOTES,2547,0.72,2,
2026-08-07T20:03:20.120867,WG,72111417,"$1,321.72","LOCKBOURNE, OH",08/12 20:00,"LA VERGNE, TN",08/13 07:00,"2,227",396,NO NOTES,2623,0.50,1,
2026-08-07T20:03:23.334236,WG,72114566,"$1,689.05","BROOKS, KY",08/12 20:00,"CORAOPOLIS, PA",08/13 13:35,"2,067",403,IC7875: ENSURE THAT YOU HAVE THE ENTIRE BOL FILLED OUT AT THIS LOCATION.,2470,0.68,1,
2026-08-07T20:15:49.058598,WG,72117365,"$3,130.67","HAVERHILL, MA",08/11 13:00,"FUQUAY VARINA, NC",08/12 07:00,"2,980",749,NO NOTES,3729,0.84,3,
2026-08-08T00:10:03.885916,SE,72117469,"$1,390.21","DULLES, VA",08/9 11:00,"ERLANGER, KY",08/9 13:00,225,503,"DELIVER:  ASAP - OPEN 6AM - 8PM M-F, 6AM-2PM, SAT-SUN",728,1.91,27,
2026-08-08T00:44:17.471265,WG,72117455,"$3,224.35","RENSSELAER, NY",08/12 13:00,"NASHVILLE, TN",08/13 11:52,"2,788","1,005",NO NOTES,3793,0.85,3,
2026-08-08T01:17:33.358328,SE,72117449,$582.12,"NASHVILLE, TN",08/8 09:30,"LA VERGNE, TN",08/8 11:15,865,12,NO NOTES,877,0.66,1,
2026-08-08T03:22:37.555350,WG,72117456,"$2,847.93","CALEDONIA, MI",08/11 14:00,"MALVERN, PA",08/12 08:00,"2,153",686,NO NOTES,2839,1.00,3,
2026-08-08T06:38:20.821663,WG,71999208,"$2,951.17","ATLANTA, GA",08/13 06:30,"SAINT LOUIS, MO",08/13 20:16,"2,151",577,MAS2300: DELETED COMMENT/BLL,2728,1.08,5,
2026-08-08T07:03:18.225443,WG,72108781,$862.18,"BROOKS, KY",08/13 07:00,"WEST CHESTER, OH",08/13 11:19,"2,067",133,NO NOTES,2200,0.39,1,
2026-08-08T07:09:27.037760,WG,72117392,"$3,140.64","RICHMOND, VA",08/12 15:00,"MINNETONKA, MN",08/13 18:52,"2,568","1,240",NO NOTES,3808,0.82,3,
2026-08-08T07:24:34.741630,WG,72116256,$927.94,"INDIANAPOLIS, IN",08/13 07:15,"LOUISVILLE, KY",08/13 11:24,"2,046",125,NO NOTES,2171,0.43,1,
2026-08-08T07:43:00.326417,WG,72117411,$783.68,"MOUNT VERNON, IN",08/11 09:00,"LA VERGNE, TN",08/12 08:00,"1,948",185,BRCOAR: TRAILER MUST BE EMPTY OUTSIDE OF EQUIPMENT NEEDED TO SECURE. NO PLYWOOD IN TRAILER FLOORS ON REEFER LOADS.,2133,0.37,1,
2026-08-08T08:03:43.527824,WG,72116266,"$1,101.26","MONTPELIER, VT",08/13 08:00,"STRATFORD, CT",08/13 15:52,"2,913",253,"**PETS OK ONLY IF - DRIVER IS WILLING TO STAND OUTSIDE THE GATE WITH THE PET IF ASKED. IF PET IS FOR MEDICAL REASONS OR A SERVICE ANIMAL, DRIVER MUST BE PREPARED TO PROVIDE DOCUMENTATION TO THIS AFFECT (DOCTOR NOTE/REGISTRATIONS/LICENSE). IF PET IS PERMITTED ONTO THE PROPERTY IT MUST REMAIN IN THE TRUCK AT ALL TIMES!!",3166,0.35,1,
2026-08-08T08:03:46.870591,WG,72117258,"$1,258.01","CLINTON, TN",08/13 08:00,"BROOKS, KY",08/13 14:45,"2,146",238,NO NOTES,2384,0.53,1,
2026-08-08T08:08:00.547548,WG,72117412,"$1,051.26","MOUNT VERNON, IN",08/11 08:30,"COOKEVILLE, TN",08/11 16:30,"1,948",252,BRCOAR: TRAILER MUST BE EMPTY OUTSIDE OF EQUIPMENT NEEDED TO SECURE. NO PLYWOOD IN TRAILER FLOORS ON REEFER LOADS.,2200,0.48,1,
2026-08-08T08:10:44.067570,WG,72111620,"$1,091.01","LOUISVILLE, KY",08/13 08:00,"LOUISVILLE, KY",08/13 08:00,"2,062",0,L1068563: YOU MUST HAVE ALL OF YOUR USEABLE SPACE AVAILABLE. PLEASE ENSURE PERSONAL BELONGINGS ARE STOWED APPROPRIATELY.,2062,0.53,1,
2026-08-08T08:30:43.551004,WG,72117481,"$1,872.02","SHEPHERDSVILLE, KY",08/12 09:30,"SHREVEPORT, LA",08/13 07:04,"2,072",732,L1233585: BE SURE THAT YOUR PREVENTIVE MAINTANANCE IS UP TO DATE BEFORE PICKING UP.********,2804,0.67,2,
2026-08-08T08:38:53.079454,WG,72117224,$663.44,"INDIANAPOLIS, IN",08/13 08:30,"BLOOMINGTON, IN",08/13 11:05,"2,033",51,"L1218217: TRAILER MUST BE EMPTY AND NO PERSONAL ITEMS, OR PALLET JACK, SECUREMENT ITEMS ONLY",2084,0.32,1,
2026-08-08T09:03:42.103287,WG,72113752,"$1,248.79","ALLENTOWN, PA",08/13 09:00,"RENSSELAER, NY",08/13 15:08,"2,660",218,NO NOTES,2878,0.43,1,
2026-08-08T09:03:44.597390,WG,72113764,"$1,332.28","PHILADELPHIA, PA",08/13 09:00,"RENSSELAER, NY",08/13 15:07,"2,694",217,NO NOTES,2911,0.46,1,
2026-08-08T09:03:59.460629,SE,72116154,$929.78,"MORGANTOWN, WV",08/13 09:00,"CHARLESTON, WV",08/13 13:54,"2,422",160,NO NOTES,2582,0.36,1,
2026-08-08T09:30:18.323058,WG,72117484,"$1,022.91","BROOKS, KY",08/12 07:00,"ITASCA, IL",08/12 16:00,"2,067",336,NO NOTES,2403,0.43,1,
2026-08-08T09:38:32.699249,WG,72116942,"$1,497.50","KITTERY, ME",08/13 09:30,"SCHENECTADY, NY",08/13 15:56,"3,012",232,**MUST HAVE REAL ID**,3244,0.46,1,
2026-08-08T09:59:33.666400,SE,72117416,"$2,855.89","ABILENE, TX",08/10 13:00,"LOCKBOURNE, OH",08/11 16:47,"1,231","1,236",NO NOTES,2467,1.16,7,
2026-08-08T10:03:57.253538,WG,72113737,"$2,537.34","BLOOMINGTON, IN",08/13 10:00,"RENSSELAER, NY",08/14 08:00,"2,024",839,NO NOTES,2863,0.89,2,
2026-08-08T10:04:00.062106,WG,72117254,$625.41,"ATHENS, GA",08/13 10:00,"DULUTH, GA",08/13 12:37,"2,215",53,TRUCK MUST BE SET AT 5C AND PRECOOLED UPON ARRIVAL,2268,0.28,1,
2026-08-08T10:10:25.004679,WG,72116374,"$2,616.96","FORT WORTH, TX",08/13 10:00,"CAROL STREAM, IL",08/14 11:00,"1,392",940,TRUCK WILL NEED TO BE PRECOOLED PRIOR TO ARRIVING AT PU AND CONTINUOUSLY RUN,2332,1.12,6,
2026-08-08T10:10:27.801284,WG,72117259,"$2,286.49","ALLENTOWN, PA",08/13 10:00,"SHEPHERDSVILLE, KY",08/14 09:00,"2,660",665,L1244392: TEAM DRIVERS ONLY FOR ALL TAKEDA RUNS,3325,0.69,2,
2026-08-08T10:10:30.491521,WG,72117153,"$4,345.80","GREENVILLE, NC",08/13 10:00,"ROCKFORD, IL",08/14 08:05,"2,592",968,NO NOTES,3560,1.22,10,
2026-08-08T12:03:40.032621,WG,72114571,$793.81,"BROOKS, KY",08/13 12:00,"BROOKS, KY",08/13 13:30,"2,067",1,IC7875: ENSURE THAT YOU HAVE THE ENTIRE BOL FILLED OUT AT THIS LOCATION.,2068,0.38,1,
2026-08-08T12:03:42.977608,WG,72113809,"$1,493.55","CANNON AFB, NM",08/13 12:00,"FLOYD, NM",08/13 14:12,970,33,NO NOTES,1003,1.49,15,
2026-08-08T13:10:27.634045,WG,72117343,"$2,086.14","BLOOMINGTON, IN",08/13 13:00,"SWIFTWATER, PA",08/14 08:00,"2,021",704,NO NOTES,2725,0.77,2,
2026-08-08T13:10:30.786948,WG,72108396,"$1,953.05","ATLANTA, GA",08/13 13:00,"SAINT LOUIS, MO",08/14 10:00,"2,146",558,"TR30SU: PLEASE USE STRAPS AT ALL TIMES, CALL TCI WITH ANY EXCEPTIONS DURING BUSINESS HOURS ONLY",2704,0.72,2,
2026-08-08T14:03:29.076534,WG,72116968,"$2,065.88","WILMINGTON, OH",08/13 14:00,"ALLENTOWN, PA",08/14 08:00,"2,185",501,NO NOTES,2686,0.77,2,
2026-08-08T14:16:13.048418,WG,72117472,"$7,827.43","ALBUQUERQUE, NM",08/12 10:00,"ROCHESTER, NY",08/14 10:00,762,"1,844",ORDER NOTE: U.S. CITIZEN DRIVERS REQUIRED (BOTH WITH NON-EXPIRED CREDENTIALS). SHIPPER AND CONSIGNEE CAN LOAD AND UNLOAD WITH NO LIFTGATE IF NOT AVAILABLE.,2606,3.00,63,
2026-08-08T14:38:15.324689,WG,72117289,"$2,764.68","SYRACUSE, NY",08/13 14:30,"BROOKS, KY",08/14 09:00,"2,647",695,PLEASE BE SURE TO INCLUDE A TRUCK SEAL ON THIS SHIPMENT,3342,0.83,2,
2026-08-08T15:03:56.648439,WG,72116109,"$1,834.89","WALKERSVILLE, MD",08/13 15:00,"PORTSMOUTH, NH",08/14 08:00,"2,575",504,NO NOTES,3079,0.60,2,
2026-08-08T15:04:02.041399,WG,72115723,"$1,217.35","MOUNT VERNON, IN",08/13 15:00,"OLIVE BRANCH, MS",08/14 02:00,"1,948",302,PLEASE BE IN RANGE WHEN YOU ARRIVE AT SHIPPER**SET POINT 5C,2250,0.54,1,
2026-08-08T15:04:04.448466,WG,72111425,"$2,041.39","LOCKBOURNE, OH",08/13 15:00,"DOTHAN, AL",08/14 09:00,"2,227",763,NO NOTES,2990,0.68,2,
2026-08-08T15:04:06.849545,WG,72116969,"$2,228.97","WILMINGTON, OH",08/13 15:00,"PHILADELPHIA, PA",08/14 08:30,"2,185",536,NO NOTES,2721,0.82,2,
2026-08-08T15:10:44.945299,WG,72116412,$907.77,"BROOKS, KY",08/13 15:00,"GROVEPORT, OH",08/13 21:00,"2,067",221,IC7875: ENSURE THAT YOU HAVE THE ENTIRE BOL FILLED OUT AT THIS LOCATION.,2288,0.40,1,
2026-08-08T15:24:59.144808,WG,72117093,"$1,022.86","RICHLAND, MS",08/13 15:15,"MEMPHIS, TN",08/13 21:39,"1,820",207,NO NOTES,2027,0.50,1,
2026-08-08T16:03:35.253778,WG,72113839,"$1,678.19","NEWARK, DE",08/13 16:00,"ALBANY, NY",08/14 08:30,"2,680",274,ORDER NOTE: PALLET JACK NEEDED FOR DRIVER UNLOAD,2954,0.57,1,
2026-08-08T17:03:39.416844,WG,72114575,"$1,527.70","BROOKS, KY",08/13 17:00,"KERNERSVILLE, NC",08/14 08:00,"2,067",472,IC7875: ENSURE THAT YOU HAVE THE ENTIRE BOL FILLED OUT AT THIS LOCATION.,2539,0.60,1,
2026-08-08T17:38:36.520850,WG,72113705,"$2,298.38","GROVE CITY, OH",08/13 17:30,"CHARLOTTE, NC",08/14 08:30,"2,217",434,"ORDER NOTE: PALLET JACK NEEDED FOR DRIVER UNLOAD, OR SHIPMENT MAY BE REFUSED",2651,0.87,2,
2026-08-08T18:10:30.135200,WG,72113841,"$1,916.89","NEWARK, DE",08/13 18:00,"SHREWSBURY, MA",08/14 08:30,"2,680",313,ORDER NOTE: PALLET JACK NEEDED FOR DRIVER UNLOAD,2993,0.64,2,
2026-08-08T18:10:32.691859,WG,72114831,"$1,762.76","SHEPHERDSVILLE, KY",08/13 18:00,"DOTHAN, AL",08/14 09:00,"2,072",538,BAX5100: MUST HAVE TEAM DRIVERS FOR ALL RUNS NO MATTER WHAT THE MILEAGE IS.,2610,0.68,1,
2026-08-08T19:03:32.209377,WG,72114535,"$1,009.04","BROOKS, KY",08/13 19:00,"GROVE CITY, OH",08/14 08:30,"2,067",211,IC7875: ENSURE THAT YOU HAVE THE ENTIRE BOL FILLED OUT AT THIS LOCATION.,2278,0.44,1,
2026-08-08T20:03:30.576265,WG,72111421,"$2,031.98","LOCKBOURNE, OH",08/13 20:00,"OVERLAND PARK, KS",08/14 12:03,"2,227",684,NO NOTES,2911,0.70,2,
2026-08-08T20:03:33.004227,WG,72112070,"$1,991.08","TEMPE, AZ",08/13 20:00,"CERRITOS, CA",08/14 12:00,356,374,NO NOTES,730,2.73,50,
2026-08-09T01:37:06.573036,WG,72117490,"$5,488.98","THOUSAND OAKS, CA",08/12 11:00,"SHEPHERDSVILLE, KY",08/14 10:33,72,"2,141",L1244392: TEAM DRIVERS ONLY FOR ALL TAKEDA RUNS,2213,2.48,46,
2026-08-09T11:10:37.179751,WG,72110127,"$10,778.55","LA VERNE, CA",08/14 11:00,"LA VERNE, CA",08/17 11:00,0,"2,448",DEL HOURS FOR SATURDAY ARE 0730-1630 FOR 1ST SHIFT AND 1700-2100 LOCAL FOR 2ND SHIFT,2448,4.40,80,
2026-08-09T12:03:34.992447,WG,72114599,$793.81,"BROOKS, KY",08/14 12:00,"BROOKS, KY",08/14 13:30,"2,067",1,IC7875: ENSURE THAT YOU HAVE THE ENTIRE BOL FILLED OUT AT THIS LOCATION.,2068,0.38,1,
2026-08-09T12:10:10.895897,WG,72116388,"$8,053.75","NEW YORK, NY",08/14 12:00,"EUGENE, OR",08/17 12:00,"2,768","2,903",NO NOTES,5671,1.42,19,
2026-08-09T13:10:26.881234,WG,72117126,"$8,193.16","RENSSELAER, NY",08/14 13:00,"RENSSELAER, NY",08/19 12:00,"2,788","3,912","DRIVE TO CENTER OF SAN ANTONIO TX, TURN AROUND AND THEN RETURN TO REGENERON",6700,1.22,14,
2026-08-09T13:10:29.686463,WG,72117442,"$6,943.95","SPOKANE, WA",08/14 13:00,"LEWIS CENTER, OH",08/17 08:00,"1,224","2,101",NO NOTES,3325,2.09,37,
2026-08-09T15:10:23.065513,WG,72116983,"$8,346.13","LOCKBOURNE, OH",08/14 15:00,"BEND, OR",08/17 11:00,"2,227","2,336",NO NOTES,4563,1.83,31,
2026-08-09T19:49:24.379574,WG,72117519,"$6,287.82","RENO, NV",08/9 23:00,"LA VERGNE, TN",08/11 23:00,"2,687","2,162","CORD11: TRUCK MUST HAVE FULL AMOUNT OF USABLE SPACE FOR THE TRUCK SIZE REQUESTED, 20FT OF USABLE SPACE, 12FT OF USABLE SPACE, 53FT OF USABLE SPACE.",4849,1.30,14,
2026-08-09T23:58:45.991835,SE,72115215,$612.41,"SACRAMENTO, CA",08/10 10:30,"TRACY, CA",08/10 13:48,"2,816",81,NO NOTES,2897,0.21,1,
2026-08-10T07:49:37.728451,WG,72117386,"$5,906.84","GRAFTON, WI",08/11 09:00,"MIRAMAR, FL",08/12 18:13,"2,048","1,491",NO NOTES,3539,1.67,24,
2026-08-10T08:08:01.094009,WG,72117538,"$1,605.37","GREENVILLE, NC",08/11 15:00,"SOUDERTON, PA",08/12 07:00,"2,592",444,NO NOTES,3036,0.53,1,
2026-08-10T08:31:31.897015,SE,72117539,$958.70,"ROCHESTER, NH",08/10 10:00,"MONTPELIER, VT",08/10 14:46,305,154,NO NOTES,459,2.09,31,
2026-08-10T08:31:38.609485,SE,72117537,$850.76,"WEST DEPTFORD, NJ",08/12 09:00,"MIDDLESEX, NJ",08/12 12:15,"2,687",83,NO NOTES,2770,0.31,1,
2026-08-10T08:43:42.044647,WG,72117540,$967.29,"CRANBURY, NJ",08/12 10:00,"RARITAN, NJ",08/12 12:07,"2,727",29,NO NOTES,2756,0.35,1,
2026-08-10T08:43:46.247663,WG,72117542,$967.29,"CRANBURY, NJ",08/12 10:00,"RARITAN, NJ",08/12 12:07,"2,727",29,NO NOTES,2756,0.35,1,
2026-08-10T08:51:21.614109,WG,72117541,$967.29,"CRANBURY, NJ",08/13 10:00,"RARITAN, NJ",08/13 12:07,"2,727",29,NO NOTES,2756,0.35,1,
2026-08-10T08:51:26.792507,WG,72117543,$967.29,"CRANBURY, NJ",08/13 10:00,"RARITAN, NJ",08/13 12:07,"2,727",29,NO NOTES,2756,0.35,1,
2026-08-10T09:00:26.957005,WG,72117529,"$1,518.30","SPOKANE, WA",08/10 11:00,"HAYDEN, ID",08/10 12:19,"2,583",39,NO NOTES,2622,0.58,1,
2026-08-10T09:03:05.201176,SE,72117544,$587.98,"BRANCHBURG, NJ",08/11 11:00,"ALLENDALE, NJ",08/11 13:44,"2,717",58,NO NOTES,2775,0.21,1,
2026-08-10T09:50:52.438439,WG,72117550,"$1,168.81","ROBBINSVILLE, NJ",08/12 11:00,"BETHLEHEM, PA",08/12 14:01,"2,714",72,NO NOTES,2786,0.42,1,
2026-08-10T09:52:48.677550,SE,72117393,"$1,507.56","OXFORD, IN",08/11 12:00,"HUNT VALLEY, MD",08/11 14:26,"2,054",671,NO NOTES,2725,0.55,1,
2026-08-10T10:01:26.102370,WG,72117565,"$2,209.58","LONDON, OH",08/12 09:00,"JACKSONVILLE, NC",08/13 09:00,"2,190",609,NO NOTES,2799,0.79,2,
2026-08-10T10:28:31.387855,WG,72117555,"$6,181.94","RENO, NV",08/10 16:48,"LA VERGNE, TN",08/12 16:48,"2,687","2,162","CORD11: TRUCK MUST HAVE FULL AMOUNT OF USABLE SPACE FOR THE TRUCK SIZE REQUESTED, 20FT OF USABLE SPACE, 12FT OF USABLE SPACE, 53FT OF USABLE SPACE.",4849,1.27,13,
2026-08-10T10:29:23.085914,WG,72117569,"$2,484.49","CORDOVA, IL",08/12 09:00,"WAMPUM, PA",08/13 08:00,"1,836",587,L1238923: NO PETS,2423,1.03,3,
2026-08-10T10:49:30.162596,WG,72117582,"$5,389.71","LOGAN, UT",08/11 10:30,"SUMMIT, NJ",08/13 09:44,738,"2,150",NO NOTES,2888,1.87,29,
2026-08-10T10:51:50.891973,WG,72117581,"$11,657.86","BROOKLYN, NY",08/14 09:00,"OLYMPIA, WA",08/17 11:30,"2,761","2,916",NO NOTES,5677,2.05,40,
2026-08-10T10:59:29.087863,SE,72117583,"$4,748.59","WOBURN, MA",08/14 11:00,"SAINT PETERSBURG, FL",08/17 08:00,"2,963","1,377",NO NOTES,4340,1.09,7,
2026-08-10T11:00:53.269852,WG,72117511,"$3,651.90","ROCKFORD, IL",08/11 11:00,"ROCKVILLE, MD",08/12 08:00,"1,929",764,NO NOTES,2693,1.36,13,
2026-08-10T11:10:09.187480,SE,72117570,$788.29,"MECHANICSBURG, PA",08/10 16:00,"MILLBURN, NJ",08/11 09:00,170,163,NO NOTES,333,2.37,39,
2026-08-10T11:24:18.372711,SE,72117586,"$1,402.98","COATESVILLE, PA",08/10 12:30,"MOUNT HOPE, WV",08/10 23:07,107,429,NO NOTES,536,2.62,46,
2026-08-10T11:28:29.800492,WG,72117574,$743.49,"ALLENTOWN, PA",08/10 15:00,"ALLENTOWN, PA",08/10 16:45,83,12,NO NOTES,95,7.83,71,
2026-08-10T11:36:57.011420,WG,72117589,"$2,162.20","LOUISVILLE, KY",08/12 17:00,"CARY, NC",08/13 08:00,"2,062",556,NO NOTES,2618,0.83,2,
2026-08-10T11:51:59.729896,SE,72117566,"$5,160.93","WINSTON SALEM, NC",08/10 17:30,"GARDENA, CA",08/12 23:11,528,"2,453",NO NOTES,2981,1.73,25,
2026-08-10T11:56:57.377196,WG,72117593,"$1,157.58","MALVERN, PA",08/12 09:00,"RARITAN, NJ",08/12 11:52,"2,662",65,NO NOTES,2727,0.42,1,
2026-08-10T12:01:21.521623,WG,72117571,"$2,553.77","WILMINGTON, NC",08/12 13:00,"LA VERGNE, TN",08/13 07:30,"2,576",616,NO NOTES,3192,0.80,2,
2026-08-10T12:03:14.353077,SE,72117602,"$3,884.66","FORT WORTH, TX",08/10 15:15,"PORT HURON, MI",08/11 19:38,"1,578","1,264",ORDER NOTE: PICK UP NUMBER IS 8110214921,2842,1.37,14,
2026-08-10T12:28:58.280845,WG,72117624,"$4,616.08","SAINT LOUIS, MO",08/12 09:00,"LAREDO, TX",08/13 08:59,"1,791","1,057",MUST HAVE LOAD LOCK TO SECURE THE PALLET,2848,1.62,21,
2026-08-10T12:29:13.549402,WG,72117640,"$7,383.40","SAN DIEGO, CA",08/12 14:00,"BIRMINGHAM, AL",08/14 09:59,110,"1,997",NO NOTES,2107,3.50,77,
2026-08-10T12:30:13.921301,WG,72117604,$786.79,"SAN DIEGO, CA",08/13 11:00,"SAN DIEGO, CA",08/13 13:00,107,10,ORDER NOTE: DATA LOGGERS ON 1 HOUR TIMED DELAY. DRIVER MUST REMAIN ONSITE FOR 1 HOUR PRIOR TO DEPARTURE,117,6.72,71,
2026-08-10T12:31:03.405223,SE,72117603,"$1,278.96","TUCSON, AZ",08/11 11:00,"KIRTLAND AFB, NM",08/11 22:01,463,448,NO NOTES,911,1.40,12,
2026-08-10T12:36:08.330571,WG,72117630,"$1,266.76","HARLEYSVILLE, PA",08/12 10:00,"AUDUBON, PA",08/12 11:49,"2,677",15,NO NOTES,2692,0.47,1,
2026-08-10T13:00:36.346781,WG,72117633,"$7,424.68","SAN DIEGO, CA",08/11 14:00,"PHILADELPHIA, PA",08/14 10:30,107,"2,750",NO NOTES,2857,2.60,51,
2026-08-10T13:08:40.808901,WG,72117643,"$2,938.79","LOUISVILLE, KY",08/12 17:30,"FORT WORTH, TX",08/13 13:25,"2,062",866,NO NOTES,2928,1.00,3,
2026-08-10T13:09:26.159320,WG,72117644,"$2,608.33","BALTIMORE, MD",08/13 08:00,"BROOKS, KY",08/14 08:00,"2,618",613,NO NOTES,3231,0.81,2,
2026-08-10T13:14:40.741404,WG,72117645,"$4,719.26","BLOOMINGTON, IN",08/11 13:00,"PORTSMOUTH, NH",08/12 12:32,"2,021","1,036",NO NOTES,3057,1.54,19,
2026-08-10T13:15:24.853765,WG,72117611,"$2,000.57","LA VERGNE, TN",08/12 17:00,"ROUND LAKE, IL",08/13 05:56,"1,990",538,NO NOTES,2528,0.79,2,
2026-08-10T13:16:52.306410,SE,72117595,"$2,727.29","EDEN, NC",08/10 17:00,"EDMOND, OK",08/11 18:59,478,"1,151",NO NOTES,1629,1.67,21,
2026-08-10T13:29:00.572837,WG,72117625,"$1,397.49","MARION, VA",08/12 14:00,"CINCINNATI, OH",08/13 08:00,"2,305",368,TEAM DRIVERS CONSTANT SURVEILLANCE US CITIZENS TWO FORMS OF ID MUST PROVIDE ID PRIOR TO PICKUP MUST PICK UP BETWEEN THE HOURS OF 8 AM TO 2 PM,2673,0.52,1,
2026-08-10T13:30:36.005858,WG,72117659,"$2,355.07","BROOKS, KY",08/13 14:00,"NEW CASTLE, DE",08/14 08:30,"2,067",682,NO NOTES,2749,0.86,2,
2026-08-10T13:49:52.969634,WG,72117648,"$1,747.31","LOCKBOURNE, OH",08/12 09:00,"NEWARK, DE",08/13 08:00,"2,227",467,NO NOTES,2694,0.65,1,
2026-08-10T13:50:06.907503,WG,72117664,"$2,378.06","WARTBURG, TN",08/12 14:30,"ELK GROVE VILLAGE, IL",08/13 09:00,"2,116",576,NO NOTES,2692,0.88,2,
2026-08-10T13:50:14.478388,WG,72117563,"$2,696.59","BROOKS, KY",08/12 15:00,"SIOUX FALLS, SD",08/14 10:10,"2,067",872,NO NOTES,2939,0.92,2,
2026-08-10T13:51:02.274932,WG,72117613,"$1,237.79","WILMINGTON, DE",08/13 07:00,"NEWTOWN, PA",08/13 12:00,"2,667",59,NO NOTES,2726,0.45,1,
2026-08-10T13:51:47.252309,WG,72117662,"$1,787.91","BROOKS, KY",08/13 17:00,"OVERLAND PARK, KS",08/14 09:00,"2,067",531,IC7875: ENSURE THAT YOU HAVE THE ENTIRE BOL FILLED OUT AT THIS LOCATION.,2598,0.69,1,
2026-08-10T14:16:24.448798,WG,72117617,"$2,986.99","WINCHESTER, KY",08/13 08:30,"PHILADELPHIA, PA",08/14 09:00,"2,143",633,NO NOTES,2776,1.08,5,
2026-08-10T14:45:14.350874,SE,72117678,"$3,375.48","HOUSTON, TX",08/12 08:00,"MECHANICSBURG, PA",08/13 16:42,"1,514","1,467",NO NOTES,2981,1.13,7,
2026-08-10T14:50:18.076757,WG,72117679,"$1,552.80","GREENVILLE, NC",08/12 15:00,"ALLENTOWN, PA",08/13 07:30,"2,592",451,NO NOTES,3043,0.51,1,
2026-08-10T15:02:17.323222,WG,72117675,"$1,258.01","CLINTON, TN",08/13 08:00,"BROOKS, KY",08/13 14:33,"2,146",238,NO NOTES,2384,0.53,1,
2026-08-10T15:03:10.980334,SE,72117657,"$2,199.24","MENOMINEE, MI",08/10 21:00,"LEXINGTON, KY",08/11 12:13,"1,057",645,NO NOTES,1702,1.29,10,
2026-08-10T15:16:17.785738,WG,72117698,"$2,026.74","CALEDONIA, MI",08/13 09:00,"ALLENTOWN, PA",08/14 08:00,"2,153",667,NO NOTES,2820,0.72,2,
2026-08-10T15:58:30.503376,WG,72117705,$787.08,"INDIANAPOLIS, IN",08/13 09:00,"HAMILTON, OH",08/13 15:47,"2,033",118,"L1218217: TRAILER MUST BE EMPTY AND NO PERSONAL ITEMS, OR PALLET JACK, SECUREMENT ITEMS ONLY",2151,0.37,1,
2026-08-10T16:00:28.244576,WG,72117704,"$1,147.16","CAPITOL HEIGHTS, MD",08/12 03:00,"SNOWSHOE, WV",08/12 13:00,"2,643",237,NO NOTES,2880,0.40,1,
2026-08-10T16:21:46.594750,WG,72117685,"$4,144.59","SAINT LOUIS, MO",08/12 09:00,"SAINT ALBANS, VT",08/13 10:45,"1,796","1,140",NO NOTES,2936,1.41,15,
2026-08-10T16:22:11.989571,WG,72117684,"$3,052.13","PHILADELPHIA, PA",08/12 15:00,"INDIANAPOLIS, IN",08/13 09:00,"2,694",671,NO NOTES,3365,0.91,3,
2026-08-10T16:23:09.743429,WG,72117706,"$4,359.09","CHARLES CITY, IA",08/13 10:00,"GAINESVILLE, GA",08/14 08:05,"1,798",968,NO NOTES,2766,1.58,20,
2026-08-10T16:28:53.327949,WG,72117707,$901.71,"SHEPHERDSVILLE, KY",08/12 13:00,"GROVEPORT, OH",08/12 19:18,"2,072",226,L1233585: BE SURE THAT YOUR PREVENTIVE MAINTANANCE IS UP TO DATE BEFORE PICKING UP. IF THE FREIGHT IS PICKIING UP OR DELIVERING TO UPS HEALTHCARE GO TO THE BUILDING FOR ASTELLAS AT DOOR PD123,2298,0.39,1,
2026-08-10T16:37:56.788178,WG,72114936,"$2,758.79","GOLETA, CA",08/13 12:00,"BOULDER, CO",08/14 13:41,130,"1,137","REQUIRES PSS - 2 DOD SECRET CLEARED DRIVERS (U.S. CITIZENS, ENGLISH SPEAKING) BAE SMS SECURITY NEEDS TO CONTACT DRIVERS TO OBTAIN PERSONAL INFORMATION (DRIVERS' LICENSES & LAST FOUR OF SS#S) TO CONFIRM SECRET CLEARANCE DOT INSPECTION WITHIN THE LAST 7 DAYS OR 1000 MILES SPECIAL NEEDS: E-TRACK WITHIN 12 INCHES OF FLOOR 2+ LOAD BARS 2+ RATCHET STRAPS AIR RIDE TEMP CONTROLLED: 65-75F SET AT 70F DO NOT STACK, DO NOT CRUSH, DO NOT DROP, HANDLE WITH CARE PICK-UP DATE: 8/03/26 9 AM PDT DELIVERY DATE: ASAP (DRIVE STRAIGHT THROUGH EXCEPT FOR NECESSARY FUEL/FOOD/FACILITIES)",1267,2.18,35,
2026-08-10T16:45:09.444561,SE,72117723,"$1,368.76","TINLEY PARK, IL",08/11 10:00,"FREEDOM, PA",08/12 09:00,"1,976",432,NO NOTES,2408,0.57,1,
2026-08-10T16:49:46.692761,WG,72117687,"$2,958.12","SAINT PETERSBURG, FL",08/12 09:00,"PHILADELPHIA, PA",08/13 09:17,"2,481","1,071",NO NOTES,3552,0.83,3,
2026-08-10T16:59:02.823524,SE,72117724,"$1,003.91","TINLEY PARK, IL",08/11 10:00,"LUDINGTON, MI",08/12 08:00,"1,976",236,NO NOTES,2212,0.45,1,
2026-08-10T17:00:30.377095,WG,72117714,"$7,572.23","SAN DIEGO, CA",08/11 17:00,"DANBURY, CT",08/14 15:00,107,"2,873",NO NOTES,2980,2.54,50,
2026-08-10T17:09:57.851418,SE,72117726,"$1,612.38","TINLEY PARK, IL",08/11 10:30,"ASHLAND, WI",08/12 09:00,"1,976",454,NO NOTES,2430,0.66,1,
2026-08-10T17:14:43.602439,WG,72117087,"$2,381.24","NEW BRUNSWICK, NJ",08/12 10:30,"MOUNT VERNON, IN",08/13 09:00,"2,730",852,BRCOAR: TRAILER MUST BE EMPTY OUTSIDE OF EQUIPMENT NEEDED TO SECURE. NO PLYWOOD IN TRAILER FLOORS ON REEFER LOADS.,3582,0.66,2,
2026-08-10T17:30:47.996330,WG,72117738,"$9,170.87","SPOKANE, WA",08/14 16:00,"NORRISTOWN, PA",08/17 09:00,"1,224","2,535",NO NOTES,3759,2.44,49,
2026-08-10T17:38:02.351329,SE,72117689,"$3,379.95","JACKSONVILLE, FL",08/11 11:00,"ALBUQUERQUE, NM",08/13 11:30,"2,400","1,648",NO NOTES,4048,0.83,3,
2026-08-10T17:44:53.547281,SE,72117739,"$1,221.93","LEMOYNE, PA",08/10 20:00,"SOMERSET, KY",08/11 10:10,162,596,NO NOTES,758,1.61,18,
2026-08-10T17:52:13.763097,SE,72117736,"$2,956.99","INDIANAPOLIS, IN",08/12 07:00,"OCALA, FL",08/13 08:00,"2,042",912,NO NOTES,2954,1.00,3,
2026-08-10T17:58:02.449893,WG,72117688,"$1,065.90","BALTIMORE, MD",08/13 09:00,"PHILADELPHIA, PA",08/13 13:00,"2,618",115,NO NOTES,2733,0.39,1,
2026-08-10T17:58:46.842086,WG,72117743,"$1,065.90","BALTIMORE, MD",08/14 08:00,"PHILADELPHIA, PA",08/14 11:56,"2,618",115,NO NOTES,2733,0.39,1,
2026-08-10T18:14:44.846634,WG,72117745,"$1,586.99","BELMONT, MA",08/12 09:00,"BALTIMORE, MD",08/13 08:30,"2,956",402,L1244392: TEAM DRIVERS ONLY FOR ALL TAKEDA RUNS,3358,0.47,1,
2026-08-10T18:16:07.334023,WG,72117737,"$2,847.93","CALEDONIA, MI",08/13 12:00,"MALVERN, PA",08/14 08:00,"2,153",686,NO NOTES,2839,1.00,3,
2026-08-10T18:28:31.114577,WG,72117746,"$4,647.86","SHEPHERDSVILLE, KY",08/12 07:00,"TEMPE, AZ",08/14 12:00,"2,072","1,728",BAX5100: MUST HAVE TEAM DRIVERS FOR ALL RUNS NO MATTER WHAT THE MILEAGE IS.,3800,1.22,10,
2026-08-10T18:38:44.450088,SE,72117717,"$6,799.65","ARLINGTON, VA",08/13 14:00,"TONOPAH, NV",08/17 11:00,"2,631","2,625",NO NOTES,5256,1.29,14,
2026-08-10T18:49:56.350989,WG,72117763,"$4,818.44","MEMPHIS, TN",08/12 15:00,"FONTANA, CA",08/14 11:00,"1,779","1,768","L1228142: TRACTOR SHIPMENTS MUST BE ABLE TO ACCOMODATE 26 PALLETS, NEED TO HAVE 53' OF SPACE, NO PALLET JACKS",3547,1.36,14,
2026-08-10T18:50:09.450623,WG,72062687,"$1,211.43","LOUISVILLE, KY",08/12 16:30,"OLIVE BRANCH, MS",08/13 09:00,"2,062",381,NO NOTES,2443,0.50,1,
2026-08-10T20:02:46.969710,WG,72117390,"$12,089.62","SPOKANE, WA",08/14 12:00,"KIRKLAND, QC",08/17 08:00,"1,224","2,620",NO NOTES,3844,3.15,71,
2026-08-10T20:07:36.748511,WG,72117775,"$6,296.16","LOUISVILLE, KY",08/12 08:00,"CHINO, CA",08/12 13:00,"2,062","2,160",L1068563: YOU MUST HAVE ALL OF YOUR USEABLE SPACE AVAILABLE. PLEASE ENSURE PERSONAL BELONGINGS ARE STOWED APPROPRIATELY.,4222,1.49,19,
2026-08-10T20:28:49.934680,WG,72117776,"$1,766.40","LOUISVILLE, KY",08/12 09:30,"BUFORD, GA",08/12 10:30,"2,062",443,L1068563: YOU MUST HAVE ALL OF YOUR USEABLE SPACE AVAILABLE. PLEASE ENSURE PERSONAL BELONGINGS ARE STOWED APPROPRIATELY.,2505,0.71,1,
2026-08-10T20:36:37.108468,WG,72117777,"$1,873.62","LOUISVILLE, KY",08/12 15:00,"KANSAS CITY, MO",08/12 17:00,"2,062",518,L1068563: YOU MUST HAVE ALL OF YOUR USEABLE SPACE AVAILABLE. PLEASE ENSURE PERSONAL BELONGINGS ARE STOWED APPROPRIATELY.,2580,0.73,2,
2026-08-11T04:28:25.746085,WG,72117778,$851.63,"BALTIMORE, MD",08/11 08:00,"GAITHERSBURG, MD",08/11 10:23,"2,618",42,NO NOTES,2660,0.32,1,
2026-08-11T04:38:10.210608,SE,72117452,$417.04,"BURBANK, CA",08/11 12:01,"VALENCIA, CA",08/11 14:04,36,26,NO NOTES,62,6.73,70,
2026-08-11T06:29:00.968042,WG,72116104,"$2,788.12","GREENVILLE, NC",08/12 13:00,"ROCKFORD, IL",08/13 11:05,"2,592",968,NO NOTES,3560,0.78,2,
2026-08-11T07:16:12.587293,WG,72117749,"$1,268.57","CINCINNATI, OH",08/13 07:00,"NORTH CHICAGO, IL",08/13 15:50,"2,145",345,12FT TRUCK / TVAL / SEC1 / 5 PALLETS / 2444 LBS / 48X40X40 / SAME DAY DELIVERY,2490,0.51,1,
2026-08-11T07:35:56.888023,WG,72117751,"$1,016.39","ROBBINSVILLE, NJ",08/12 11:00,"PAULSBORO, NJ",08/12 13:28,"2,714",46,NO NOTES,2760,0.37,1,
2026-08-11T07:51:22.550155,WG,72117779,"$1,121.89","LOCKBOURNE, OH",08/13 08:00,"SHEPHERDSVILLE, KY",08/13 14:18,"2,227",226,BAX5100: MUST HAVE TEAM DRIVERS FOR ALL RUNS NO MATTER WHAT THE MILEAGE IS.,2453,0.46,1,
2026-08-11T08:09:11.173762,WG,72117801,"$2,285.88","CINCINNATI, OH",08/13 13:00,"PARSIPPANY, NJ",08/14 10:00,"2,153",607,NO NOTES,2760,0.83,2,
2026-08-11T08:16:24.896029,WG,72117755,"$5,784.30","KENNEDY SPACE CENTER, FL",08/14 13:00,"SAN DIMAS, CA",08/17 11:00,"2,536","2,536",NO NOTES,5072,1.14,9,
2026-08-11T08:23:22.763759,WG,72117802,"$1,564.04","ALLENTOWN, PA",08/13 14:00,"LOCKBOURNE, OH",08/14 10:00,"2,660",448,L1244392: TEAM DRIVERS ONLY FOR ALL TAKEDA RUNS,3108,0.50,1,
2026-08-11T08:28:52.480430,WG,72117818,"$1,078.73","ROBBINSVILLE, NJ",08/12 11:00,"ALLENTOWN, PA",08/12 13:00,"2,714",74,NO NOTES,2788,0.39,1,
2026-08-11T09:01:54.950624,WG,72117819,"$2,262.84","NORFOLK, VA",08/13 10:00,"NORTH EAST, MD",08/14 08:00,"2,671",241,HRS 0700-1400,2912,0.78,2,
2026-08-11T09:14:41.350580,WG,72117815,"$1,586.99","BELMONT, MA",08/12 09:00,"BALTIMORE, MD",08/13 08:30,"2,956",402,L1244392: TEAM DRIVERS ONLY FOR ALL TAKEDA RUNS,3358,0.47,1,
2026-08-11T09:14:54.848562,WG,72117812,"$4,428.62","BLOOMINGTON, IN",08/12 11:00,"CLEARWATER, FL",08/13 10:00,"2,021",972,NO NOTES,2993,1.48,17,
2026-08-11T09:35:51.529192,WG,72117759,"$1,944.82","MANASSAS, VA",08/12 12:00,"EAST GREENBUSH, NY",08/13 09:00,"2,592",404,NO NOTES,2996,0.65,2,
2026-08-11T10:01:48.373337,WG,72117788,$980.68,"LOCKBOURNE, OH",08/13 07:30,"SHEPHERDSVILLE, KY",08/13 14:00,"2,227",226,BAX5100: MUST HAVE TEAM DRIVERS FOR ALL RUNS NO MATTER WHAT THE MILEAGE IS.,2453,0.40,1,
2026-08-11T10:29:55.907531,WG,72117875,"$1,403.37","KANKAKEE, IL",08/13 08:30,"LODI, WI",08/13 14:39,"1,981",219,NO NOTES,2200,0.64,1,
2026-08-11T10:35:47.860399,WG,72117827,"$4,712.10","BLOOMINGTON, IN",08/12 12:00,"PORTSMOUTH, NH",08/13 11:32,"2,021","1,036",NO NOTES,3057,1.54,19,
2026-08-11T10:56:51.545214,WG,72117823,"$5,710.16","GARNER, NC",08/12 10:00,"ALBUQUERQUE, NM",08/14 10:00,"2,517","1,762",NO NOTES,4279,1.33,14,
2026-08-11T10:56:58.574221,WG,72114167,"$1,633.63","MANCHESTER, PA",08/12 12:00,"PATASKALA, OH",08/13 08:26,"2,598",439,PLEASE BE SURE YOU ARE IN RANGE WHEN YOU ARRIVE AT PICKUP**SET POINT 20C,3037,0.54,1,
2026-08-11T11:07:36.115224,WG,72117826,"$5,710.16","GARNER, NC",08/12 10:00,"ALBUQUERQUE, NM",08/14 10:00,"2,517","1,762",NO NOTES,4279,1.33,14,
2026-08-11T11:09:18.860953,SE,72117829,$957.65,"JACKSON, MO",08/12 00:00,"INDIANAPOLIS, IN",08/12 08:23,"1,871",324,ORDER NOTE: OPEN 24 HOURS,2195,0.44,1,
2026-08-11T11:37:28.411137,WG,72117912,"$1,647.19","BETHLEHEM, PA",08/13 11:00,"CHARLOTTE, NC",08/14 08:00,"2,678",582,IC7875: ENSURE THAT YOU HAVE THE ENTIRE BOL FILLED OUT AT THIS LOCATION.,3260,0.51,1,
2026-08-11T11:37:31.471078,WG,72117938,"$2,262.94","SHEPHERDSVILLE, KY",08/13 15:00,"SHREVEPORT, LA",08/14 09:00,"2,072",732,BAX5100: ALL TAKEDA LOADS THAT ARE TEMP SHOULD BE TVAL,2804,0.81,2,
2026-08-11T11:58:14.066785,WG,72117917,"$1,601.94","GREENVILLE, NC",08/13 15:00,"SOUDERTON, PA",08/14 07:00,"2,592",444,NO NOTES,3036,0.53,1,
2026-08-11T12:01:49.900921,WG,72117972,"$3,235.81","CHESTERFIELD, MO",08/13 09:00,"CRANBURY, NJ",08/14 06:49,"1,780",955,NO NOTES,2735,1.18,8,
2026-08-11T12:09:45.055054,SE,72117680,"$2,004.45","RICHMOND, VA",08/12 11:30,"LEBANON, MO",08/13 10:45,"2,568",999,NO NOTES,3567,0.56,2,
2026-08-11T12:15:51.650688,WG,72117973,"$2,418.27","ALLENTOWN, PA",08/13 10:00,"LA VERGNE, TN",08/14 08:00,"2,660",792,NO NOTES,3452,0.70,2,
2026-08-11T12:16:46.907576,SE,72117728,$939.27,"CODY, WY",08/12 10:00,"HELENA, MT",08/12 18:09,"1,092",313,NO NOTES,1405,0.67,1,
2026-08-11T12:16:54.787660,SE,72117727,"$1,300.23","BEACH, ND",08/12 15:00,"HELENA, MT",08/13 10:00,"1,464",497,NO NOTES,1961,0.66,1,
2026-08-11T12:23:52.698327,SE,72117729,"$1,099.01","JACKSON, WY",08/13 15:00,"HELENA, MT",08/14 10:00,924,379,NO NOTES,1303,0.84,1,
2026-08-11T12:35:48.273252,WG,72117976,"$2,858.69","ARLINGTON, TX",08/12 11:00,"LIBERTYVILLE, IL",08/13 09:07,"1,392",969,BAX5100: MUST HAVE TEAM DRIVERS FOR ALL RUNS NO MATTER WHAT THE MILEAGE IS.,2361,1.21,8,
2026-08-11T12:35:57.099065,WG,72117980,"$5,300.89","KANSAS CITY, MO",08/12 12:30,"SAN DIEGO, CA",08/14 01:38,"1,594","1,675",NO NOTES,3269,1.62,22,
2026-08-11T12:35:59.782928,WG,72117660,"$6,144.56","OLIVE BRANCH, MS",08/12 13:00,"SOUTH SAN FRANCISCO, CA",08/14 11:26,"1,782","2,112",NO NOTES,3894,1.58,22,
2026-08-11T12:37:11.693387,WG,72117999,"$1,573.61","NORTHBOROUGH, MA",08/13 10:30,"PHILADELPHIA, PA",08/14 09:00,"2,931",269,NO NOTES,3200,0.49,1,
2026-08-11T12:37:21.781856,WG,72116877,"$5,141.81","TUKWILA, WA",08/13 12:00,"LOS ANGELES, CA",08/14 13:33,"1,151","1,131",NO NOTES,2282,2.25,40,
2026-08-11T12:37:48.588516,WG,72117765,$903.00,"CYPRESS, CA",08/14 15:00,"LOS ANGELES, CA",08/14 17:07,35,29,NO NOTES,64,14.11,71,
2026-08-11T13:08:34.252545,WG,72117984,"$1,192.03","WINCHESTER, KY",08/13 09:00,"CLINTON, TN",08/14 08:00,"2,143",153,NO NOTES,2296,0.52,1,
2026-08-11T13:14:30.011387,WG,72118011,$852.70,"WESCOSVILLE, PA",08/11 16:00,"ALLENTOWN, PA",08/11 17:45,"2,660",12,NO NOTES,2672,0.32,1,
2026-08-11T13:21:41.208433,WG,72118010,$801.82,"MEMPHIS, TN",08/12 10:00,"MEMPHIS, TN",08/12 16:00,"1,774",8,CSAFE RKN SHIPMENT TO DELIVER FREIGHT. WILL NEED TO FOLLOW DESTINATION DRIVER INSTRUCTIONS. INSTRUCTIONS WILL BE EMAILED TO YOU CONTAINER MUST BE IN RANGE FOR FREIGHT TO BE LOADED BATTERY LEVEL MUST BE AT 80% OR GREATER TO DEPART,1782,0.45,1,
2026-08-11T13:28:26.135443,WG,72116413,"$2,159.57","BLOOMINGTON, IN",08/11 15:00,"ALLENTOWN, PA",08/12 08:00,"2,021",674,NO NOTES,2695,0.80,2,
2026-08-11T13:35:38.260881,WG,72118017,$964.96,"LOCKBOURNE, OH",08/12 08:00,"LOUISVILLE, KY",08/12 14:05,"2,227",216,BAX5100: MUST HAVE TEAM DRIVERS FOR ALL RUNS NO MATTER WHAT THE MILEAGE IS.,2443,0.39,1,
2026-08-11T13:37:21.985134,WG,72118038,"$1,069.09","MORRISVILLE, NC",08/13 10:00,"DURHAM, NC",08/13 12:00,"2,499",16,NO NOTES,2515,0.43,1,
2026-08-11T14:08:28.272347,WG,72118042,"$1,913.91","NEWARK, DE",08/13 08:00,"LOCKBOURNE, OH",08/14 08:00,"2,680",466,IC7875: ENSURE THAT YOU HAVE THE ENTIRE BOL FILLED OUT AT THIS LOCATION.,3146,0.61,2,
2026-08-11T14:09:27.126433,SE,72113663,"$1,224.45","BROOKS, KY",08/16 14:00,"PITTSBURGH, PA",08/17 23:51,"2,067",393,IC7875: ENSURE THAT YOU HAVE THE ENTIRE BOL FILLED OUT AT THIS LOCATION.,2460,0.50,1,
2026-08-11T14:22:57.986875,WG,72118046,"$1,164.05","HORSHAM, PA",08/13 09:30,"MALVERN, PA",08/13 11:35,"2,685",28,NO NOTES,2713,0.43,1,
2026-08-11T14:30:08.357955,WG,72118028,"$2,362.80","OLIVE BRANCH, MS",08/13 16:00,"ITASCA, IL",08/14 09:00,"1,782",567,NO NOTES,2349,1.01,2,
2026-08-11T14:30:24.136667,SE,72117381,"$2,138.23","WOBURN, MA",08/12 09:00,"INDIANAPOLIS, IN",08/13 08:49,"2,963",954,NO NOTES,3917,0.55,2,
2026-08-11T14:50:55.986983,WG,72118047,"$3,064.57","WAUNAKEE, WI",08/13 15:00,"CHARLOTTESVILLE, VA",08/14 11:27,"1,953",891,NO NOTES,2844,1.08,5,
2026-08-11T14:51:13.273996,WG,72117764,"$3,325.91","SAVANNAH, GA",08/14 09:30,"LONG ISLAND CITY, NY",08/15 08:00,"2,391",818,24 AT 42*10*5 / 1 AT 43*42*48,3209,1.04,4,
2026-08-11T14:57:34.254256,WG,72118050,"$2,634.21","FISHERS, IN",08/13 09:00,"RENSSELAER, NY",08/14 08:00,"2,061",792,NO NOTES,2853,0.92,2,
2026-08-11T14:58:36.008703,SE,72118049,$598.89,"SEGUIN, TX",08/12 08:00,"ALVARADO, TX",08/12 14:03,"1,363",214,NO NOTES,1577,0.38,1,
2026-08-11T15:00:36.488993,WG,72118048,"$3,975.92","SPOKANE, WA",08/11 17:30,"LA VERNE, CA",08/13 11:00,"1,224","1,224","'D', 93"" I/S WIDTH MINIMUM & TAG/3RD AXEL (OR ER-UNIT) FOR LARGE PHARMA. TANK IN METAL RACK",2448,1.62,21,
2026-08-11T15:15:12.217131,WG,72118052,"$1,099.35","LOCKBOURNE, OH",08/13 08:00,"BROOKS, KY",08/13 13:45,"2,227",221,IC7875: ENSURE THAT YOU HAVE THE ENTIRE BOL FILLED OUT AT THIS LOCATION.,2448,0.45,1,
2026-08-11T15:22:35.657926,WG,72118056,"$2,430.93","FISHERS, IN",08/13 09:00,"RENSSELAER, NY",08/14 09:00,"2,061",792,NO NOTES,2853,0.85,2,
2026-08-11T15:29:55.691325,WG,72118058,"$3,217.39","RENSSELAER, NY",08/13 13:00,"NASHVILLE, TN",08/14 11:52,"2,788","1,005",NO NOTES,3793,0.85,3,
2026-08-11T15:30:27.812942,SE,72118030,$589.73,"MANCHESTER, PA",08/12 08:00,"SUMMIT, NJ",08/12 12:00,"2,598",163,BRCOAR: TRAILER MUST BE EMPTY OUTSIDE OF EQUIPMENT NEEDED TO SECURE. NO PLYWOOD IN TRAILER FLOORS ON REEFER LOADS.,2761,0.21,1,
2026-08-11T15:44:18.552131,SE,72118034,$785.78,"BOSTON, MA",08/14 09:00,"BOSTON, MA",08/14 14:05,"2,964",98,NO NOTES,3062,0.26,1,
2026-08-11T15:51:17.995933,SE,72118035,$789.31,"BOSTON, MA",08/13 09:00,"BOSTON, MA",08/13 14:00,"2,964",77,NO NOTES,3041,0.26,1,
2026-08-11T15:56:45.155332,WG,72118059,"$2,978.83","MARSEILLES, IL",08/12 11:00,"LYNCHBURG, VA",08/13 04:32,"1,925",754,L1238923: NO PETS,2679,1.11,6,
2026-08-11T15:57:50.074530,WG,72118061,"$5,536.55","CRANBURY, NJ",08/13 10:00,"OAKDALE, MN",08/14 12:56,"2,727","1,196",NO NOTES,3923,1.41,16,
2026-08-11T16:02:48.012001,SE,72107930,"$1,765.97","WORCESTER, MA",08/16 16:00,"BUFFALO, NY",08/17 02:24,"2,923",419,NO NOTES,3342,0.53,1,
2026-08-11T16:09:30.899882,SE,72117987,"$5,786.17","FOOTHILL RANCH, CA",08/11 18:30,"INDIAN SHORES, FL",08/14 08:00,45,"2,494",NO NOTES,2539,2.28,41,
2026-08-11T16:16:14.647546,SE,72118062,"$2,952.42","ISLANDIA, NY",08/12 08:00,"VERGENNES, VT",08/12 16:07,"2,813",311,NO NOTES,3124,0.95,3,
2026-08-11T16:23:39.154297,SE,72110202,"$3,531.21","ROCHESTER, NY",08/16 16:15,"PAPILLION, NE",08/17 16:20,"2,571","1,062",NO NOTES,3633,0.97,3,
2026-08-11T16:28:27.585605,WG,72118037,"$1,045.32","CRANBURY, NJ",08/12 08:00,"ELIZABETH, NJ",08/12 11:00,"2,727",35,NO NOTES,2762,0.38,1,
2026-08-11T16:29:53.664852,WG,72117989,"$2,754.67","PHILADELPHIA, PA",08/13 14:00,"INDIANAPOLIS, IN",08/14 08:00,"2,694",671,NO NOTES,3365,0.82,2,
2026-08-11T16:30:31.087720,SE,72118033,$785.78,"BOSTON, MA",08/14 09:00,"BOSTON, MA",08/14 14:05,"2,964",98,NO NOTES,3062,0.26,1,
2026-08-11T16:56:56.730544,WG,72118069,"$1,183.51","LOUISVILLE, KY",08/13 07:00,"LA VERGNE, TN",08/13 11:55,"2,062",182,L1068563: YOU MUST HAVE ALL OF YOUR USEABLE SPACE AVAILABLE. PLEASE ENSURE PERSONAL BELONGINGS ARE STOWED APPROPRIATELY.,2244,0.53,1,
2026-08-11T17:37:21.725538,WG,72115785,"$6,949.29","CARSON, CA",08/14 17:00,"FRANKLIN, TN",08/17 09:00,42,"2,019",NO NOTES,2061,3.37,73,
2026-08-11T17:57:29.637049,WG,72118073,"$4,126.21","KANSAS CITY, MO",08/13 10:00,"DURHAM, NC",08/14 08:00,"1,594","1,048",NO NOTES,2642,1.56,19,
2026-08-11T18:09:07.318938,WG,72118072,"$3,506.84","BETHLEHEM, PA",08/14 09:00,"DURHAM, NC",08/17 09:30,"2,681",466,MUST HAVE ETRACK SYSTEM W/ MIN 7 STRAPS AND 2 BLANKET PADS,3147,1.11,6,
2026-08-11T18:28:33.070502,WG,72118086,"$1,259.55","ALLENTOWN, PA",08/12 12:00,"RENSSELAER, NY",08/12 18:08,"2,660",218,NO NOTES,2878,0.44,1,
2026-08-11T18:35:40.457296,WG,72118087,"$1,009.78","BOSTON, MA",08/12 12:00,"PORTSMOUTH, NH",08/12 14:41,"2,960",56,NO NOTES,3016,0.33,1,
2026-08-11T19:02:13.486108,SE,72074205,"$2,928.12","TACOMA, WA",08/16 19:00,"SOUTH JORDAN, UT",08/17 14:52,"1,126",864,"F1126192: DRIVER MAY BE REQUESTED TO HELP WITH LOADING/UNLOADING BASEBALL EQUIPMENT, PCS/WT VARY",1990,1.47,16,
2026-08-11T19:08:37.456487,WG,72118088,"$1,339.62","SHEPHERDSVILLE, KY",08/13 14:00,"OLIVE BRANCH, MS",08/14 09:00,"2,072",369,BAX5100: MUST HAVE TEAM DRIVERS FOR ALL RUNS NO MATTER WHAT THE MILEAGE IS.,2441,0.55,1,
2026-08-11T19:08:42.750218,WG,72118089,"$2,518.22","SHEPHERDSVILLE, KY",08/13 14:00,"FLOWER MOUND, TX",08/14 09:22,"2,072",840,BAX5100: MUST HAVE TEAM DRIVERS FOR ALL RUNS NO MATTER WHAT THE MILEAGE IS.,2912,0.86,2,
2026-08-11T19:36:39.570997,WG,72118091,$964.96,"SHEPHERDSVILLE, KY",08/13 13:00,"GROVE CITY, OH",08/14 08:00,"2,072",216,BAX5100: MUST HAVE TEAM DRIVERS FOR ALL RUNS NO MATTER WHAT THE MILEAGE IS.,2288,0.42,1,
2026-08-11T20:02:22.434661,SE,72084308,"$2,454.88","DURHAM, NC",08/16 20:00,"MEMPHIS, TN",08/17 12:58,"2,488",727,NO NOTES,3215,0.76,2,
2026-08-11T20:07:50.216802,WG,72118093,"$2,907.57","LOUISVILLE, KY",08/13 07:30,"ORLANDO, FL",08/14 18:08,"2,062",909,L1068563: YOU MUST HAVE ALL OF YOUR USEABLE SPACE AVAILABLE. PLEASE ENSURE PERSONAL BELONGINGS ARE STOWED APPROPRIATELY.,2971,0.98,3,
2026-08-11T20:50:44.858917,WG,72118100,"$8,532.23","LOUISVILLE, KY",08/14 08:30,"KENT, WA",08/18 09:00,"2,062","2,988",L1068563: YOU MUST HAVE ALL OF YOUR USEABLE SPACE AVAILABLE. PLEASE ENSURE PERSONAL BELONGINGS ARE STOWED APPROPRIATELY.,5050,1.69,27,
2026-08-11T21:02:11.408341,SE,72055143,"$2,454.52","JACKSONVILLE, FL",08/16 21:00,"MEMPHIS, TN",08/17 12:42,"2,391",668,BASEBALL EQUIPMENT// 20FT TRUCK REQ,3059,0.80,2,
2026-08-11T22:08:56.727631,SE,72059833,"$1,709.96","OKLAHOMA CITY, OK",08/16 22:00,"SUGAR LAND, TX",08/17 09:18,"1,299",459,"OKL2SO: BASEBALL EQUIPMENT/DRIVER MAY BE REQUESTED TO HELP WITH LOADING/UNLOADING/PCS,WT MAY VARY",1758,0.97,1,
2026-08-11T23:02:12.292271,SE,72078128,"$2,517.56","TACOMA, WA",08/16 23:00,"WEST SACRAMENTO, CA",08/17 15:51,"1,126",722,CH2502: DRIVER MAY BE REQUESTED TO HELP WITH LOADING/UNLOADING.,1848,1.36,12,
2026-08-12T00:36:53.924844,SE,72070455,"$1,903.42","OKLAHOMA CITY, OK",08/17 00:30,"ALBUQUERQUE, NM",08/17 14:07,"1,299",546,BASEBALL EQ PCS & WGT VARIES DRIVER MAY HAVE TO HELP WITH LOADING/UNLOADING,1845,1.03,2,
2026-08-12T01:02:01.740390,WG,72118068,"$5,328.24","LA VERGNE, TN",08/17 01:00,"SCOTTSDALE, AZ",08/18 13:18,"1,990","1,636",NO NOTES,3626,1.47,18,
2026-08-12T01:02:19.670131,SE,72082117,"$2,210.78","LAS VEGAS, NV",08/17 01:00,"ALBUQUERQUE, NM",08/17 15:00,244,588,L1131164: DRIVER MAY BE REQUESTED TO HELP WITH LOADING/UNLOADING.,832,2.66,48,
2026-08-12T05:15:07.299808,WG,72118141,"$3,441.49","ROCKFORD, IL",08/13 10:00,"DURHAM, NC",08/14 08:00,"1,929",864,NO NOTES,2793,1.23,9,
2026-08-12T05:36:41.349990,WG,72118143,"$6,197.55","LOCKBOURNE, OH",08/13 19:00,"MONTCLAIR, CA",08/17 11:00,"2,227","2,228",IC7875: ENSURE THAT YOU HAVE THE ENTIRE BOL FILLED OUT AT THIS LOCATION.,4455,1.39,16,
2026-08-12T07:09:03.223049,SE,72118125,$802.73,"LACONIA, NH",08/12 10:30,"NORTHBOROUGH, MA",08/12 14:15,"2,954",106,NO NOTES,3060,0.26,1,
2026-08-12T07:15:38.556563,WG,72118147,"$1,284.66","MALVERN, PA",08/13 14:00,"WALTHAM, MA",08/14 07:30,"2,662",320,NO NOTES,2982,0.43,1,
2026-08-12T07:37:08.379984,WG,72061117,"$1,207.38","LOUISVILLE, KY",08/17 07:30,"LA VERGNE, TN",08/17 14:23,"2,062",183,NO NOTES,2245,0.54,1,
2026-08-12T07:44:03.849300,WG,72118155,"$1,838.06","SHEPHERDSVILLE, KY",08/13 17:00,"KERNERSVILLE, NC",08/14 08:00,"2,072",476,BAX5100: MUST HAVE TEAM DRIVERS FOR ALL RUNS NO MATTER WHAT THE MILEAGE IS.,2548,0.72,2,
2026-08-12T07:51:21.448618,SE,72118156,"$1,023.36","WEST DEPTFORD, NJ",08/12 10:30,"TAMAQUA, PA",08/12 10:31,"2,687",103,NO NOTES,2790,0.37,1,
2026-08-12T07:57:31.708834,WG,72118180,"$1,077.64","ROBBINSVILLE, NJ",08/13 11:00,"ALLENTOWN, PA",08/13 15:30,"2,714",74,NO NOTES,2788,0.39,1,
2026-08-12T07:58:28.377712,SE,72118179,$452.37,"GREENCASTLE, PA",08/14 08:00,"JESSUP, MD",08/14 11:14,"2,556",82,NO NOTES,2638,0.17,1,
2026-08-12T08:02:36.751310,WG,72113880,"$1,215.06","GROVE CITY, OH",08/17 08:00,"WHITESTOWN, IN",08/17 14:00,"2,217",198,"PR2297: IF PALLET JACK REQUESTED NEED TO MAKE SURE IT'S ACCESSIBLE TO OFFLOAD TRK. DRIVERS MAY NEED TO OFFLOAD TRK TO DOCK AT DELIVERIES, ESPECIALLY NC AND FL.",2415,0.50,1,
2026-08-12T08:09:12.367999,WG,72111621,"$1,090.38","LOUISVILLE, KY",08/17 08:00,"LOUISVILLE, KY",08/17 08:00,"2,062",0,L1068563: YOU MUST HAVE ALL OF YOUR USEABLE SPACE AVAILABLE. PLEASE ENSURE PERSONAL BELONGINGS ARE STOWED APPROPRIATELY.,2062,0.53,1,
2026-08-12T08:09:40.577636,SE,72115459,$947.68,"BOSTON, MA",08/17 08:00,"BOSTON, MA",08/17 14:30,"2,964",5,NO NOTES,2969,0.32,1,
2026-08-12T08:15:07.624490,WG,72118181,$968.71,"FISHERS, IN",08/13 09:00,"BLOOMINGTON, IN",08/13 12:05,"2,061",75,NO NOTES,2136,0.45,1,
2026-08-12T08:44:12.148201,WG,72117828,"$3,249.14","ALLENTOWN, PA",08/17 08:30,"BROOKS, KY",08/18 08:30,"2,660",660,NO NOTES,3320,0.98,3,
2026-08-12T08:44:23.030064,SE,72118187,"$1,885.22","WOODBURY, MN",08/12 10:00,"GRAND RAPIDS, MI",08/13 08:00,"1,904",570,NO NOTES,2474,0.76,2,
2026-08-12T09:02:32.614603,WG,72113753,"$1,259.55","ALLENTOWN, PA",08/17 09:00,"RENSSELAER, NY",08/17 15:08,"2,660",218,NO NOTES,2878,0.44,1,
2026-08-12T09:02:37.350643,WG,72102690,"$2,730.09","LA VERGNE, TN",08/17 09:00,"FAIRFIELD, NJ",08/18 05:03,"1,990",872,"CORD11: TRUCK MUST HAVE FULL AMOUNT OF USABLE SPACE FOR THE TRUCK SIZE REQUESTED, 20FT OF USABLE SPACE, 12FT OF USABLE SPACE, 53FT OF USABLE SPACE.",2862,0.95,2,
2026-08-12T09:02:40.984257,WG,72113765,"$1,343.04","PHILADELPHIA, PA",08/17 09:00,"RENSSELAER, NY",08/17 15:07,"2,694",217,NO NOTES,2911,0.46,1,
2026-08-12T09:03:17.620718,SE,72118092,$628.62,"MIAMI, FL",08/17 09:00,"MULBERRY, FL",08/17 15:05,"2,715",216,NO NOTES,2931,0.21,1,
2026-08-12T09:09:23.523785,WG,72117699,"$2,021.90","CALEDONIA, MI",08/17 09:00,"ALLENTOWN, PA",08/18 08:00,"2,153",667,NO NOTES,2820,0.72,2,
2026-08-12T09:09:50.399568,SE,72117690,$776.94,"BOSTON, MA",08/17 09:00,"BOSTON, MA",08/17 14:30,"2,964",54,NO NOTES,3018,0.26,1,
2026-08-12T09:15:57.234570,WG,72118196,"$1,122.69","PHILADELPHIA, PA",08/14 10:00,"SOUDERTON, PA",08/14 12:12,"2,694",33,NO NOTES,2727,0.41,1,
2026-08-12T09:16:28.215601,SE,72118211,"$1,646.03","MCKINNEY, TX",08/12 18:30,"KANSAS CITY, MO",08/13 08:30,"1,435",461,NO NOTES,1896,0.87,1,
2026-08-12T09:29:40.542313,WG,72118219,"$1,549.33","GREENVILLE, NC",08/13 15:30,"ALLENTOWN, PA",08/13 15:30,"2,592",451,NO NOTES,3043,0.51,1,
2026-08-12T09:37:28.574878,WG,72060339,"$2,186.98","LOUISVILLE, KY",08/17 09:30,"OLIVE BRANCH, MS",08/18 07:00,"2,062",382,"TVAL 36-46 C SP 40 C, DRIVER SECURE, NON HAZ PHARMACEUTICALS",2444,0.89,2,
2026-08-12T09:49:33.280472,WG,72118222,"$3,481.43","HARRISBURG, PA",08/12 15:44,"SHREVEPORT, LA",08/14 07:00,"2,590","1,264",L1233585: BE SURE THAT YOUR PREVENTIVE MAINTANANCE IS UP TO DATE BEFORE PICKING UP.********,3854,0.90,3,
2026-08-12T09:50:34.496188,WG,72118223,"$1,133.92","ALLENTOWN, PA",08/13 15:00,"WILMINGTON, MA",08/14 08:00,"2,660",317,NO NOTES,2977,0.38,1,
2026-08-12T10:02:12.780956,WG,72117344,"$5,600.97","TAMPA, FL",08/17 10:00,"ROCKFORD, IL",08/18 16:00,"2,467","1,252",NO NOTES,3719,1.51,19,
2026-08-12T10:02:15.982416,WG,72116288,"$3,386.76","OKLAHOMA CITY, OK",08/17 10:00,"TORRANCE, CA",08/18 16:05,"1,297","1,344",NO NOTES,2641,1.28,11,
2026-08-12T10:08:06.608028,WG,72118227,"$1,275.73","MORRISVILLE, NC",08/13 10:00,"WILMINGTON, NC",08/13 14:31,"2,499",142,NO NOTES,2641,0.48,1,
2026-08-12T10:09:23.334254,WG,72117747,"$5,728.59","AUDUBON, PA",08/17 10:00,"MIAMI, FL",08/18 11:45,"2,672","1,210",NO NOTES,3882,1.48,18,
2026-08-12T10:50:52.772923,WG,72118235,$976.69,"BOONE, IA",08/14 09:00,"ORANGE CITY, IA",08/14 14:18,"1,674",179,"BLIND SHIPMENT, DOES NOT WANT THE PICKUP TO KNOW WHERE ITS DELIVERING TOO",1853,0.53,1,
2026-08-12T10:57:21.022628,WG,72118259,"$2,503.40","WILMINGTON, NC",08/13 14:00,"HORSEHEADS, NY",08/14 08:00,"2,576",651,NO NOTES,3227,0.78,2,
2026-08-12T11:02:23.204416,WG,72102679,$926.36,"LA VERGNE, TN",08/17 11:00,"MEMPHIS, TN",08/17 16:58,"1,990",210,UP TO 6 PALLETS,2200,0.42,1,
2026-08-12T11:02:26.347509,WG,72110128,"$10,641.82","LA VERNE, CA",08/17 11:00,"LA VERNE, CA",08/19 17:35,0,"2,448","'D', 93"" I/S WIDTH MINIMUM & TAG/3RD AXEL (OR ER-UNIT) FOR LARGE PHARMA. TANK IN METAL RACK",2448,4.35,80,
2026-08-12T11:02:36.875575,SE,72118174,$911.91,"MECHANICSBURG, PA",08/12 16:00,"MILLBURN, NJ",08/13 09:00,"2,575",163,NO NOTES,2738,0.33,1,
2026-08-12T11:08:21.137562,WG,72118255,$922.08,"NORTH CHARLESTON, SC",08/13 11:00,"WILMINGTON, NC",08/13 16:17,"2,464",178,NO NOTES,2642,0.35,1,
2026-08-12T11:09:35.943503,WG,72117865,"$1,071.39","GARNER, NC",08/17 11:00,"WILMINGTON, NC",08/17 15:04,"2,517",121,NO NOTES,2638,0.41,1,
2026-08-12T11:09:52.013774,WG,72117760,"$1,579.54","LA VERGNE, TN",08/17 11:00,"PLAINFIELD, IN",08/18 08:00,"1,990",315,NO NOTES,2305,0.69,1,
2026-08-12T11:09:57.531868,WG,72117629,"$1,090.51","TORRANCE, CA",08/17 11:00,"SAN DIEGO, CA",08/17 15:10,51,105,NO NOTES,156,6.99,71,
2026-08-12T11:10:46.918692,SE,72117730,"$2,205.57","RIVERTON, WY",08/17 11:00,"HELENA, MT",08/18 10:00,953,629,NO NOTES,1582,1.39,13,
2026-08-12T11:16:22.154184,SE,72117805,"$1,349.77","ROCHESTER, NY",08/12 14:00,"STERLING, VA",08/13 08:00,"2,570",374,NO NOTES,2944,0.46,1,
2026-08-12T11:43:46.719510,WG,72118283,"$8,442.43","ORLANDO, FL",08/17 08:00,"HUNTINGTON BEACH, CA",08/19 16:07,"2,536","2,557",NO NOTES,5093,1.66,26,
2026-08-12T11:51:35.750841,SE,72118284,"$2,936.96","JACKSON, TN",08/12 15:15,"LAREDO, TX",08/13 13:20,"1,849",968,ORDER NOTE: PICK UP NUMBER 8110225045,2817,1.04,4,
2026-08-12T11:58:14.715966,WG,72118285,"$2,642.60","EAST GREENBUSH, NY",08/17 09:00,"BLOOMINGTON, IN",08/18 08:00,"2,791",840,NO NOTES,3631,0.73,2,
2026-08-12T12:02:30.748596,WG,72117588,"$2,526.48","BLOOMINGTON, IN",08/17 12:00,"RENSSELAER, NY",08/18 07:48,"2,021",837,NO NOTES,2858,0.88,2,
2026-08-12T12:02:34.341711,WG,72116927,"$5,961.57","SAN DIEGO, CA",08/17 12:00,"BLOOMINGTON, IN",08/19 09:42,107,"2,078","ALN300: IF SHIPPER REQUESTS A TEMPERATURE SET POINT CHANGE, DO NOT CHANGE WITHOUT CUSTOMER'S APPROVAL.",2185,2.73,54,
2026-08-12T12:02:45.086968,SE,72118268,"$2,484.89","LEXINGTON, MA",08/13 12:00,"HERNDON, VA",08/14 09:00,"2,958",459,US DRIVERS WITH CLEAN RECORDS,3417,0.73,2,
2026-08-12T12:09:26.810774,WG,72118286,"$3,293.33","EAST GREENBUSH, NY",08/17 10:00,"EDEN PRAIRIE, MN",08/18 13:59,"2,791","1,245",MUST BE SEALABLE,4036,0.82,3,
2026-08-12T12:09:52.169122,WG,72085765,"$3,504.82","LOS ANGELES, CA",08/17 12:00,"FORT COLLINS, CO",08/18 12:14,31,"1,069",NO NOTES,1100,3.19,64,
2026-08-12T12:09:55.514524,WG,72118171,"$1,186.31","BLOOMINGTON, IN",08/17 12:00,"MOUNT PROSPECT, IL",08/17 19:30,"2,021",260,NO NOTES,2281,0.52,1,
2026-08-12T12:09:58.902083,WG,72113459,"$6,483.28","SAN DIEGO, CA",08/17 12:00,"EAST GREENBUSH, NY",08/20 09:00,107,"2,871",NO NOTES,2978,2.18,39,
2026-08-12T12:10:02.288600,WG,72110361,"$2,450.82","LA VERGNE, TN",08/17 12:00,"OMAHA, NE",08/18 09:00,"1,990",760,"CORD11: TRUCK MUST HAVE FULL AMOUNT OF USABLE SPACE FOR THE TRUCK SIZE REQUESTED, 20FT OF USABLE SPACE, 12FT OF USABLE SPACE, 53FT OF USABLE SPACE.",2750,0.89,2,
2026-08-12T12:10:08.657176,WG,72110306,"$3,243.71","LA VERGNE, TN",08/17 12:00,"LUBBOCK, TX",08/18 12:42,"1,990","1,044","CORD11: TRUCK MUST HAVE FULL AMOUNT OF USABLE SPACE FOR THE TRUCK SIZE REQUESTED, 20FT OF USABLE SPACE, 12FT OF USABLE SPACE, 53FT OF USABLE SPACE.",3034,1.07,5,
2026-08-12T12:43:27.695906,WG,72118289,"$1,188.30","MOUNT VERNON, IN",08/13 14:00,"GROVEPORT, OH",08/13 23:30,"1,948",345,BRCOAR: TRAILER MUST BE EMPTY OUTSIDE OF EQUIPMENT NEEDED TO SECURE. NO PLYWOOD IN TRAILER FLOORS ON REEFER LOADS.,2293,0.52,1,
2026-08-12T13:02:28.163662,WG,72118287,"$1,457.27","LA VERGNE, TN",08/17 13:00,"SPRINGFIELD, IL",08/18 09:00,"1,990",388,NO NOTES,2378,0.61,1,
2026-08-12T13:02:31.579008,WG,72117983,"$6,259.17","LOGAN, UT",08/17 13:00,"TARRYTOWN, NY",08/20 08:00,738,"2,182",NO NOTES,2920,2.14,38,
2026-08-12T13:08:51.085749,WG,72115429,$941.93,"SHEPHERDSVILLE, KY",08/17 13:00,"LA VERGNE, TN",08/18 07:00,"2,072",171,BAX5100: MUST HAVE TEAM DRIVERS FOR ALL RUNS NO MATTER WHAT THE MILEAGE IS.,2243,0.42,1,
2026-08-12T13:08:54.261459,WG,72110369,$930.96,"LA VERGNE, TN",08/17 13:00,"COLLIERVILLE, TN",08/18 09:00,"1,990",219,"CORD11: TRUCK MUST HAVE FULL AMOUNT OF USABLE SPACE FOR THE TRUCK SIZE REQUESTED, 20FT OF USABLE SPACE, 12FT OF USABLE SPACE, 53FT OF USABLE SPACE.",2209,0.42,1,
2026-08-12T13:08:59.440609,WG,72117703,"$3,155.39","BROOKS, KY",08/17 13:00,"MIAMI, FL",08/18 13:23,"2,067","1,076",IC7875: ENSURE THAT YOU HAVE THE ENTIRE BOL FILLED OUT AT THIS LOCATION.,3143,1.00,3,
2026-08-12T13:09:04.592928,WG,72110310,"$1,884.95","LA VERGNE, TN",08/17 13:00,"CORAOPOLIS, PA",08/18 08:00,"1,990",575,"CORD11: TRUCK MUST HAVE FULL AMOUNT OF USABLE SPACE FOR THE TRUCK SIZE REQUESTED, 20FT OF USABLE SPACE, 12FT OF USABLE SPACE, 53FT OF USABLE SPACE.",2565,0.73,2,
2026-08-12T13:09:07.069052,WG,72115132,"$1,758.74","SHEPHERDSVILLE, KY",08/17 13:00,"DOTHAN, AL",08/18 09:00,"2,072",538,BAX5100: MUST HAVE TEAM DRIVERS FOR ALL RUNS NO MATTER WHAT THE MILEAGE IS.,2610,0.67,1,
2026-08-12T13:30:31.426882,SE,72118164,"$2,967.87","FREDERICK, MD",08/17 09:00,"FARMERS BRANCH, TX",08/19 08:00,"2,574","1,325","MUST HAVE E-TRACK !!!!  ITEMS WILL BE LOADED INDIVIDUALLY SO I NEED A WAY TO STRAP HIGH AND LOW TO KEEP MY ITEMS IN PLACE FOR THE RIDE COMMODITY - CHAIR RAIL, WALL CAP, BEAMS 2000LBS / 150PCS",3899,0.76,3,
2026-08-12T13:36:25.504697,WG,72118303,"$1,290.14","SHEPHERDSVILLE, KY",08/13 18:00,"ITASCA, IL",08/14 09:00,"2,072",341,NO NOTES,2413,0.53,1,
2026-08-12T13:37:01.514338,WG,72118296,"$6,700.46","LOGAN, UT",08/17 13:00,"PORTSMOUTH, NH",08/20 08:00,738,"2,415",NO NOTES,3153,2.13,37,
2026-08-12T13:49:42.250491,WG,72118308,"$1,006.51","BOSTON, MA",08/13 08:00,"WEST HAVEN, CT",08/13 15:33,"2,964",162,NO NOTES,3126,0.32,1,
2026-08-12T14:00:54.952025,WG,72118309,$798.75,"MEMPHIS, TN",08/13 10:00,"MEMPHIS, TN",08/13 15:01,"1,774",2,NO NOTES,1776,0.45,1,
2026-08-12T14:02:42.761178,WG,72118192,"$1,311.27","INDIANAPOLIS, IN",08/17 14:00,"ERIE, PA",08/18 08:00,"2,046",409,NO NOTES,2455,0.53,1,
2026-08-12T14:02:45.551654,WG,72102606,"$1,722.84","LA VERGNE, TN",08/17 14:00,"RALEIGH, NC",08/18 08:00,"1,990",522,"CORD11: TRUCK MUST HAVE FULL AMOUNT OF USABLE SPACE FOR THE TRUCK SIZE REQUESTED, 20FT OF USABLE SPACE, 12FT OF USABLE SPACE, 53FT OF USABLE SPACE.",2512,0.69,1,
2026-08-12T14:02:48.276595,WG,72102666,"$1,921.66","LA VERGNE, TN",08/17 14:00,"MONROEVILLE, PA",08/18 08:00,"1,990",587,"CORD11: TRUCK MUST HAVE FULL AMOUNT OF USABLE SPACE FOR THE TRUCK SIZE REQUESTED, 20FT OF USABLE SPACE, 12FT OF USABLE SPACE, 53FT OF USABLE SPACE.",2577,0.75,2,
2026-08-12T14:03:18.262611,SE,72118173,$763.84,"LOUISVILLE, KY",08/17 14:00,"INDIANAPOLIS, IN",08/17 17:54,"2,052",113,NO NOTES,2165,0.35,1,
2026-08-12T14:08:19.452864,WG,72117138,"$2,161.71","LOUISVILLE, KY",08/13 15:30,"NEW CUMBERLAND, PA",08/14 08:30,"2,062",578,NEED TWIC CARD FOR DEL,2640,0.82,2,
2026-08-12T14:09:37.556837,WG,72088368,"$2,556.73","GREENSBORO, NC",08/17 14:00,"JACKSON, MS",08/18 09:00,"2,433",713,"TR30SU: PLEASE USE STRAPS AT ALL TIMES, CALL TCI WITH ANY EXCEPTIONS DURING BUSINESS HOURS ONLY",3146,0.81,2,
2026-08-12T14:09:47.319650,WG,72117982,"$1,148.40","CLINTON, TN",08/17 14:00,"LA VERGNE, TN",08/18 07:30,"2,146",171,EI100T: *** NEEDS PAP# ASAP TO GET YOU PRECLEARED .***,2317,0.50,1,
2026-08-12T14:16:30.767978,SE,72118311,"$1,048.74","INDIANAPOLIS, IN",08/14 09:00,"INDIANAPOLIS, IN",08/14 17:51,"2,029",275,NO NOTES,2304,0.46,1,
2026-08-12T14:29:35.834917,WG,72118344,"$3,842.48","KANSAS CITY, MO",08/17 09:00,"SOUDERTON, PA",08/18 10:38,"1,594","1,135",NO NOTES,2729,1.41,15,
2026-08-12T14:29:38.628636,WG,72118233,"$5,020.09","OLIVE BRANCH, MS",08/17 09:00,"WHITTIER, CA",08/19 13:42,"1,782","1,804",NO NOTES,3586,1.40,16,
2026-08-12T14:37:40.231952,WG,72095757,"$3,236.84","GLENCOE, MN",08/17 14:30,"BRANCHBURG, NJ",08/18 18:12,"1,846","1,232","CUSTOMER REQUIRES TEMPERATURE PRINTOUT AT DELIVERY ARRIVAL, ALSO NOTATE DOORS OPENED/CLOSED TIMES ON BOL",3078,1.05,4,
2026-08-12T14:42:37.635878,WG,72118348,"$2,713.47","LOUISVILLE, KY",08/13 07:30,"ORLANDO, FL",08/14 08:00,"2,062",861,L1068563: YOU MUST HAVE ALL OF YOUR USEABLE SPACE AVAILABLE. PLEASE ENSURE PERSONAL BELONGINGS ARE STOWED APPROPRIATELY.,2923,0.93,2,
2026-08-12T14:50:37.535863,WG,72118324,"$2,406.19","SMYRNA, GA",08/17 10:00,"PATUXENT RIVER, MD",08/18 08:00,"2,145",648,NO NOTES,2793,0.86,2,
2026-08-12T15:02:40.926868,WG,72117269,"$3,031.03","CALEDONIA, MI",08/17 15:00,"TITUSVILLE, NJ",08/18 08:07,"2,153",734,NO NOTES,2887,1.05,4,
2026-08-12T15:02:44.120935,WG,72113930,"$1,991.99","MEMPHIS, TN",08/17 15:00,"CANFIELD, OH",08/18 08:32,"1,779",754,"L1228142: TRACTOR SHIPMENTS MUST BE ABLE TO ACCOMODATE 26 PALLETS, NEED TO HAVE 53' OF SPACE, NO PALLET JACKS",2533,0.79,2,
2026-08-12T15:02:47.172179,WG,72116778,"$1,214.81","MOUNT VERNON, IN",08/17 15:00,"OLIVE BRANCH, MS",08/18 02:00,"1,948",302,PLEASE BE IN RANGE WHEN YOU ARRIVE AT SHIPPER**SET POINT 5C,2250,0.54,1,
2026-08-12T15:02:50.804963,WG,72117665,$934.52,"DEVENS, MA",08/17 15:00,"NEW BRUNSWICK, NJ",08/18 08:00,"2,949",241,BRCOAR: TRAILER MUST BE EMPTY OUTSIDE OF EQUIPMENT NEEDED TO SECURE. NO PLYWOOD IN TRAILER FLOORS ON REEFER LOADS.,3190,0.29,1,
2026-08-12T15:02:54.180638,WG,72112526,"$2,002.32","SHEPHERDSVILLE, KY",08/17 15:00,"NEWARK, DE",08/18 08:00,"2,072",678,SHIPPER WILL HAVE AN ESCORT TRUCK FOLLOW FOR FIRST 100 MILES.OR THE WHOLE TRIP;CONF #:,2750,0.73,2,
2026-08-12T15:02:57.181632,WG,72118270,"$1,777.64","LA VERGNE, TN",08/17 15:00,"CHICAGO, IL",08/18 09:00,"1,990",494,NO NOTES,2484,0.72,1,
2026-08-12T15:03:00.540519,WG,72102700,"$1,735.67","LA VERGNE, TN",08/17 15:00,"MOUNT PROSPECT, IL",08/18 07:00,"1,990",516,UP TO 6 PALLETS,2506,0.69,1,
2026-08-12T15:09:26.523441,WG,72117012,"$8,330.78","LOCKBOURNE, OH",08/17 15:00,"BEND, OR",08/19 18:12,"2,227","2,336",NO NOTES,4563,1.83,31,
2026-08-12T15:10:20.139807,SE,72118005,$925.03,"ELIZABETH, NJ",08/17 15:00,"HARRISBURG, PA",08/18 08:14,"2,745",181,CSAFE RKN SHIPMENT TO PICK UP FREIGHT. WILL NEED TO FOLLOW SHIPPER ORIGIN INSTRUCTIONS AT ALL LOCATIONS. INSTRUCTIONS WILL BE EMAILED TO YOU CONTAINER MUST BE IN RANGE FOR FREIGHT TO BE LOADED BATTERY LEVEL MUST BE AT 80% OR GREATER TO DEPART,2926,0.32,1,
2026-08-12T15:29:35.911174,WG,72118404,"$1,605.52","GREENCASTLE, PA",08/17 10:30,"METHUEN, MA",08/18 08:00,"2,556",461,NO NOTES,3017,0.53,1,
2026-08-12T15:36:23.379699,WG,72118356,$922.08,"NORTH CHARLESTON, SC",08/14 09:30,"WILMINGTON, NC",08/14 14:47,"2,464",178,NO NOTES,2642,0.35,1,
2026-08-12T15:43:11.469080,WG,72118407,"$1,156.54","MALVERN, PA",08/14 09:00,"RARITAN, NJ",08/14 11:52,"2,662",65,NO NOTES,2727,0.42,1,
2026-08-12T15:50:39.262094,WG,72118409,"$1,156.54","MALVERN, PA",08/14 09:15,"RARITAN, NJ",08/14 12:07,"2,662",65,NO NOTES,2727,0.42,1,
2026-08-12T15:50:45.145030,WG,72118410,$945.01,"MALVERN, PA",08/14 09:30,"PINE BROOK, NJ",08/14 13:01,"2,662",95,NO NOTES,2757,0.34,1,
2026-08-12T15:56:57.761476,WG,72118412,"$1,156.54","MALVERN, PA",08/13 13:00,"RARITAN, NJ",08/13 15:52,"2,662",65,NO NOTES,2727,0.42,1,
2026-08-12T16:03:28.510440,WG,72111091,$930.96,"LA VERGNE, TN",08/17 16:00,"COLLIERVILLE, TN",08/18 09:00,"1,990",219,"CORD11: TRUCK MUST HAVE FULL AMOUNT OF USABLE SPACE FOR THE TRUCK SIZE REQUESTED, 20FT OF USABLE SPACE, 12FT OF USABLE SPACE, 53FT OF USABLE SPACE.",2209,0.42,1,
2026-08-12T16:03:31.656243,WG,72111071,$938.13,"LA VERGNE, TN",08/17 16:00,"OLIVE BRANCH, MS",08/18 09:00,"1,990",233,"CORD11: TRUCK MUST HAVE FULL AMOUNT OF USABLE SPACE FOR THE TRUCK SIZE REQUESTED, 20FT OF USABLE SPACE, 12FT OF USABLE SPACE, 53FT OF USABLE SPACE.",2223,0.42,1,
2026-08-12T16:15:24.812370,WG,72118420,"$1,417.65","FISHERS, IN",08/17 09:00,"MIDDLETON, WI",08/18 10:00,"2,061",346,NO NOTES,2407,0.59,1,
2026-08-12T16:16:26.730882,WG,72118419,"$5,625.51","LOGAN, UT",08/17 15:00,"TARRYTOWN, NY",08/20 08:15,738,"2,182",NO NOTES,2920,1.93,31,
2026-08-12T16:16:40.713927,WG,72118224,"$9,645.55","SPOKANE, WA",08/17 16:00,"AUDUBON, PA",08/20 08:00,"1,224","2,535",NO NOTES,3759,2.57,53,
2026-08-12T16:22:02.255520,WG,72118393,"$2,754.67","PHILADELPHIA, PA",08/13 15:00,"INDIANAPOLIS, IN",08/14 09:00,"2,694",671,NO NOTES,3365,0.82,2,
2026-08-12T16:24:15.247365,SE,72118140,"$3,823.67","STOCKTON, CA",08/17 13:00,"BOULDER, CO",08/18 16:27,360,"1,220",NO NOTES,1580,2.42,43,
2026-08-12T16:43:16.349412,WG,72118057,"$3,447.22","DALLAS, TX",08/14 17:00,"MEMPHIS, TN",08/17 09:00,"1,418",465,"48X40X70, 23X20X68 (4), 53X22X35 LIFTGATE - 45IN LONG",1883,1.83,26,
2026-08-12T16:50:07.567808,WG,72118414,"$2,062.09","WILMINGTON, OH",08/13 15:30,"ALLENTOWN, PA",08/14 08:00,"2,185",501,NO NOTES,2686,0.77,2,
2026-08-12T17:02:34.802528,WG,72111066,$906.40,"LA VERGNE, TN",08/17 17:00,"SHEPHERDSVILLE, KY",08/18 07:00,"1,990",171,"CORD11: TRUCK MUST HAVE FULL AMOUNT OF USABLE SPACE FOR THE TRUCK SIZE REQUESTED, 20FT OF USABLE SPACE, 12FT OF USABLE SPACE, 53FT OF USABLE SPACE.",2161,0.42,1,
2026-08-12T17:02:37.982570,WG,72113561,"$2,167.95","LOCKBOURNE, OH",08/17 17:00,"OLIVE BRANCH, MS",08/18 09:00,"2,227",594,IC7875: ENSURE THAT YOU HAVE THE ENTIRE BOL FILLED OUT AT THIS LOCATION.,2821,0.77,2,
2026-08-12T17:02:40.732903,WG,72112639,"$1,488.93","BROOKS, KY",08/17 17:00,"OLIVE BRANCH, MS",08/18 08:59,"2,067",377,IC7875: ENSURE THAT YOU HAVE THE ENTIRE BOL FILLED OUT AT THIS LOCATION.,2444,0.61,1,
2026-08-12T17:02:43.497582,WG,72113682,"$2,773.04","GROVE CITY, OH",08/17 17:00,"CHESAPEAKE, VA",08/18 08:30,"2,217",568,"ORDER NOTE: PALLET JACK REQUIRED, DRIVER UNLOAD",2785,1.00,2,
2026-08-12T17:09:36.336764,WG,72112924,"$6,756.62","ROANOKE, TX",08/17 17:00,"SUNNYVALE, CA",08/19 11:00,"1,396","1,661","FOR NOVEMBER 27TH, 2024, OUR DOCK HOURS WILL BE 6AM-12PM PST FOR HAZMAT.",3057,2.21,40,
2026-08-12T17:29:12.488009,WG,72118417,"$1,031.56","WEST HAVEN, CT",08/14 09:00,"BOSTON, MA",08/14 15:28,"2,831",163,NO NOTES,2994,0.34,1,
2026-08-12T17:44:09.565879,WG,72118499,"$1,416.57","SHEPHERDSVILLE, KY",08/17 14:00,"SIMPSONVILLE, SC",08/18 08:00,"2,072",398,BAX5100: MUST HAVE TEAM DRIVERS FOR ALL RUNS NO MATTER WHAT THE MILEAGE IS.,2470,0.57,1,
2026-08-12T17:50:32.301161,WG,72118424,$965.26,"WINCHESTER, KY",08/17 10:00,"SHEPHERDSVILLE, KY",08/18 07:00,"2,143",101,BAX5100: MUST HAVE TEAM DRIVERS FOR ALL RUNS NO MATTER WHAT THE MILEAGE IS.,2244,0.43,1,
2026-08-12T17:57:51.915766,WG,72118425,"$1,384.98","ANDOVER, MA",08/17 14:00,"GROTON, CT",08/17 18:08,"2,971",124,SINGLE DRIVER OK,3095,0.45,1,
2026-08-12T18:02:57.794535,WG,72110777,"$1,251.42","BROOKS, KY",08/17 18:00,"ELK GROVE VILLAGE, IL",08/18 09:00,"2,067",337,IC7875: ENSURE THAT YOU HAVE THE ENTIRE BOL FILLED OUT AT THIS LOCATION.,2404,0.52,1,
2026-08-12T18:03:01.278693,WG,72102657,"$6,441.16","LA VERGNE, TN",08/17 18:00,"REDLANDS, CA",08/19 13:45,"1,990","1,986",ORDER NOTE: FDCC TO CONTACT 909-796-7171 TO CONFIRM DELIVERY DATE/TIME.,3976,1.62,23,
2026-08-12T18:03:04.143963,WG,72113876,"$1,995.08","GROVE CITY, OH",08/17 18:00,"BURR RIDGE, IL",08/18 08:00,"2,217",330,ORDER NOTE: DRIVER UNLOAD,2547,0.78,2,
2026-08-12T18:42:55.945397,WG,72117992,$864.73,"NORCROSS, GA",08/17 08:00,"CHARLOTTE, NC",08/17 14:28,"2,164",234,NO NOTES,2398,0.36,1,
2026-08-12T19:03:01.663621,WG,72110373,"$1,941.96","LA VERGNE, TN",08/17 19:00,"CANFIELD, OH",08/18 08:26,"1,990",561,"CORD11: TRUCK MUST HAVE FULL AMOUNT OF USABLE SPACE FOR THE TRUCK SIZE REQUESTED, 20FT OF USABLE SPACE, 12FT OF USABLE SPACE, 53FT OF USABLE SPACE.",2551,0.76,2,
2026-08-12T19:03:05.422894,WG,72110782,"$1,820.20","BROOKS, KY",08/17 19:00,"DOTHAN, AL",08/18 09:00,"2,067",543,IC7875: ENSURE THAT YOU HAVE THE ENTIRE BOL FILLED OUT AT THIS LOCATION.,2610,0.70,2,
2026-08-12T19:03:08.746306,WG,72112565,$913.93,"BROOKS, KY",08/17 19:00,"PATASKALA, OH",08/18 08:00,"2,067",237,IC7875: ENSURE THAT YOU HAVE THE ENTIRE BOL FILLED OUT AT THIS LOCATION.,2304,0.40,1,
2026-08-12T19:09:27.106821,WG,72114402,"$2,446.70","KERNERSVILLE, NC",08/17 19:00,"PANAMA CITY, FL",08/18 13:49,"2,417",704,DO NOT ARRIVE MORE THAN 30 MINS PRIOR TO SCHEDULED PICK UP TIME,3121,0.78,2,
2026-08-12T19:51:46.654455,SE,72118429,"$1,670.87","ERLANGER, KY",08/12 21:00,"JACKSONVILLE, FL",08/13 15:26,"2,141",796,NO NOTES,2937,0.57,1,
2026-08-12T20:02:36.223577,WG,72112571,"$1,883.57","BROOKS, KY",08/17 20:00,"LA VERGNE, TN",08/18 07:00,"2,067",176,IC7875: ENSURE THAT YOU HAVE THE ENTIRE BOL FILLED OUT AT THIS LOCATION.,2243,0.84,2,
2026-08-12T20:30:32.157530,SE,72118094,$479.41,"CHICAGO, IL",08/13 09:00,"DES PLAINES, IL",08/13 10:36,"1,982",5,NO NOTES,1987,0.24,1,
2026-08-12T20:58:42.718322,SE,72118503,$655.69,"WINDSOR, CT",08/13 09:30,"WINDSOR LOCKS, CT",08/13 11:07,"2,867",6,NO NOTES,2873,0.23,1,
2026-08-13T00:08:24.015610,WG,72118577,"$2,781.20","BETHLEHEM, PA",08/17 12:00,"MIDDLETON, WI",08/18 09:00,"2,681",898,NO NOTES,3579,0.78,2,
2026-08-13T00:14:59.031436,WG,72118154,"$6,049.28","WILMINGTON, MA",08/14 12:00,"WILMINGTON, MA",08/17 08:00,"2,967","1,730",NO NOTES,4697,1.29,13,
2026-08-13T01:02:25.136565,SE,72118120,$451.25,"SAN JOSE, CA",08/13 11:01,"SANTA CLARA, CA",08/13 12:39,363,7,NO NOTES,370,1.22,6,
2026-08-13T05:36:18.665113,WG,72118582,"$1,952.64","WILMINGTON, NC",08/17 14:00,"BROOKS, KY",08/18 07:00,"2,576",694,NO NOTES,3270,0.60,2,
2026-08-13T06:30:08.899077,SE,72118506,$631.93,"WILMINGTON, NC",08/13 08:00,"CHARLOTTE, NC",08/13 13:54,"2,569",207,NO NOTES,2776,0.23,1,
2026-08-13T06:49:30.852719,WG,72118507,"$3,634.56","QUAKERTOWN, PA",08/17 08:00,"LAFAYETTE, IN",08/18 08:00,"2,676",704,NO NOTES,3380,1.08,5,
2026-08-13T07:01:30.014484,WG,72118435,"$2,079.74","ROCKFORD, IL",08/17 14:00,"BURLINGTON, ON",08/18 10:00,"1,929",572,L1233585: BE SURE THAT YOUR PREVENTIVE MAINTANANCE IS UP TO DATE BEFORE PICKING UP.********,2501,0.83,2,
2026-08-13T07:02:05.531650,WG,72107536,$860.72,"BROOKS, KY",08/18 07:00,"WEST CHESTER, OH",08/18 11:19,"2,067",133,NO NOTES,2200,0.39,1,
2026-08-13T07:21:54.459030,WG,72118599,"$7,366.56","BIRMINGHAM, AL",08/17 12:00,"SAN DIEGO, CA",08/19 07:58,"1,997","1,996",NO NOTES,3993,1.84,30,
2026-08-13T07:49:39.409802,WG,72118601,"$2,432.46","FISHERS, IN",08/17 09:00,"EAST GREENBUSH, NY",08/18 08:00,"2,061",795,NO NOTES,2856,0.85,2,
2026-08-13T07:56:40.471994,WG,72118586,"$2,448.01","FISHERS, IN",08/17 09:00,"TARRYTOWN, NY",08/18 08:00,"2,061",757,NO NOTES,2818,0.87,2,
2026-08-13T08:02:20.627382,WG,72113759,"$4,934.16","GROVE CITY, OH",08/18 08:00,"BOCA RATON, FL",08/19 09:08,"2,217","1,111","ORDER NOTE: DRIVER UNLOAD, PALLET JACK NEEDED OR SHIPMENT MAY BE REFUSED",3328,1.48,18,
2026-08-13T08:02:24.064940,WG,72118197,"$3,249.14","ALLENTOWN, PA",08/18 08:00,"BROOKS, KY",08/19 08:30,"2,660",660,NO NOTES,3320,0.98,3,
2026-08-13T08:02:27.069840,WG,72112275,"$1,175.40","LOCKBOURNE, OH",08/18 08:00,"BROOKS, KY",08/18 14:12,"2,227",221,NO NOTES,2448,0.48,1,
2026-08-13T08:02:31.002969,WG,72111881,"$1,090.38","LOUISVILLE, KY",08/18 08:00,"LOUISVILLE, KY",08/18 08:00,"2,062",0,L1068563: YOU MUST HAVE ALL OF YOUR USEABLE SPACE AVAILABLE. PLEASE ENSURE PERSONAL BELONGINGS ARE STOWED APPROPRIATELY.,2062,0.53,1,
2026-08-13T08:02:39.894513,WG,72118008,$903.98,"ALLENTOWN, PA",08/18 08:00,"EXTON, PA",08/18 10:28,"2,660",46,NO NOTES,2706,0.33,1,
2026-08-13T08:02:42.594871,WG,72118530,"$10,427.24","COSTA MESA, CA",08/18 08:00,"MILTON, ON",08/20 15:25,37,"2,488",NO NOTES,2525,4.13,79,
2026-08-13T08:09:18.739481,WG,72117649,"$1,120.90","CORAOPOLIS, PA",08/18 08:00,"PITTSBURGH, PA",08/18 09:47,"2,403",14,NO NOTES,2417,0.46,1,
2026-08-13T08:09:21.395248,WG,72118234,$903.98,"ALLENTOWN, PA",08/18 08:00,"EXTON, PA",08/18 10:28,"2,660",46,NO NOTES,2706,0.33,1,
2026-08-13T08:10:15.778912,SE,72108217,"$1,738.99","ANDOVER, MA",08/18 08:00,"SAXONBURG, PA",08/19 08:00,"2,971",579,NO NOTES,3550,0.49,1,
2026-08-13T08:14:44.550736,WG,72118606,"$6,395.79","NEW BRUNSWICK, NJ",08/17 10:00,"SAN DIEGO, CA",08/19 22:49,"2,730","2,788",BRCOAR: TRAILER MUST BE EMPTY OUTSIDE OF EQUIPMENT NEEDED TO SECURE. NO PLYWOOD IN TRAILER FLOORS ON REEFER LOADS.,5518,1.16,10,
2026-08-13T08:16:49.562581,SE,72118587,"$2,892.86","NEW RICHMOND, WI",08/13 15:00,"ATHENS, GA",08/14 17:08,"1,931","1,158",NO NOTES,3089,0.94,2,
2026-08-13T08:28:49.653967,WG,72118607,"$2,430.93","FISHERS, IN",08/17 09:00,"RENSSELAER, NY",08/18 07:00,"2,061",792,NO NOTES,2853,0.85,2,
2026-08-13T08:37:42.063959,WG,72116711,"$4,983.89","LYNCHBURG, VA",08/18 08:30,"LYNCHBURG, VA",08/20 06:30,"2,463","1,711",RADMAT UN3327 AND RADMAT FOR RETURN LOAD UN2908,4174,1.19,10,
2026-08-13T08:37:46.386345,WG,72102562,"$1,525.99","CLEVELAND, OH",08/18 08:30,"CINCINNATI, OH",08/18 08:30,"2,318",259,NO NOTES,2577,0.59,1,
2026-08-13T09:01:07.871497,WG,72118591,"$1,265.34","SAINT LOUIS, MO",08/17 12:00,"COLUMBUS, OH",08/18 07:00,"1,791",430,NO NOTES,2221,0.57,1,
2026-08-13T09:02:34.865220,WG,72115893,"$5,379.19","CLEARWATER, FL",08/18 09:00,"WOODSTOCK, IL",08/19 13:30,"2,474","1,255",NO NOTES,3729,1.44,17,
2026-08-13T09:07:37.850993,WG,72117618,$974.05,"BOSTON, MA",08/14 08:30,"BOSTON, MA",08/14 13:49,"2,964",109,NO NOTES,3073,0.32,1,
2026-08-13T09:08:00.196996,WG,72118592,"$5,375.54","LOGAN, UT",08/17 09:00,"SUMMIT, NJ",08/19 08:14,738,"2,150",NO NOTES,2888,1.86,29,
2026-08-13T09:08:06.007770,WG,72118608,"$1,598.12","SAINT LOUIS, MO",08/17 09:30,"CARTERSVILLE, GA",08/17 21:58,"1,791",516,NO NOTES,2307,0.69,1,
2026-08-13T09:09:36.691596,WG,72113976,"$4,324.96","MIAMI BEACH, FL",08/18 09:00,"NEW YORK, NY",08/19 14:15,"2,712","1,305",CUSTOMER REQUESTING: DRIVER MUST ADD THE FOLLOWING TO BOL: RELEASE TO RECEIVING,4017,1.08,6,
2026-08-13T09:10:22.196778,SE,72118085,$789.31,"BOSTON, MA",08/18 09:00,"BOSTON, MA",08/18 14:00,"2,964",77,NO NOTES,3041,0.26,1,
2026-08-13T09:15:02.947960,WG,72118511,"$2,703.97","SAINT LOUIS, MO",08/17 10:00,"FORT COLLINS, CO",08/18 06:38,"1,791",900,NO NOTES,2691,1.00,2,
2026-08-13T09:36:25.979953,WG,72118594,"$2,090.27","SAINT LOUIS, MO",08/17 11:30,"HOUSTON, TX",08/18 08:00,"1,791",777,NO NOTES,2568,0.81,2,
2026-08-13T09:38:05.690252,WG,72110849,"$1,160.19","PATASKALA, OH",08/18 09:30,"JEFFERSONVILLE, IN",08/18 15:48,"2,239",226,NO NOTES,2465,0.47,1,
2026-08-13T10:02:45.151609,WG,72113738,"$2,531.43","BLOOMINGTON, IN",08/18 10:00,"RENSSELAER, NY",08/19 08:00,"2,024",839,NO NOTES,2863,0.88,2,
2026-08-13T10:02:48.213998,WG,72118386,"$1,062.66","SHEPHERDSVILLE, KY",08/18 10:00,"CINCINNATI, OH",08/18 14:22,"2,072",135,BAX5100: MUST HAVE TEAM DRIVERS FOR ALL RUNS NO MATTER WHAT THE MILEAGE IS.,2207,0.48,1,
2026-08-13T10:07:46.264031,WG,72118612,"$2,025.51","BLOOMINGTON, IN",08/17 09:00,"MCPHERSON, KS",08/18 08:00,"2,024",659,NO NOTES,2683,0.75,2,
2026-08-13T10:09:30.564053,WG,72117560,"$7,272.89","LONGMONT, CO",08/18 10:00,"SOUDERTON, PA",08/20 00:31,"1,013","1,740",NO NOTES,2753,2.64,52,
2026-08-13T10:09:38.774637,WG,72115524,"$1,478.11","SHEPHERDSVILLE, KY",08/18 10:00,"BURR RIDGE, IL",08/19 10:00,"2,072",325,BAX5100: MUST HAVE TEAM DRIVERS FOR ALL RUNS NO MATTER WHAT THE MILEAGE IS.,2397,0.62,1,
2026-08-13T10:09:42.116388,WG,72118378,"$2,603.84","BALTIMORE, MD",08/18 10:00,"BROOKS, KY",08/19 11:00,"2,618",613,NO NOTES,3231,0.81,2,
2026-08-13T10:09:56.175289,SE,72118515,"$2,196.98","MENOMINEE, MI",08/13 12:30,"LAWRENCEBURG, TN",08/14 10:00,"2,137",820,NO NOTES,2957,0.74,2,
2026-08-13T10:29:02.869547,WG,72118619,"$2,017.99","PLAINFIELD, IN",08/17 12:00,"ATLANTA, GA",08/18 10:55,"2,026",658,NO NOTES,2684,0.75,2,
2026-08-13T10:29:53.709055,WG,72118614,"$1,524.09","BROOKS, KY",08/17 16:00,"KERNERSVILLE, NC",08/18 08:00,"2,067",472,IC7875: ENSURE THAT YOU HAVE THE ENTIRE BOL FILLED OUT AT THIS LOCATION.,2539,0.60,1,
2026-08-13T10:37:57.203664,WG,72117799,"$2,487.01","NEW BRUNSWICK, NJ",08/18 10:30,"NEW BRUNSWICK, NJ",08/19 09:00,"2,730",820,BRCOAR: TRAILER MUST BE EMPTY OUTSIDE OF EQUIPMENT NEEDED TO SECURE. NO PLYWOOD IN TRAILER FLOORS ON REEFER LOADS.,3550,0.70,2,
2026-08-13T10:38:00.151886,WG,72100842,"$2,582.65","SHEPHERDSVILLE, KY",08/18 10:30,"MONTCLAIR, CA",08/20 08:05,"2,072","2,072",NO NOTES,4144,0.62,2,
2026-08-13T10:38:03.202714,WG,72118000,"$7,635.47","WORCESTER, MA",08/18 10:30,"SOUTH SAN FRANCISCO, CA",08/21 13:00,"2,924","3,072",NO NOTES,5996,1.27,14,
2026-08-13T10:51:47.649808,SE,72118622,"$1,353.57","FREDERICK, MD",08/14 14:30,"FORT WAYNE, IN",08/17 07:00,"2,574",518,L1133848: TRUCK MUST HAVE UPPER AND LOWER SETS OF E-TRACK FOR SECURING FREIGHT.,3092,0.44,1,
2026-08-13T11:02:33.247835,WG,72116197,"$3,719.15","LA VERGNE, TN",08/18 11:00,"SUGAR LAND, TX",08/19 11:00,"1,990",816,NO NOTES,2806,1.33,12,
2026-08-13T11:02:40.195191,WG,72117130,"$3,890.54","MOUNT VERNON, IN",08/18 11:00,"TEMPE, AZ",08/20 12:00,"1,948","1,684",PLEASE ARRIVE AT PICKUP IN RANGE**SET POINT 5C,3632,1.07,5,
2026-08-13T11:02:43.199802,WG,72112101,"$4,566.40","TEMPE, AZ",08/18 11:00,"CARROLLTON, TX",08/19 11:09,356,"1,065",NO NOTES,1421,3.21,66,
2026-08-13T11:09:54.060863,WG,72117623,"$4,065.68","FORT WORTH, TX",08/18 11:00,"RENO, NV",08/20 11:00,"1,392","1,639","L1163385: TRAILERS MUST BE CLEAN, EMPTY, DRY, FREE OF STRUCTURAL DAMAGE AND NO ODORS FROM PRIOR FREIGHT. MUST HAVE TWO LOAD LOCKS IN EACH TRAILER AND FUEL TANKS 3/4 FULL PRIOR TO PICKUP ARRIVAL.",3031,1.34,13,
2026-08-13T11:10:00.009127,WG,72118218,"$1,329.34","LOCKBOURNE, OH",08/18 11:00,"ALLENTOWN, PA",08/19 07:00,"2,227",446,NO NOTES,2673,0.50,1,
2026-08-13T11:10:29.941835,SE,72118639,"$1,835.79","TAYLORSVILLE, MS",08/13 23:00,"DECATUR, GA",08/14 08:51,"1,876",393,NO NOTES,2269,0.81,2,
2026-08-13T11:14:41.229843,WG,72113749,"$4,007.52","BRANCHBURG, NJ",08/17 08:00,"LEWISVILLE, TX",08/18 17:30,"2,717","1,530",NO NOTES,4247,0.94,4,
2026-08-13T11:16:46.622599,SE,72118629,"$1,740.91","RUSSELLVILLE, AR",08/13 17:00,"GRIFFIN, GA",08/14 07:28,"1,563",610,NO NOTES,2173,0.80,1,
2026-08-13T11:37:56.905222,WG,72117668,"$3,116.70","BARTLETT, TN",08/18 11:30,"WARRENDALE, PA",08/19 08:00,"1,776",765,NO NOTES,2541,1.23,9,
2026-08-13T11:38:33.010666,SE,72118630,"$2,138.23","WOBURN, MA",08/17 09:00,"INDIANAPOLIS, IN",08/18 10:00,"2,963",954,NO NOTES,3917,0.55,2,
2026-08-13T12:02:48.583328,WG,72118389,"$8,090.05","SAN DIEGO, CA",08/18 12:00,"WESCOSVILLE, PA",08/21 08:30,107,"2,716",NO NOTES,2823,2.87,59,
2026-08-13T12:02:53.002409,WG,72118144,"$11,773.95","NEWBURY PARK, CA",08/18 12:00,"ALLENTOWN, PA",08/20 09:00,72,"2,729",NO NOTES,2801,4.20,81,
2026-08-13T12:07:58.417438,WG,72118579,"$9,341.51","SAN DIEGO, CA",08/17 12:00,"DURHAM, NC",08/20 08:00,107,"2,532",NO NOTES,2639,3.54,78,
2026-08-13T12:09:51.300287,WG,72117770,"$2,347.10","KANSAS CITY, MO",08/18 12:00,"ROCKFORD, IL",08/19 08:00,"1,594",482,NO NOTES,2076,1.13,6,
2026-08-13T12:09:56.488767,WG,72117960,"$2,531.76","BLOOMINGTON, IN",08/18 12:00,"TARRYTOWN, NY",08/19 08:00,"2,021",802,NO NOTES,2823,0.90,2,
2026-08-13T12:17:01.594674,SE,72118737,$380.71,"FORT WAYNE, IN",08/13 13:00,"ERLANGER, KY",08/13 17:54,"2,125",160,NO NOTES,2285,0.17,1,
2026-08-13T12:17:13.450784,SE,72118588,,"HACKENSACK, NJ",08/13 15:00,"MERIDEN, CT",08/14 07:00,,100,NO NOTES,100,,1,
2026-08-13T12:21:28.423242,WG,72118626,"$2,493.31","MEMPHIS, TN",08/14 10:00,"OMAHA, NE",08/15 06:25,"1,774",732,NO NOTES,2506,0.99,2,
2026-08-13T12:28:26.256241,WG,72118736,$941.03,"APEX, NC",08/14 09:00,"PETERSBURG, VA",08/14 13:41,"2,498",150,DEL ASAP SAME DAY-THEY CAN TAKE AS LATE AS 1600 LOCAL ONLY,2648,0.36,1,
2026-08-13T12:30:36.601001,WG,72118751,$892.98,"BROOKS, KY",08/18 12:00,"LOUISVILLE, KY",08/18 13:38,"2,067",7,NO NOTES,2074,0.43,1,
2026-08-13T12:42:39.764663,WG,72118711,"$6,081.27","LOUISVILLE, KY",08/16 09:00,"CHINO, CA",08/16 12:01,"2,062","2,068",L1068563: YOU MUST HAVE ALL OF YOUR USEABLE SPACE AVAILABLE. PLEASE ENSURE PERSONAL BELONGINGS ARE STOWED APPROPRIATELY.,4130,1.47,19,
2026-08-13T12:49:39.258075,WG,72118617,"$1,623.05","LIBERAL, KS",08/17 09:00,"LEAWOOD, KS",08/17 18:55,"1,137",396,NO NOTES,1533,1.06,3,
2026-08-13T12:51:56.598499,SE,72118665,"$3,084.84","GILMER, TX",08/14 14:00,"BAKERSFIELD, CA",08/17 11:00,"1,534","1,570",NO NOTES,3104,0.99,3,
2026-08-13T12:56:39.389958,WG,72118505,"$2,679.58","MEMPHIS, TN",08/14 13:00,"NORTH WALES, PA",08/17 06:00,"1,774","1,028",NO NOTES,2802,0.96,2,
2026-08-13T12:58:27.523192,WG,72118712,"$1,270.05","WILMINGTON, DE",08/18 07:00,"FAIRFIELD, NJ",08/18 11:08,"2,667",124,NO NOTES,2791,0.46,1,
2026-08-13T13:10:08.354680,WG,72117669,"$3,204.73","HEATH, OH",08/18 13:00,"KINGS BAY, GA",08/19 08:00,"2,254",781,"TRUCK:  DEDICATED, AIR-RIDE, ENVIRO CONTROLLED, 2-US CITIZEN DRIVERS, NON-STOP.  (WHITE GLOVE SERVICE) ENVIRONMENTAL SETTINGS ACCEPTABLE RANGE REQUESTED:   ENVIRONMENTAL CONTROLS ARE 40F TO 90 F, WITH SET POINT AT 70F.  DO NOT STOP FOR HVAC MALFUNCTION, PLEASE CALL FOR OTHER EMERGENCY INSTRUCTIONS.",3035,1.06,4,
2026-08-13T13:22:46.871808,WG,72118717,"$2,402.06","SAINT LOUIS, MO",08/17 14:00,"WOODBURY, MN",08/18 09:00,"1,787",518,NO NOTES,2305,1.04,3,
2026-08-13T13:29:23.067044,WG,72118669,"$3,842.48","KANSAS CITY, MO",08/17 12:00,"SOUDERTON, PA",08/18 13:38,"1,594","1,135",NO NOTES,2729,1.41,15,
2026-08-13T13:30:47.759549,WG,72118670,,,,,,,,NO NOTES,,,1,
2026-08-13T13:37:49.640077,SE,72118790,"$1,104.66","JACKSON, MS",08/14 17:00,"NORTH CHARLESTON, SC",08/17 07:00,"1,817",709,NO NOTES,2526,0.44,1,
2026-08-13T13:50:00.060466,WG,72118802,"$1,520.85","LA VERGNE, TN",08/17 13:00,"COLUMBUS, OH",08/18 08:30,"1,990",393,NO NOTES,2383,0.64,1,
2026-08-13T14:02:58.791730,WG,72118447,"$2,270.03","PARSIPPANY, NJ",08/18 14:00,"BROOKS, KY",08/19 10:00,"2,732",732,ORDER NOTE: PLEASE ENSURE THAT AN APPOINTMENT IS MADE AT ICS THROUGH THE DESCARTES PORTAL,3464,0.66,2,
2026-08-13T14:03:01.662029,WG,72118392,"$1,774.33","SHEPHERDSVILLE, KY",08/18 14:00,"LENEXA, KS",08/19 09:00,"2,072",544,BAX5100: ALL TAKEDA LOADS THAT ARE TEMP SHOULD BE TVAL,2616,0.68,1,
2026-08-13T14:03:05.480973,WG,72117978,"$1,532.51","SAINT LOUIS, MO",08/18 14:00,"NORTH CHICAGO, IL",08/19 09:00,"1,791",325,NO NOTES,2116,0.72,1,
2026-08-13T14:07:43.900807,WG,72118810,"$1,445.43","LOUISVILLE, KY",08/16 10:00,"COLUMBUS, OH",08/17 08:00,"2,062",215,L1068563: YOU MUST HAVE ALL OF YOUR USEABLE SPACE AVAILABLE. PLEASE ENSURE PERSONAL BELONGINGS ARE STOWED APPROPRIATELY.,2277,0.63,1,
2026-08-13T14:10:08.144874,WG,72114864,"$1,829.89","CHICAGO, IL",08/18 14:00,"MINNEAPOLIS, MN",08/19 01:00,"1,982",397,MAS2300: DELETED COMMENT/BLL,2379,0.77,2,
2026-08-13T14:10:11.061934,WG,72116943,$744.43,"CARY, NC",08/18 14:00,"RALEIGH, NC",08/18 15:55,"2,503",20,NO NOTES,2523,0.30,1,
2026-08-13T14:10:14.163954,WG,72107719,"$1,656.01","SAINT PAUL, MN",08/18 14:00,"LIBERTYVILLE, IL",08/19 09:00,"1,898",371,PALLET COUNT MAY BE FROM 1-8 PALLETS,2269,0.73,1,
2026-08-13T14:10:35.397696,SE,72118674,$578.62,"BOULDER, CO",08/14 12:00,"FREDERICK, CO",08/14 14:00,"1,010",18,NO NOTES,1028,0.56,1,
2026-08-13T14:29:38.633337,WG,72118848,"$1,020.92","RICHLAND, MS",08/17 15:15,"MEMPHIS, TN",08/17 21:15,"1,820",207,NO NOTES,2027,0.50,1,
2026-08-13T15:02:50.000109,WG,72112473,"$1,641.17","BROOKS, KY",08/18 15:00,"KERNERSVILLE, NC",08/19 08:00,"2,067",472,NO NOTES,2539,0.65,1,
2026-08-13T15:02:53.021187,WG,72112863,"$2,974.96","LA VERGNE, TN",08/18 15:00,"SAN ANTONIO, TX",08/19 12:47,"1,990",954,"CORD11: TRUCK MUST HAVE FULL AMOUNT OF USABLE SPACE FOR THE TRUCK SIZE REQUESTED, 20FT OF USABLE SPACE, 12FT OF USABLE SPACE, 53FT OF USABLE SPACE.",2944,1.01,3,
2026-08-13T15:02:55.745867,WG,72118667,"$2,204.11","MADISON, AL",08/18 15:00,"NEWARK, DE",08/19 09:41,"1,964",808,ORDER NOTE: THIS SHIPMENT CAN BE MOVED IN A SPRINTER OR CARGO VAN.,2772,0.80,2,
2026-08-13T15:02:59.080366,WG,72117017,"$8,330.78","LOCKBOURNE, OH",08/18 15:00,"BEND, OR",08/20 18:12,"2,227","2,336",NO NOTES,4563,1.83,31,
2026-08-13T15:03:02.706256,WG,72117673,"$2,014.46","DEVENS, MA",08/18 15:00,"GRAND RAPIDS, MI",08/19 08:00,"2,949",939,NO PETS AT THE LOCATION,3888,0.52,2,
2026-08-13T15:03:06.054250,WG,72102725,"$3,448.61","LA VERGNE, TN",08/18 15:00,"MILFORD, MA",08/19 15:27,"1,990","1,079","CORD11: TRUCK MUST HAVE FULL AMOUNT OF USABLE SPACE FOR THE TRUCK SIZE REQUESTED, 20FT OF USABLE SPACE, 12FT OF USABLE SPACE, 53FT OF USABLE SPACE.",3069,1.12,6,
2026-08-13T15:09:26.655734,WG,72109973,"$1,027.11","LOUISVILLE, KY",08/18 15:00,"GROVEPORT, OH",08/18 20:00,"2,062",217,NO NOTES,2279,0.45,1,
2026-08-13T15:09:30.459945,WG,72118236,"$1,194.40","RIVERVIEW, MI",08/18 15:00,"MISSISSAUGA, ON",08/19 07:30,"2,247",239,NO NOTES,2486,0.48,1,
2026-08-13T15:09:45.572999,WG,72118267,"$3,428.00","AUDUBON, PA",08/18 15:00,"LA VERGNE, TN",08/19 09:38,"2,672",806,NO NOTES,3478,0.99,3,
2026-08-13T15:09:58.805809,SE,72118863,"$1,352.77","TINLEY PARK, IL",08/14 09:00,"FREEDOM, PA",08/14 19:41,"1,976",432,NO NOTES,2408,0.56,1,
2026-08-13T15:17:09.175561,SE,72118883,"$1,855.23","INDIANAPOLIS, IN",08/13 16:30,"JACKSONVILLE, FL",08/14 13:02,"2,029",895,REQUIRES DRIVER'S NAME AND PHONE# - MUST PRESENT VALID DRIVER LICENSE AND COMPANY ID UPON ARRIVAL TO SHIPPER,2924,0.63,2,
2026-08-13T15:28:36.682958,WG,72118673,"$6,151.32","PITTSBURGH, PA",08/14 11:00,"FORT LAUDERDALE, FL",08/15 13:23,"2,404","1,170","48X40X70, 23X20X68 (4), 53X22X35 LIFTGATE - 45IN LONG",3574,1.72,26,
2026-08-13T15:28:45.582483,WG,72118865,$902.76,"PLAINFIELD, IN",08/17 09:00,"INDIANAPOLIS, IN",08/17 15:15,"2,026",102,NO NOTES,2128,0.42,1,
2026-08-13T15:35:32.371025,WG,72118884,"$1,244.56","TAMAQUA, PA",08/17 07:30,"MANASSAS, VA",08/17 12:30,"2,653",204,NO NOTES,2857,0.44,1,
2026-08-13T15:38:09.552569,WG,72110773,"$2,898.00","PATASKALA, OH",08/18 15:30,"OVERLAND PARK, KS",08/19 08:15,"2,239",694,NO NOTES,2933,0.99,3,
2026-08-13T15:38:13.297757,WG,72112283,"$1,175.40","BROOKS, KY",08/18 15:30,"GROVEPORT, OH",08/18 22:00,"2,067",221,NO NOTES,2288,0.51,1,
2026-08-13T15:49:45.775248,WG,72118677,"$2,529.54","LOUISVILLE, KY",08/16 09:30,"CLEAR LAKE, IA",08/18 09:00,"2,062",673,L1068563: YOU MUST HAVE ALL OF YOUR USEABLE SPACE AVAILABLE. PLEASE ENSURE PERSONAL BELONGINGS ARE STOWED APPROPRIATELY.,2735,0.92,2,
2026-08-13T16:00:59.843615,WG,72118924,"$2,570.04","MOUNT VERNON, IN",08/17 10:00,"FORT LAUDERDALE, FL",08/18 10:17,"1,948","1,071",BRCOAR: TRAILER MUST BE EMPTY OUTSIDE OF EQUIPMENT NEEDED TO SECURE. NO PLYWOOD IN TRAILER FLOORS ON REEFER LOADS.,3019,0.85,2,
2026-08-13T16:04:00.803488,WG,72102854,"$5,519.16","LA VERGNE, TN",08/18 16:00,"LAS VEGAS, NV",08/20 07:55,"1,990","1,806",UP TO 6 PALLETS,3796,1.45,18,
2026-08-13T16:04:04.623593,WG,72107582,"$5,519.16","LA VERGNE, TN",08/18 16:00,"LAS VEGAS, NV",08/20 07:55,"1,990","1,806","CORD11: TRUCK MUST HAVE FULL AMOUNT OF USABLE SPACE FOR THE TRUCK SIZE REQUESTED, 20FT OF USABLE SPACE, 12FT OF USABLE SPACE, 53FT OF USABLE SPACE.",3796,1.45,18,
2026-08-13T16:04:07.934414,WG,72102875,"$1,918.60","LA VERGNE, TN",08/18 16:00,"LENEXA, KS",08/19 09:00,"1,990",586,"CORD11: TRUCK MUST HAVE FULL AMOUNT OF USABLE SPACE FOR THE TRUCK SIZE REQUESTED, 20FT OF USABLE SPACE, 12FT OF USABLE SPACE, 53FT OF USABLE SPACE.",2576,0.74,2,
2026-08-13T16:10:23.824712,WG,72114747,"$4,161.06","HOUSTON, TX",08/18 16:00,"MIAMI, FL",08/19 17:30,"1,525","1,196",NO NOTES,2721,1.53,18,
2026-08-13T16:10:31.957791,WG,72118182,$896.63,"LOS ANGELES, CA",08/18 16:00,"SAN DIEGO, CA",08/18 19:55,49,114,NO NOTES,163,5.50,71,
2026-08-13T16:10:48.827020,SE,72118864,"$1,903.79","LIBERAL, KS",08/14 09:00,"EL PASO, TX",08/15 10:00,"1,137",529,NO NOTES,1666,1.14,6,
2026-08-13T16:24:50.925055,SE,72118900,"$3,040.57","MORTON, IL",08/13 19:00,"GRIFFIN, GA",08/14 12:13,"1,927",739,NO NOTES,2666,1.14,7,
2026-08-13T16:38:05.389119,WG,72062688,"$1,208.40","LOUISVILLE, KY",08/18 16:30,"OLIVE BRANCH, MS",08/19 09:00,"2,062",381,DRIVER NEEDS TO REFERENCE DELIVERY# 232733997 AT PICKUP,2443,0.49,1,
2026-08-13T17:03:23.608954,WG,72112743,"$1,011.17","BROOKS, KY",08/18 17:00,"COLUMBUS, OH",08/19 09:00,"2,067",219,IC7875: ENSURE THAT YOU HAVE THE ENTIRE BOL FILLED OUT AT THIS LOCATION.,2286,0.44,1,
2026-08-13T17:03:26.361422,WG,72102865,"$2,279.53","LA VERGNE, TN",08/18 17:00,"FLOWER MOUND, TX",08/19 09:28,"1,990",704,"CORD11: TRUCK MUST HAVE FULL AMOUNT OF USABLE SPACE FOR THE TRUCK SIZE REQUESTED, 20FT OF USABLE SPACE, 12FT OF USABLE SPACE, 53FT OF USABLE SPACE.",2694,0.85,2,
2026-08-13T17:07:50.131175,WG,72118955,$966.48,"CRANBURY, NJ",08/17 10:00,"RARITAN, NJ",08/17 12:07,"2,727",29,NO NOTES,2756,0.35,1,
2026-08-13T17:09:58.022388,WG,72118957,"$1,605.95","GREENVILLE, NC",08/18 15:00,"BETHLEHEM, PA",08/19 08:00,"2,592",474,NO NOTES,3066,0.52,1,
2026-08-13T17:10:20.650150,WG,72107816,"$2,316.80","CHICAGO, IL",08/18 17:00,"CINCINNATI, OH",08/19 01:15,"1,982",318,ART LOAD WITH COURIER,2300,1.01,2,
2026-08-13T17:10:23.561867,WG,72118354,"$2,103.91","RENO, NV",08/18 17:00,"MONTCLAIR, CA",08/19 11:00,544,552,NO NOTES,1096,1.92,28,
2026-08-13T17:10:28.938372,WG,72117620,"$2,817.60","RENO, NV",08/18 17:00,"TEMPE, AZ",08/19 11:09,544,783,"CORD11: TRUCK MUST HAVE FULL AMOUNT OF USABLE SPACE FOR THE TRUCK SIZE REQUESTED, 20FT OF USABLE SPACE, 12FT OF USABLE SPACE, 53FT OF USABLE SPACE.",1327,2.12,34,
2026-08-13T17:38:22.194733,SE,72118978,"$1,985.49","WORTHING, SD",08/13 18:30,"FULTON, AR",08/14 15:00,"1,626",893,NO NOTES,2519,0.79,2,
2026-08-13T17:52:35.197024,SE,72118979,"$1,141.31","GOLDSBORO, NC",08/13 22:00,"ATHENS, GA",08/14 07:50,"2,574",392,NO NOTES,2966,0.38,1,
2026-08-13T18:03:00.399524,WG,72111078,"$1,937.85","LA VERGNE, TN",08/18 18:00,"CARY, NC",08/19 08:00,"1,990",529,"CORD11: TRUCK MUST HAVE FULL AMOUNT OF USABLE SPACE FOR THE TRUCK SIZE REQUESTED, 20FT OF USABLE SPACE, 12FT OF USABLE SPACE, 53FT OF USABLE SPACE.",2519,0.77,2,
2026-08-13T18:03:03.007644,WG,72112288,"$1,175.40","BROOKS, KY",08/18 18:00,"LOCKBOURNE, OH",08/19 00:12,"2,067",221,NO NOTES,2288,0.51,1,
2026-08-13T18:03:05.518054,WG,72113816,"$1,357.68","NEWARK, DE",08/18 18:00,"EDISON, NJ",08/19 08:30,"2,680",102,ORDER NOTE: PALLET JACK NEEDED FOR DRIVER INSIDE DELIVERY,2782,0.49,1,
2026-08-13T19:03:00.661373,WG,72112293,"$1,446.64","BROOKS, KY",08/18 19:00,"MEMPHIS, TN",08/19 08:31,"2,067",355,NO NOTES,2422,0.60,1,
2026-08-13T19:03:03.328924,WG,72110382,"$2,322.35","LA VERGNE, TN",08/18 19:00,"FORT WORTH, TX",08/19 11:46,"1,990",718,"CORD11: TRUCK MUST HAVE FULL AMOUNT OF USABLE SPACE FOR THE TRUCK SIZE REQUESTED, 20FT OF USABLE SPACE, 12FT OF USABLE SPACE, 53FT OF USABLE SPACE.",2708,0.86,2,
2026-08-13T19:52:08.991895,SE,72118966,"$1,278.62","BALTIMORE, MD",08/18 07:30,"BALTIMORE, MD",08/18 19:00,"2,618",389,NO NOTES,3007,0.43,1,
2026-08-13T20:14:39.347209,WG,72118986,,,,,,,,NO NOTES,,,1,
2026-08-13T20:15:37.714289,WG,72118968,"$6,592.33","WILMINGTON, MA",08/17 17:00,"WILMINGTON, MA",08/19 08:18,"2,967","1,730",NO NOTES,4697,1.40,17,
2026-08-13T20:16:21.074843,WG,72118903,"$2,533.90","BLOOMINGTON, IN",08/18 12:00,"EAST GREENBUSH, NY",08/19 08:00,"2,021",840,NO NOTES,2861,0.89,2,
2026-08-13T20:17:07.811426,WG,72112747,$882.72,"BROOKS, KY",08/18 20:00,"LA VERGNE, TN",08/19 07:00,"2,067",176,IC7875: ENSURE THAT YOU HAVE THE ENTIRE BOL FILLED OUT AT THIS LOCATION.,2243,0.39,1,
2026-08-13T21:09:37.630289,WG,72115907,"$3,440.53","CHICAGO, IL",08/18 21:00,"HILL CITY, SD",08/19 18:09,"1,982",924,"3 CRATES 97 X 37 X 55"" LWH, 960LBS 97 X 37 X 55"" LWH, 1500LBS 112 X 36 X 41"" LWH, 250LBS",2906,1.18,8,
2026-08-13T23:35:31.332183,WG,72118972,"$2,544.68","BROWNSBURG, IN",08/17 09:00,"KANSAS CITY, MO",08/18 10:00,"2,036",485,NO NOTES,2521,1.01,2,
2026-08-13T23:36:48.349085,WG,72118973,"$1,064.55","BALTIMORE, MD",08/18 10:00,"PHILADELPHIA, PA",08/18 15:00,"2,618",115,NO NOTES,2733,0.39,1,
2026-08-14T05:57:31.594895,WG,72113602,$796.24,"LOCKBOURNE, OH",08/17 16:00,"GROVEPORT, OH",08/17 20:30,"2,227",7,IC7875: ENSURE THAT YOU HAVE THE ENTIRE BOL FILLED OUT AT THIS LOCATION.,2234,0.36,1,
2026-08-14T05:58:23.093235,WG,72116809,"$4,421.46","MOUNT VERNON, IN",08/18 15:00,"MONTCLAIR, CA",08/20 12:30,"1,948","1,957",PLEASE ARRIVE AT PICKUP IN RANGE*SET POINT 5C,3905,1.13,8,
2026-08-14T06:03:14.634672,WG,72118636,"$1,598.87","WILMINGTON, DE",08/19 06:00,"CENTRAL ISLIP, NY",08/19 12:00,"2,667",181,NO NOTES,2848,0.56,1,
2026-08-14T06:31:23.581616,SE,72118975,$655.63,"DENTON, TX",08/17 12:00,"GRAPEVINE, TX",08/17 14:30,"1,364",28,NO NOTES,1392,0.47,1,
2026-08-14T06:49:29.665989,WG,72118985,$980.16,"WORCESTER, MA",08/17 08:00,"WEST POINT, PA",08/17 15:18,"2,924",273,NO NOTES,3197,0.31,1,
2026-08-14T07:31:11.265970,SE,72118998,$479.41,"CHICAGO, IL",08/14 09:00,"DES PLAINES, IL",08/14 10:36,"1,992",5,NO NOTES,1997,0.24,1,
2026-08-14T08:01:48.718943,WG,72118906,$890.45,"BREINIGSVILLE, PA",08/18 09:00,"SOMERSET, NJ",08/18 10:37,"2,659",73,NO NOTES,2732,0.33,1,
2026-08-14T08:03:15.773036,WG,72111882,"$1,090.38","LOUISVILLE, KY",08/19 08:00,"LOUISVILLE, KY",08/19 08:00,"2,062",0,L1068563: YOU MUST HAVE ALL OF YOUR USEABLE SPACE AVAILABLE. PLEASE ENSURE PERSONAL BELONGINGS ARE STOWED APPROPRIATELY.,2062,0.53,1,
2026-08-14T08:03:19.806081,WG,72118437,"$3,033.61","LAFAYETTE, IN",08/19 08:00,"QUAKERTOWN, PA",08/20 08:00,"2,065",704,NO NOTES,2769,1.10,5,
2026-08-14T08:10:01.328305,WG,72117124,"$3,919.08","MIAMI, FL",08/19 08:00,"SAINT LOUIS, MO",08/20 11:45,"2,716","1,234",MAS2300: DELETED COMMENT/BLL,3950,0.99,3,
2026-08-14T08:10:07.527989,WG,72118892,"$1,312.60","FORKED RIVER, NJ",08/19 08:00,"EAST HAVEN, CT",08/19 12:54,"2,745",160,L1238923: NO PETS,2905,0.45,1,
2026-08-14T08:10:12.724150,WG,72118418,"$1,705.25","INDIANAPOLIS, IN",08/19 08:00,"DURHAM, NC",08/20 08:00,"2,033",611,"L1218217: TRAILER MUST BE EMPTY AND NO PERSONAL ITEMS, OR PALLET JACK, SECUREMENT ITEMS ONLY",2644,0.64,1,
2026-08-14T08:31:25.113942,SE,72119008,$911.91,"MECHANICSBURG, PA",08/14 14:00,"MILLBURN, NJ",08/14 18:58,"2,575",163,NO NOTES,2738,0.33,1,
2026-08-14T08:36:53.158678,WG,72119010,"$2,647.21","GRAND ISLAND, NY",08/18 09:00,"MINNEAPOLIS, MN",08/20 09:00,"2,514",971,NO NOTES,3485,0.76,2,
2026-08-14T08:37:07.868732,WG,72119009,"$1,379.93","SAINT LOUIS, MO",08/18 11:00,"KANKAKEE, IL",08/18 17:52,"1,790",253,NO NOTES,2043,0.68,1,
2026-08-14T08:38:35.668797,WG,72117137,$964.14,"MOUNT VERNON, IN",08/19 08:30,"BROOKS, KY",08/19 13:15,"1,948",153,PLEASE ARRIVE AT PICKUP IN RANGE*SET POINT 5C,2101,0.46,1,
2026-08-14T08:57:37.065388,WG,72119013,"$3,039.84","LYNCHBURG, VA",08/18 09:00,"HOUSTON, TX",08/19 13:00,"2,463","1,246",NO NOTES,3709,0.82,3,
2026-08-14T09:03:55.855439,WG,72118778,"$1,713.17","ASHLAND, OH",08/19 09:00,"LEESBURG, VA",08/20 09:00,"2,291",376,ORDER NOTE: PLEASE MAKE SURE DRIVER HAS A PALLET JACK THAT IS ACCESSIBLE.,2667,0.64,1,
2026-08-14T09:07:24.867070,WG,72119015,$867.46,"LOUISVILLE, KY",08/17 08:00,"LOUISVILLE, KY",08/17 12:51,"2,056",33,NO NOTES,2089,0.42,1,
2026-08-14T09:10:24.148802,WG,72118895,"$2,602.51","SHEPHERDSVILLE, KY",08/19 09:00,"RENSSELAER, NY",08/20 08:00,"2,072",841,NO NOTES,2913,0.89,2,
2026-08-14T09:10:29.498256,WG,72118976,"$3,853.67","HOBART, NY",08/19 09:00,"MIAMI, FL",08/20 16:51,"2,759","1,403",NO NOTES,4162,0.93,3,
2026-08-14T09:10:32.289672,WG,72117577,"$1,958.72","DULUTH, GA",08/19 09:00,"HARRISBURG, PA",08/20 08:00,"2,170",697,"L1163385: TRAILERS MUST BE CLEAN, EMPTY, DRY, FREE OF STRUCTURAL DAMAGE AND NO ODORS FROM PRIOR FREIGHT. MUST HAVE TWO LOAD LOCKS IN EACH TRAILER AND FUEL TANKS 3/4 FULL PRIOR TO PICKUP ARRIVAL.",2867,0.68,2,
2026-08-14T09:11:09.685158,SE,72118807,"$1,200.37","ELIZABETH, NJ",08/19 09:00,"ELIZABETH, NJ",08/19 19:34,"2,745",309,NO NOTES,3054,0.39,1,
2026-08-14T09:29:49.525775,WG,72119017,"$2,295.39","SOLON, OH",08/18 08:00,"LINCOLNSHIRE, IL",08/18 17:51,"2,324",393,NO NOTES,2717,0.84,2,
2026-08-14T09:38:30.743650,WG,72110853,"$1,160.19","PATASKALA, OH",08/19 09:30,"JEFFERSONVILLE, IN",08/19 15:48,"2,239",226,NO NOTES,2465,0.47,1,
2026-08-14T09:43:47.501771,WG,72119019,"$3,700.20","ALLENTOWN, PA",08/18 11:00,"MIDDLETON, WI",08/19 09:00,"2,660",878,NO NOTES,3538,1.05,5,
2026-08-14T09:50:34.121349,WG,72119020,"$1,403.37","KANKAKEE, IL",08/18 08:30,"LODI, WI",08/18 14:39,"1,981",219,NO NOTES,2200,0.64,1,
2026-08-14T09:58:01.272928,WG,72118992,"$1,560.59","ALLENTOWN, PA",08/18 10:00,"LOCKBOURNE, OH",08/18 21:01,"2,660",448,L1244392: TEAM DRIVERS ONLY FOR ALL TAKEDA RUNS,3108,0.50,1,
2026-08-14T10:04:09.277903,WG,72118331,"$3,600.63","TAMPA, FL",08/19 10:00,"BROOKS, KY",08/20 08:15,"2,467",868,NO NOTES,3335,1.08,5,
2026-08-14T10:04:12.157179,WG,72117830,"$3,820.75","ANDOVER, MA",08/19 10:00,"CHESTERFIELD, MO",08/20 13:17,"2,971","1,212",NO NOTES,4183,0.91,3,
2026-08-14T10:04:29.659145,SE,72118907,"$2,808.91","ABILENE, TX",08/17 11:00,"LOCKBOURNE, OH",08/18 14:47,"1,231","1,236",NO NOTES,2467,1.14,6,
2026-08-14T10:09:31.099639,WG,72118989,"$1,314.58","CANTON, MS",08/18 15:00,"BOAZ, AL",08/19 08:00,"1,838",314,NO NOTES,2152,0.61,1,
2026-08-14T10:10:43.722875,WG,72118789,"$2,638.80","PEARL RIVER, NY",08/19 10:00,"KALAMAZOO, MI",08/20 08:00,"2,771",715,NO NOTES,3486,0.76,2,
2026-08-14T10:10:46.476216,WG,72112761,$742.95,"COLUMBUS, OH",08/19 10:00,"WEST CHESTER, OH",08/19 11:00,"2,207",92,"BICOCT: TRAILERS MUST BE CLEAN, EMPTY, DRY, FREE OF STRUCTURAL DAMAGE AND NO ODORS FROM PRIOR FREIGHT. MUST HAVE TWO LOAD LOCKS IN EACH TRAILER AND FUEL TANKS 3/4 FULL PRIOR TO PICKUP ARRIVAL. ANY SHIPMENTS WITH VA-Q-TEC CONTAINERS, PLEASE MAKE SURE CONTAINERS ARE OFFLOADED AND COMPLETELY EMPTIED AT DELIVERY BEFORE BEING RELOADED ONTO TRUCK FOR RETURN TO VA-Q-TEC.",2299,0.32,1,
2026-08-14T10:24:19.131816,WG,72119004,"$1,819.81","ROBBINSVILLE, NJ",08/18 23:00,"MORRISVILLE, NC",08/19 10:04,"2,714",450,NO NOTES,3164,0.58,2,
2026-08-14T10:57:57.897094,WG,72117964,"$8,489.97","IRVINE, CA",08/18 11:00,"INDIANAPOLIS, IN",08/20 08:37,42,"2,074",NO NOTES,2116,4.01,78,
2026-08-14T10:58:00.704964,WG,72117961,"$8,489.97","IRVINE, CA",08/18 11:00,"INDIANAPOLIS, IN",08/20 08:37,42,"2,074",NO NOTES,2116,4.01,78,
2026-08-14T11:03:56.936339,WG,72102961,"$2,556.51","LA VERGNE, TN",08/19 11:00,"TAMPA, FL",08/20 13:07,"1,990",768,"CORD11: TRUCK MUST HAVE FULL AMOUNT OF USABLE SPACE FOR THE TRUCK SIZE REQUESTED, 20FT OF USABLE SPACE, 12FT OF USABLE SPACE, 53FT OF USABLE SPACE.",2758,0.93,2,
2026-08-14T11:03:59.789585,WG,72113668,"$2,452.55","LOCKBOURNE, OH",08/19 11:00,"DOTHAN, AL",08/20 09:00,"2,227",763,IC7875: ENSURE THAT YOU HAVE THE ENTIRE BOL FILLED OUT AT THIS LOCATION.,2990,0.82,2,
2026-08-14T11:04:03.155063,WG,72060237,"$4,369.62","LOUISVILLE, KY",08/19 11:00,"BYFIELD, MA",08/20 09:49,"2,062","1,002",NO NOTES,3064,1.43,16,
2026-08-14T11:04:07.123483,WG,72117672,"$1,313.30","DEVENS, MA",08/19 11:00,"ELIZABETH, NJ",08/19 17:14,"2,949",223,"ORDER NOTE: WHEN ON JACKSON RD HEADING TOWARDS THE MAIN FACILITY / DO NOT GO TO GIRVY RD (YOU MAY NOTGET OUT) OFF OF JACKSON RD TURN R ONTO PATTON RD THEN TURN L ONTO QUEENSTON NO OVERNIGHT TRUCK PARKING AVAILABLE. PLEASE PARK OUTSIDE THE GATED AREA ON QUEENSTOWN RD. RECEIVING DOCKS OPEN FROM 08:00 TO 16:00, CLOSED FOR LUNCH FROM 12:00 TO 13:00. TRUCK GATE IS ON QUEENSTON, RD. TRACTOR TRAILERS MUST UNLOAD AT THE QUEENSTON RD ENTRANCE, THE JACKSON RD LOCATION DOES NOT HAVE ENOUGH ROOM TO HANDLE A TRACTOR PET POLICY-DRIVERS CAN LET DOGS GO POTTY OUTSIDE THE GATED AREA, PUT THEM IN THE TRUCK AND PETS MUST REMAIN INSIDE THE TRUCK WHILE INSIDE GATED LOCATION. PER MARCIN GORSKI- BRISTOL MYERS SQUIBB",3172,0.41,1,
2026-08-14T11:04:09.920382,WG,72110365,$927.89,"LA VERGNE, TN",08/19 11:00,"MEMPHIS, TN",08/19 17:01,"1,990",213,"CORD11: TRUCK MUST HAVE FULL AMOUNT OF USABLE SPACE FOR THE TRUCK SIZE REQUESTED, 20FT OF USABLE SPACE, 12FT OF USABLE SPACE, 53FT OF USABLE SPACE.",2203,0.42,1,
2026-08-14T11:04:13.043172,WG,72112261,$698.48,"LOCKBOURNE, OH",08/19 11:00,"LOCKBOURNE, OH",08/19 12:31,"2,227",1,NO NOTES,2228,0.31,1,
2026-08-14T11:04:15.817735,WG,72114563,"$1,536.67","BROOKS, KY",08/19 11:00,"AURORA, IL",08/20 08:00,"2,067",341,IC7875: ENSURE THAT YOU HAVE THE ENTIRE BOL FILLED OUT AT THIS LOCATION.,2408,0.64,1,
2026-08-14T11:04:19.798444,WG,72118388,$974.41,"BROOKS, KY",08/19 11:00,"LOUISVILLE, KY",08/19 15:20,"2,067",23,IC7875: ENSURE THAT YOU HAVE THE ENTIRE BOL FILLED OUT AT THIS LOCATION.,2090,0.47,1,
2026-08-14T11:09:55.125403,WG,72119076,"$1,197.94","INDIANAPOLIS, IN",08/19 08:00,"ROUND LAKE, IL",08/19 14:26,"2,029",232,NO NOTES,2261,0.53,1,
2026-08-14T11:11:33.983796,SE,72118661,"$3,544.40","FREDERICK, MD",08/19 11:00,"LONE TREE, CO",08/21 10:00,"2,574","1,626",L1133848: TRUCK MUST HAVE UPPER AND LOWER SETS OF E-TRACK FOR SECURING FREIGHT.,4200,0.84,3,
2026-08-14T11:30:40.555187,WG,72119037,"$7,943.88","GREENVILLE, NC",08/18 16:00,"SAN DIEGO, CA",08/21 11:00,"2,592","2,634",NO NOTES,5226,1.52,22,
2026-08-14T11:50:06.012595,WG,72119102,"$1,102.56","LA VERGNE, TN",08/17 19:00,"BROOKS, KY",08/18 08:00,"1,990",176,NO NOTES,2166,0.51,1,
2026-08-14T11:50:10.054313,WG,72119123,"$6,444.33","LA VERGNE, TN",08/17 20:00,"MONTCLAIR, CA",08/19 15:46,"1,990","1,987",NO NOTES,3977,1.62,23,
2026-08-14T12:10:50.067553,WG,72116092,"$2,431.53","MANCHESTER, PA",08/19 12:00,"DOTHAN, AL",08/20 09:26,"2,598",937,PLEASE BE SURE YOU ARE IN RANGE WHEN YOU ARRIVE AT PICKUP**SET POINT 5C,3535,0.69,2,
2026-08-14T12:10:53.210744,WG,72112771,$712.24,"COLUMBUS, OH",08/19 12:00,"PATASKALA, OH",08/19 14:00,"2,207",32,"BICOCT: TRAILERS MUST BE CLEAN, EMPTY, DRY, FREE OF STRUCTURAL DAMAGE AND NO ODORS FROM PRIOR FREIGHT. MUST HAVE TWO LOAD LOCKS IN EACH TRAILER AND FUEL TANKS 3/4 FULL PRIOR TO PICKUP ARRIVAL. ANY SHIPMENTS WITH VA-Q-TEC CONTAINERS, PLEASE MAKE SURE CONTAINERS ARE OFFLOADED AND COMPLETELY EMPTIED AT DELIVERY BEFORE BEING RELOADED ONTO TRUCK FOR RETURN TO VA-Q-TEC.",2239,0.32,1,
2026-08-14T12:11:00.232399,WG,72116093,"$2,431.53","MANCHESTER, PA",08/19 12:00,"DOTHAN, AL",08/20 09:26,"2,598",937,PLEASE BE SURE YOU ARE IN RANGE WHEN YOU ARRIVE AT PICKUP**SET POINT 20C,3535,0.69,2,
2026-08-14T12:11:03.028825,WG,72102887,"$1,848.25","LA VERGNE, TN",08/19 12:00,"TROY, MI",08/20 09:00,"1,990",563,"CORD11: TRUCK MUST HAVE FULL AMOUNT OF USABLE SPACE FOR THE TRUCK SIZE REQUESTED, 20FT OF USABLE SPACE, 12FT OF USABLE SPACE, 53FT OF USABLE SPACE.",2553,0.72,2,
2026-08-14T12:11:05.749556,WG,72118353,"$2,531.76","BLOOMINGTON, IN",08/19 12:00,"TARRYTOWN, NY",08/20 08:30,"2,021",802,NO NOTES,2823,0.90,2,
2026-08-14T12:11:08.799344,WG,72118593,"$2,632.02","SAINT LOUIS, MO",08/19 12:00,"JACKSONVILLE, FL",08/20 08:54,"1,791",912,NO NOTES,2703,0.97,2,
2026-08-14T12:11:20.544120,SE,72119125,"$1,604.87","MEDINA, OH",08/14 15:30,"ANDERSON, SC",08/15 06:02,"2,319",613,NO NOTES,2932,0.55,1,
2026-08-14T12:21:32.318581,WG,72119023,"$3,418.40","COPPELL, TX",08/14 18:00,"ONTARIO, CA",08/16 01:48,"1,414","1,401",LVBILL2: **** ALL DRIVERS MUST READ AND FOLLOW THESE SECURITY MEASURES ON ALL LOUIS VUITTON SHIPMENTS ****,2815,1.21,9,
2026-08-14T12:22:14.066894,WG,72119133,"$4,233.85","BASTIAN, VA",08/18 08:00,"OMAHA, NE",08/19 09:00,"2,350","1,032",NO NOTES,3382,1.25,11,
2026-08-14T12:31:13.250673,WG,72119134,"$3,481.43","HARRISBURG, PA",08/19 09:30,"SHREVEPORT, LA",08/20 13:53,"2,590","1,264",L1233585: BE SURE THAT YOUR PREVENTIVE MAINTANANCE IS UP TO DATE BEFORE PICKING UP.********,3854,0.90,3,
2026-08-14T12:32:18.111720,SE,72119135,"$1,339.38","BILLERICA, MA",08/17 08:00,"FAIRFIELD, NJ",08/17 14:57,"2,967",233,NO NOTES,3200,0.42,1,
2026-08-14T12:38:46.329752,WG,72119145,"$3,024.73","KENNEDY SPACE CENTER, FL",08/19 07:00,"WINDSOR LOCKS, CT",08/20 10:19,"2,536","1,214",NO NOTES,3750,0.81,3,
2026-08-14T12:40:12.761917,SE,72119014,"$2,696.96","FRAMINGHAM, MA",08/19 12:30,"LA VERGNE, TN",08/20 12:57,"2,941","1,079",NO NOTES,4020,0.67,2,
2026-08-14T12:42:28.298646,WG,72118896,"$4,954.51","SAN ANTONIO, TX",08/16 11:30,"COVERT, MI",08/17 17:16,"1,328","1,329",NO NOTES,2657,1.86,29,
2026-08-14T12:43:30.348595,WG,72119110,"$3,210.55","PLAINFIELD, IN",08/18 09:00,"NORRISTOWN, PA",08/19 10:00,"2,026",654,NO NOTES,2680,1.20,8,
2026-08-14T12:44:11.302148,WG,72119053,"$2,243.62","BROOKS, KY",08/18 13:00,"HORSHAM, PA",08/19 08:00,"2,067",683,IC7875: ENSURE THAT YOU HAVE THE ENTIRE BOL FILLED OUT AT THIS LOCATION.,2750,0.82,2,
2026-08-14T12:46:17.454822,SE,72119141,"$2,817.16","COPPELL, TX",08/14 18:00,"ONTARIO, CA",08/16 01:48,"1,414","1,401",LVBILL2: **** ALL DRIVERS MUST READ AND FOLLOW THESE SECURITY MEASURES ON ALL LOUIS VUITTON SHIPMENTS ****,2815,1.00,2,
2026-08-14T12:49:27.791604,WG,72119055,"$1,180.67","CRANBURY, NJ",08/14 16:00,"WINDSOR, CT",08/14 21:07,"2,727",170,NO NOTES,2897,0.41,1,
2026-08-14T13:00:47.061320,WG,72119150,$745.58,"VANDENBERG AFB, CA",08/17 09:30,"SAN LUIS OBISPO, CA",08/17 12:14,185,58,NO NOTES,243,3.07,58,
2026-08-14T13:10:56.184846,WG,72111400,"$1,133.79","LA VERNE, CA",08/19 13:00,"MONTCLAIR, CA",08/19 14:41,0,9,NO NOTES,9,125.98,71,
2026-08-14T13:16:08.735236,WG,72119181,"$2,658.17","ALLENTOWN, PA",08/18 12:00,"BROOKS, KY",08/19 07:00,"2,660",660,NO NOTES,3320,0.80,2,
2026-08-14T13:37:27.805831,WG,72119160,"$1,738.33","LOCKBOURNE, OH",08/18 17:00,"PAULSBORO, NJ",08/19 08:00,"2,227",474,NO NOTES,2701,0.64,1,
2026-08-14T13:51:25.151807,WG,72119114,"$2,262.94","SHEPHERDSVILLE, KY",08/18 15:00,"SHREVEPORT, LA",08/19 09:00,"2,072",732,BAX5100: MUST HAVE TEAM DRIVERS FOR ALL RUNS NO MATTER WHAT THE MILEAGE IS.,2804,0.81,2,
2026-08-14T13:57:51.575537,WG,72119191,"$1,207.07","PHILADELPHIA, PA",08/18 09:00,"SOUDERTON, PA",08/18 11:12,"2,694",33,NO NOTES,2727,0.44,1,
2026-08-14T13:59:48.978516,WG,72119190,"$2,362.77","KALAMAZOO, MI",08/19 10:00,"LINCOLN, NE",08/20 08:00,"2,114",650,NO NOTES,2764,0.85,2,
2026-08-14T14:04:01.947507,WG,72102711,"$2,730.09","LA VERGNE, TN",08/19 14:00,"FAIRFIELD, NJ",08/20 10:03,"1,990",872,"CORD11: TRUCK MUST HAVE FULL AMOUNT OF USABLE SPACE FOR THE TRUCK SIZE REQUESTED, 20FT OF USABLE SPACE, 12FT OF USABLE SPACE, 53FT OF USABLE SPACE.",2862,0.95,2,
2026-08-14T14:04:04.773894,WG,72111847,"$1,071.77","MIRA LOMA, CA",08/19 14:00,"SANTA MONICA, CA",08/19 18:31,22,72,"L1145981: IF PICKING UP AT UPS MIRA LOMA, CA PU IS AT DOOR 2132.",94,11.40,71,
2026-08-14T14:04:08.085259,WG,72117971,"$2,893.41","ROCKVILLE, MD",08/19 14:00,"BLOOMINGTON, IN",08/20 10:00,"2,594",612,NO NOTES,3206,0.90,2,
2026-08-14T14:04:47.603844,SE,72118480,"$2,164.91","CHATTANOOGA, TN",08/19 14:00,"ROCHESTER, NY",08/20 09:51,"2,099",863,NO NOTES,2962,0.73,2,
2026-08-14T14:07:44.228529,WG,72119174,$936.89,"PHILADELPHIA, PA",08/17 13:00,"SOUDERTON, PA",08/17 15:12,"2,694",33,NO NOTES,2727,0.34,1,
2026-08-14T14:10:50.235561,WG,72116569,"$8,002.14","ALBUQUERQUE, NM",08/19 14:00,"WILMINGTON, NC",08/21 08:00,757,"1,822",NO NOTES,2579,3.10,66,
2026-08-14T14:10:54.072073,WG,72119077,"$2,610.09","WEST DEPTFORD, NJ",08/19 14:00,"CHARLOTTE, NC",08/20 08:00,"2,687",533,NO NOTES,3220,0.81,2,
2026-08-14T15:00:14.761092,SE,72119218,"$1,047.79","SAINT PAUL, MN",08/18 16:00,"WAUKEGAN, IL",08/19 09:00,"1,898",380,NO NOTES,2278,0.46,1,
2026-08-14T15:03:44.687944,WG,72112270,"$1,402.95","LOCKBOURNE, OH",08/19 15:00,"OLIVE BRANCH, MS",08/20 08:00,"2,227",594,NO NOTES,2821,0.50,1,
2026-08-14T15:03:47.579943,WG,72111082,"$7,430.05","LA VERGNE, TN",08/19 15:00,"SAN LEANDRO, CA",08/21 17:22,"1,990","2,297","CORD11: TRUCK MUST HAVE FULL AMOUNT OF USABLE SPACE FOR THE TRUCK SIZE REQUESTED, 20FT OF USABLE SPACE, 12FT OF USABLE SPACE, 53FT OF USABLE SPACE.",4287,1.73,27,
2026-08-14T15:03:50.379070,WG,72118777,"$1,074.81","MADISON, AL",08/19 15:00,"CINCINNATI, OH",08/20 08:00,"1,964",403,NO NOTES,2367,0.45,1,
2026-08-14T15:04:20.037414,SE,72119218,"$1,047.79","SAINT PAUL, MN",08/18 16:00,"WAUKEGAN, IL",08/19 09:00,"1,898",380,NO NOTES,2278,0.46,1,
2026-08-14T15:04:30.128965,SE,72118338,"$2,404.44","CHATTANOOGA, TN",08/19 15:00,"WILSON, NC",08/20 09:00,"2,099",518,NO NOTES,2617,0.92,2,
2026-08-14T15:10:58.485443,WG,72117908,"$6,989.75","WEBSTER, TX",08/19 15:00,"WINDSOR LOCKS, CT",08/21 08:00,"1,550","1,756",US CITIZENS,3306,2.11,37,
2026-08-14T15:15:44.645905,WG,72119117,"$2,978.83","MARSEILLES, IL",08/18 09:00,"LYNCHBURG, VA",08/19 08:00,"1,925",754,L1238923: NO PETS,2679,1.11,6,
2026-08-14T15:31:49.723032,SE,72119239,"$3,328.32","MOUNT VERNON, IL",08/14 22:30,"WITTMANN, AZ",08/17 11:00,"1,871","1,599",NO NOTES,3470,0.96,3,
2026-08-14T15:42:33.532175,WG,72119240,"$3,361.08","CORDOVA, IL",08/17 08:00,"PHILADELPHIA, PA",08/18 08:00,"1,836",921,L1238923: NO PETS,2757,1.22,9,
2026-08-14T16:01:34.343517,WG,72119242,"$2,394.84","JOLIET, IL",08/18 09:00,"ELKHORN, NE",08/19 09:00,"1,962",460,X,2422,0.99,2,
2026-08-14T16:04:22.892172,WG,72114530,"$1,498.31","LA VERGNE, TN",08/19 16:00,"COLUMBUS, OH",08/20 08:00,"1,990",402,"CORD11: TRUCK MUST HAVE FULL AMOUNT OF USABLE SPACE FOR THE TRUCK SIZE REQUESTED, 20FT OF USABLE SPACE, 12FT OF USABLE SPACE, 53FT OF USABLE SPACE.",2392,0.63,1,
2026-08-14T16:04:25.885793,WG,72102951,"$1,921.66","LA VERGNE, TN",08/19 16:00,"MONROEVILLE, PA",08/20 08:00,"1,990",587,"CORD11: TRUCK MUST HAVE FULL AMOUNT OF USABLE SPACE FOR THE TRUCK SIZE REQUESTED, 20FT OF USABLE SPACE, 12FT OF USABLE SPACE, 53FT OF USABLE SPACE.",2577,0.75,2,
2026-08-14T16:04:28.563799,WG,72102008,"$1,700.60","SHEPHERDSVILLE, KY",08/19 16:00,"DOTHAN, AL",08/20 09:00,"2,072",538,NO NOTES,2610,0.65,1,
2026-08-14T16:04:31.235330,WG,72068280,"$2,670.07","LOUISVILLE, KY",08/19 16:00,"OVERLAND PARK, KS",08/20 09:00,"2,062",527,NO NOTES,2589,1.03,3,
2026-08-14T16:05:07.483922,SE,72119225,$568.70,"PITTSBURGH, PA",08/19 08:00,"CORAOPOLIS, PA",08/19 10:16,"2,404",13,SPRINTER VAN OR 12FT TRUCK / TVAL / NO PCS OR WEIGHT YET / 24X24X24 / SAME DAY DELIVERY,2417,0.24,1,
2026-08-14T16:10:26.189935,WG,72115011,"$1,296.34","FREDERICK, MD",08/19 08:30,"PITTSBURGH, PA",08/26 13:00,"2,570",194,NO NOTES,2764,0.47,1,
2026-08-14T16:10:29.006124,WG,72119203,"$2,328.84","BLOOMINGTON, IN",08/19 09:00,"PHILADELPHIA, PA",08/20 15:08,"2,021",708,NO NOTES,2729,0.85,2,
2026-08-14T16:29:33.090482,WG,72119227,"$4,616.04","SHEBOYGAN FALLS, WI",08/18 09:30,"NORTH HAVEN, CT",08/19 08:48,"2,080","1,025",NO NOTES,3105,1.49,18,
2026-08-14T17:04:52.090675,WG,72115199,"$1,466.98","SHEPHERDSVILLE, KY",08/19 17:00,"WARRENDALE, PA",08/20 08:00,"2,072",417,BAX5100: MUST HAVE TEAM DRIVERS FOR ALL RUNS NO MATTER WHAT THE MILEAGE IS.,2489,0.59,1,
2026-08-14T17:04:54.762393,WG,72117182,"$1,980.73","MOUNT VERNON, IN",08/19 17:00,"SHREVEPORT, LA",08/20 07:56,"1,948",632,PLEASE ARRIVE AT THE PICKUP IN RANGE*SET POINT 5C,2580,0.77,2,
2026-08-14T17:04:57.270849,WG,72113866,"$1,217.62","GROVE CITY, OH",08/19 17:00,"WARRENDALE, PA",08/20 08:00,"2,217",203,"PR2297: IF PALLET JACK REQUESTED NEED TO MAKE SURE IT'S ACCESSIBLE TO OFFLOAD TRK. DRIVERS MAY NEED TO OFFLOAD TRK TO DOCK AT DELIVERIES, ESPECIALLY NC AND FL.",2420,0.50,1,
2026-08-14T17:04:59.786507,WG,72054783,"$1,980.27","BROOKS, KY",08/19 17:00,"PITTSBURGH, PA",08/20 08:00,"2,067",393,NO NOTES,2460,0.80,2,
2026-08-14T17:10:53.359394,WG,72112930,"$3,312.39","ROANOKE, TX",08/19 17:00,"LITTLETON, CO",08/20 10:28,"1,396",751,MUST BE US CITIZEN TEMP CONTROLLED HAZMAT,2147,1.54,18,
2026-08-14T17:15:43.606679,WG,72119243,"$2,632.71","RENSSELAER, NY",08/18 13:00,"BLOOMINGTON, IN",08/19 08:17,"2,788",836,NO NOTES,3624,0.73,2,
2026-08-14T17:24:45.939185,SE,72119208,"$5,097.12","NORWOOD, OH",08/17 07:00,"TORRANCE, CA",08/19 10:00,"2,146","2,196",NO NOTES,4342,1.17,9,
2026-08-14T17:38:58.145135,WG,72113871,"$1,217.62","GROVE CITY, OH",08/19 17:30,"WARRENDALE, PA",08/20 08:00,"2,217",203,"PR2297: IF PALLET JACK REQUESTED NEED TO MAKE SURE IT'S ACCESSIBLE TO OFFLOAD TRK. DRIVERS MAY NEED TO OFFLOAD TRK TO DOCK AT DELIVERIES, ESPECIALLY NC AND FL.",2420,0.50,1,
2026-08-14T18:04:09.411895,WG,72112828,"$1,295.40","BROOKS, KY",08/19 18:00,"COLLIERVILLE, TN",08/20 09:30,"2,067",360,IC7875: ENSURE THAT YOU HAVE THE ENTIRE BOL FILLED OUT AT THIS LOCATION.,2427,0.53,1,
2026-08-14T18:04:11.964645,WG,72112823,"$1,445.02","BROOKS, KY",08/19 18:00,"ELK GROVE VILLAGE, IL",08/20 09:30,"2,067",337,IC7875: ENSURE THAT YOU HAVE THE ENTIRE BOL FILLED OUT AT THIS LOCATION.,2404,0.60,1,
2026-08-14T18:04:15.013057,WG,72101664,"$1,146.40","LA VERGNE, TN",08/19 18:00,"SAINT CHARLES, MO",08/20 08:00,"1,990",348,UP TO 10 PALLETS,2338,0.49,1,
2026-08-14T18:05:14.944640,SE,72114555,$790.29,"BROOKS, KY",08/19 18:00,"LOCKBOURNE, OH",08/20 07:00,"2,067",222,IC7875: ENSURE THAT YOU HAVE THE ENTIRE BOL FILLED OUT AT THIS LOCATION.,2289,0.35,1,
2026-08-14T18:31:49.747809,SE,72119251,"$1,250.16","GOLDSBORO, NC",08/16 11:00,"ATHENS, GA",08/17 06:00,"2,564",392,NO NOTES,2956,0.42,1,
2026-08-14T18:31:52.509943,SE,72119250,$438.11,"GOLDSBORO, NC",08/17 02:30,"CLAYTON, NC",08/17 05:00,"2,564",38,NO NOTES,2602,0.17,1,
2026-08-14T19:04:08.859954,WG,72112266,"$1,253.69","BROOKS, KY",08/19 19:00,"OLIVE BRANCH, MS",08/20 07:00,"2,067",374,NO NOTES,2441,0.51,1,
2026-08-14T19:22:31.293770,WG,72119235,"$3,551.20","INDIANAPOLIS, IN",08/18 12:00,"WHIPPANY, NJ",08/19 08:00,"2,029",707,NO NOTES,2736,1.30,11,
2026-08-14T19:31:16.446164,WG,72119216,$899.65,"SHEPHERDSVILLE, KY",08/19 13:00,"GROVEPORT, OH",08/20 03:00,"2,072",226,L1233585: BE SURE THAT YOUR PREVENTIVE MAINTANANCE IS UP TO DATE BEFORE PICKING UP.********,2298,0.39,1,
2026-08-14T20:04:10.492438,WG,72114567,"$1,685.89","BROOKS, KY",08/19 20:00,"CORAOPOLIS, PA",08/20 13:35,"2,067",403,IC7875: ENSURE THAT YOU HAVE THE ENTIRE BOL FILLED OUT AT THIS LOCATION.,2470,0.68,1,
2026-08-14T20:10:59.710757,WG,72111418,"$2,326.76","LOCKBOURNE, OH",08/19 20:00,"LA VERGNE, TN",08/20 07:00,"2,227",396,NO NOTES,2623,0.89,2,
2026-08-15T01:11:04.675678,SE,72119303,"$1,560.79","DULLES, VA",08/16 08:00,"LAFAYETTE, IN",08/16 22:51,"2,622",628,DRIVER IS REQUIRED TO LOAD FREIGHT,3250,0.48,1,
2026-08-15T02:09:38.346521,WG,72119304,"$1,104.41","WINCHESTER, KY",08/19 10:00,"SHEPHERDSVILLE, KY",08/19 13:30,"2,143",101,BAX5100: MUST HAVE TEAM DRIVERS FOR ALL RUNS NO MATTER WHAT THE MILEAGE IS.,2244,0.49,1,
2026-08-15T04:02:20.705139,WG,72119264,"$5,704.87","LOCKBOURNE, OH",08/18 18:00,"TEMPE, AZ",08/20 11:33,"2,227","1,883",IC7875: ENSURE THAT YOU HAVE THE ENTIRE BOL FILLED OUT AT THIS LOCATION.,4110,1.39,16,
2026-08-15T05:10:59.592511,WG,72118500,"$1,654.72","WILMINGTON, DE",08/20 05:00,"NORWICH, NY",08/20 11:33,"2,667",238,NO NOTES,2905,0.57,1,
2026-08-15T07:04:35.370692,WG,72118045,"$1,252.14","WILMINGTON, DE",08/20 07:00,"NEW BRUNSWICK, NJ",08/20 10:23,"2,667",89,MUST HAVE FEDEX LOGOS ON ALL SIDES OF BOX OF TRUCK. TEAM DRIVRS ONLY,2756,0.45,1,
2026-08-15T07:04:38.324160,WG,72108782,$860.72,"BROOKS, KY",08/20 07:00,"WEST CHESTER, OH",08/20 11:19,"2,067",133,NO NOTES,2200,0.39,1,
2026-08-15T08:04:32.413119,WG,72118988,"$1,314.16","ALLENTOWN, PA",08/20 08:00,"FAIRFIELD, NJ",08/20 15:48,"2,660",85,FIRST STOP IS FOR CHECK IN AND PAPERWORK,2745,0.48,1,
2026-08-15T08:04:36.184322,WG,72118590,$871.36,"CLEARWATER, FL",08/20 08:00,"CAPE CANAVERAL, FL",08/20 12:35,"2,469",145,"12' TO 24' DOCK TRUCK, LIFT GATE PREFERRED; TEAM DRIVER; NON-STOP; DEDICATED; SEALED; AIR RIDE; CLIMATE CONTROLLED BETWEEN 40 AND 90 DEGF, NOTE FOR DRIVERS: SENSITIVE FLIGHT INSTRUMENTS, SENSITIVE TO SHOCKS; SHOCK RECORDERS ARE IN USE. INCA SHIPPING CONTAINER DIMENSIONS AND WEIGHT: DIMENSIONS: L 41 X W 37 X H 40. PACKAGED WEIGHT: 250 LBS. DO NOT STRAP THE BLUE INCA CONTAINERS TO A PALLET.",2614,0.33,1,
2026-08-15T08:04:40.182790,WG,72111883,"$1,090.38","LOUISVILLE, KY",08/20 08:00,"LOUISVILLE, KY",08/20 08:00,"2,062",0,L1068563: YOU MUST HAVE ALL OF YOUR USEABLE SPACE AVAILABLE. PLEASE ENSURE PERSONAL BELONGINGS ARE STOWED APPROPRIATELY.,2062,0.53,1,
2026-08-15T08:05:35.976048,SE,72118999,$594.56,"CLEARWATER, FL",08/20 08:00,"KENNEDY SPACE CENTER, FL",08/20 13:49,"2,469",156,"REQ CERTIF.BIRTH CERT,PASSPORT OR NATURALIZED PAPERW. JEFF BOLOGNESE 321-867-6617 OR 321-607-2108 IS POINT FOR BADGING PROCESS AS WELL AS SHIPMENT SCHEDULING AT FACILITY TYPICALLY WILL NEED CELL AND SSN# OF THE DRIVERS. CERTIFICATION OF VACCINATION FORM MAY BE REQUIRED",2625,0.23,1,
2026-08-15T08:11:10.908844,WG,72118844,"$1,233.78","LEE, MA",08/20 08:00,"MACUNGIE, PA",08/20 14:42,"2,828",245,NO NOTES,3073,0.40,1,
2026-08-15T08:39:44.701875,WG,72102612,"$4,742.96","CLEVELAND, OH",08/20 08:30,"WEST PALM BEACH, FL",08/21 11:10,"2,318","1,183",NO NOTES,3501,1.35,14,
2026-08-15T09:04:45.711338,WG,72113755,"$1,259.55","ALLENTOWN, PA",08/20 09:00,"RENSSELAER, NY",08/20 15:08,"2,660",218,NO NOTES,2878,0.44,1,
2026-08-15T09:04:48.402063,WG,72113766,"$1,343.04","PHILADELPHIA, PA",08/20 09:00,"RENSSELAER, NY",08/20 15:07,"2,694",217,NO NOTES,2911,0.46,1,
2026-08-15T09:11:19.225484,WG,72118997,"$1,202.50","RENSSELAER, NY",08/20 09:00,"ALLENTOWN, PA",08/20 15:08,"2,788",218,NO NOTES,3006,0.40,1,
2026-08-15T09:28:56.120421,WG,72119319,$975.48,"MOUNT VERNON, IN",08/18 09:00,"LA VERGNE, TN",08/18 14:26,"1,948",185,BRCOAR: TRAILER MUST BE EMPTY OUTSIDE OF EQUIPMENT NEEDED TO SECURE. NO PLYWOOD IN TRAILER FLOORS ON REEFER LOADS.,2133,0.46,1,
2026-08-15T09:36:59.004425,WG,72119320,"$1,478.77","SHEPHERDSVILLE, KY",08/18 16:00,"OLIVE BRANCH, MS",08/19 09:00,"2,072",369,BAX5100: MUST HAVE TEAM DRIVERS FOR ALL RUNS NO MATTER WHAT THE MILEAGE IS.,2441,0.61,1,
2026-08-15T10:04:31.806934,WG,72119016,"$1,455.25","COOKEVILLE, TN",08/20 10:00,"MEMPHIS, TN",08/20 17:27,"2,057",280,NO NOTES,2337,0.62,1,
2026-08-15T10:04:34.438395,WG,72113739,"$2,531.43","BLOOMINGTON, IN",08/20 10:00,"RENSSELAER, NY",08/21 08:00,"2,024",839,NO NOTES,2863,0.88,2,
2026-08-15T11:46:41.644671,WG,72119325,"$3,151.42","PHILADELPHIA, PA",08/20 11:30,"BROOKS, KY",08/21 07:00,"2,694",698,NO NOTES,3392,0.93,3,
2026-08-15T12:00:33.341758,SE,72119326,"$5,441.74","WILMINGTON, NC",08/18 08:00,"SAN JOSE, CA",08/21 11:00,"2,569","2,856",NO NOTES,5425,1.00,5,
2026-08-15T12:04:35.541177,WG,72114572,$793.17,"BROOKS, KY",08/20 12:00,"BROOKS, KY",08/20 13:30,"2,067",1,IC7875: ENSURE THAT YOU HAVE THE ENTIRE BOL FILLED OUT AT THIS LOCATION.,2068,0.38,1,
2026-08-15T12:04:59.194311,SE,72119326,"$5,441.74","WILMINGTON, NC",08/18 08:00,"SAN JOSE, CA",08/21 11:00,"2,569","2,856",NO NOTES,5425,1.00,5,
2026-08-15T13:42:38.011208,WG,72119330,$707.52,"CARY, NC",08/17 14:00,"RALEIGH, NC",08/17 14:50,"2,503",20,NO NOTES,2523,0.28,1,
2026-08-15T14:04:40.175239,WG,72118666,$747.65,"MADISON, AL",08/20 14:00,"BATESVILLE, MS",08/20 19:51,"1,964",205,NO NOTES,2169,0.34,1,
2026-08-15T14:11:23.064840,WG,72118839,"$1,941.27","TAYLOR, PA",08/20 14:00,"WEST JEFFERSON, OH",08/21 13:45,"2,669",488,UNPACK PALLET || DEL INSIDE TO 2ND FLOOR || DISPOSE OF PALLET AND TRASH || NEED HAND TRUCK || CAN PARK IN SPACES 101/102/103 CLOSEST TO FRONT OF BLDG,3157,0.61,2,
2026-08-15T15:04:48.643546,WG,72119219,"$2,192.67","WILMINGTON, OH",08/20 15:00,"SOUDERTON, PA",08/21 07:00,"2,185",528,"ORDER NOTE: PRE-ALERT HAS BEEN SENT TO ALMAC, BUT NO DOCK APPOINTMENT MADE OR CONFIRMED.",2713,0.81,2,
2026-08-15T15:04:51.446319,WG,72117651,$934.52,"DEVENS, MA",08/20 15:00,"NEW BRUNSWICK, NJ",08/21 08:00,"2,949",241,BRCOAR: TRAILER MUST BE EMPTY OUTSIDE OF EQUIPMENT NEEDED TO SECURE. NO PLYWOOD IN TRAILER FLOORS ON REEFER LOADS.,3190,0.29,1,
2026-08-15T15:05:39.711146,SE,72118032,"$3,316.13","CHATTANOOGA, TN",08/20 15:00,"NEW BRUNSWICK, NJ",08/21 09:24,"2,099",795,NO NOTES,2894,1.15,7,
2026-08-15T15:11:20.474211,WG,72111426,"$3,686.40","LOCKBOURNE, OH",08/20 15:00,"DOTHAN, AL",08/21 09:00,"2,227",763,NO NOTES,2990,1.23,10,
2026-08-15T15:11:23.080613,WG,72116781,"$1,214.81","MOUNT VERNON, IN",08/20 15:00,"OLIVE BRANCH, MS",08/21 02:00,"1,948",302,PLEASE BE IN RANGE WHEN YOU ARRIVE AT SHIPPER**SET POINT 5C,2250,0.54,1,
2026-08-15T15:11:25.963480,WG,72119047,"$2,611.42","CHASKA, MN",08/20 15:00,"CLINTON, TN",08/21 12:55,"1,860",960,NO NOTES,2820,0.93,2,
2026-08-15T15:11:33.637578,WG,72114648,"$1,559.86","CORONA, CA",08/20 15:00,"TEMPE, AZ",08/21 11:00,28,345,NO NOTES,373,4.18,71,
2026-08-15T15:25:11.284619,WG,72118849,"$1,020.92","RICHLAND, MS",08/20 15:15,"MEMPHIS, TN",08/20 21:39,"1,820",207,NO NOTES,2027,0.50,1,
2026-08-15T16:29:12.382874,WG,72119230,"$1,942.39","COLUMBUS, OH",08/18 10:00,"STAMFORD, CT",08/18 16:45,"2,207",586,"BICOCT: TRAILERS MUST BE CLEAN, EMPTY, DRY, FREE OF STRUCTURAL DAMAGE AND NO ODORS FROM PRIOR FREIGHT. MUST HAVE TWO LOAD LOCKS IN EACH TRAILER AND FUEL TANKS 3/4 FULL PRIOR TO PICKUP ARRIVAL. ANY SHIPMENTS WITH VA-Q-TEC CONTAINERS, PLEASE MAKE SURE CONTAINERS ARE OFFLOADED AND COMPLETELY EMPTIED AT DELIVERY BEFORE BEING RELOADED ONTO TRUCK FOR RETURN TO VA-Q-TEC.",2793,0.70,2,
2026-08-15T17:00:28.392725,WG,72119338,$813.82,"BALTIMORE, MD",08/17 07:00,"GAITHERSBURG, MD",08/17 08:14,"2,618",42,NO NOTES,2660,0.31,1,
2026-08-15T17:04:17.288135,WG,72114576,"$1,524.09","BROOKS, KY",08/20 17:00,"KERNERSVILLE, NC",08/21 08:00,"2,067",472,IC7875: ENSURE THAT YOU HAVE THE ENTIRE BOL FILLED OUT AT THIS LOCATION.,2539,0.60,1,
2026-08-15T17:39:19.515424,WG,72113707,"$2,295.02","GROVE CITY, OH",08/20 17:30,"CHARLOTTE, NC",08/21 08:30,"2,217",434,"ORDER NOTE: PALLET JACK NEEDED FOR DRIVER UNLOAD, OR SHIPMENT MAY BE REFUSED",2651,0.87,2,
2026-08-15T18:04:27.463533,WG,72114883,"$1,758.74","SHEPHERDSVILLE, KY",08/20 18:00,"DOTHAN, AL",08/21 09:00,"2,072",538,BAX5100: MUST HAVE TEAM DRIVERS FOR ALL RUNS NO MATTER WHAT THE MILEAGE IS.,2610,0.67,1,
2026-08-15T18:04:30.336366,WG,72113842,"$1,914.29","NEWARK, DE",08/20 18:00,"SHREWSBURY, MA",08/21 08:30,"2,680",313,ORDER NOTE: PALLET JACK NEEDED FOR DRIVER UNLOAD,2993,0.64,2,
2026-08-15T19:04:11.281286,WG,72114536,"$1,007.08","BROOKS, KY",08/20 19:00,"GROVE CITY, OH",08/21 08:30,"2,067",211,IC7875: ENSURE THAT YOU HAVE THE ENTIRE BOL FILLED OUT AT THIS LOCATION.,2278,0.44,1,
2026-08-15T19:49:42.542763,WG,72119252,"$1,106.08","MANCHESTER, PA",08/18 08:00,"NEW BRUNSWICK, NJ",08/18 13:11,"2,598",150,BRCOAR: TRAILER MUST BE EMPTY OUTSIDE OF EQUIPMENT NEEDED TO SECURE. NO PLYWOOD IN TRAILER FLOORS ON REEFER LOADS.,2748,0.40,1,
2026-08-15T20:11:23.295546,WG,72111422,"$3,354.51","LOCKBOURNE, OH",08/20 20:00,"OVERLAND PARK, KS",08/21 12:03,"2,227",684,NO NOTES,2911,1.15,7,
2026-08-16T09:10:51.134240,WG,72119248,"$1,166.23","ALLENTOWN, PA",08/21 09:00,"RENSSELAER, NY",08/21 15:08,"2,660",218,NO NOTES,2878,0.41,1,
2026-08-16T11:04:26.823498,SE,72119369,$654.27,"WATERLOO, IA",08/17 09:00,"CORALVILLE, IA",08/17 12:13,"1,782",78,NO NOTES,1860,0.35,1,
2026-08-16T11:10:59.321636,WG,72110129,"$10,747.70","LA VERNE, CA",08/21 11:00,"LA VERNE, CA",08/24 11:00,0,"2,448","'D', 93"" I/S WIDTH MINIMUM & TAG/3RD AXEL (OR ER-UNIT) FOR LARGE PHARMA. TANK IN METAL RACK",2448,4.39,80,
2026-08-16T11:11:02.277019,WG,72118427,"$1,095.78","BROOKS, KY",08/21 11:00,"SHEPHERDSVILLE, KY",08/21 12:37,"2,067",6,IC7875: ENSURE THAT YOU HAVE THE ENTIRE BOL FILLED OUT AT THIS LOCATION.,2073,0.53,1,
2026-08-16T12:04:11.190502,WG,72114600,$793.17,"BROOKS, KY",08/21 12:00,"BROOKS, KY",08/21 13:30,"2,067",1,IC7875: ENSURE THAT YOU HAVE THE ENTIRE BOL FILLED OUT AT THIS LOCATION.,2068,0.38,1,
2026-08-16T13:04:54.465449,WG,72118080,"$8,887.19","TUKWILA, WA",08/21 13:00,"NEW YORK, NY",08/24 09:00,"1,148","2,871",NO NOTES,4019,2.21,42,
2026-08-16T13:08:06.935029,WG,72119374,"$4,812.49","MADISON, WI",08/18 12:00,"BEDFORD, NH",08/19 14:27,"1,943","1,173",NO NOTES,3116,1.54,19,
2026-08-16T13:11:58.060647,SE,72116509,"$3,376.04","BEAVERCREEK, OH",08/21 13:00,"WHITE SANDS MISSILE RANGE, NM",08/24 09:00,"2,162","1,502",NO NOTES,3664,0.92,3,
2026-08-16T15:39:26.685984,SE,72118341,$863.74,"MENTOR, OH",08/21 15:30,"KENTWOOD, MI",08/21 23:43,"2,336",316,NO NOTES,2652,0.33,1,
2026-08-17T01:31:41.720968,SE,72119415,$655.69,"WINDSOR, CT",08/17 09:01,"WINDSOR LOCKS, CT",08/17 10:38,"2,867",6,NO NOTES,2873,0.23,1,
2026-08-17T07:40:14.269783,SE,72119385,"$5,114.85","LOS ANGELES, CA",08/20 21:00,"FITZGERALD, GA",08/24 08:00,49,"2,362",NO NOTES,2411,2.12,36,
2026-08-17T07:44:19.957932,WG,72119422,"$1,057.23","CRANBURY, NJ",08/19 10:00,"RARITAN, NJ",08/19 12:07,"2,727",29,NO NOTES,2756,0.38,1,
2026-08-17T07:51:45.495186,WG,72119420,$966.48,"CRANBURY, NJ",08/19 10:00,"RARITAN, NJ",08/19 12:07,"2,727",29,NO NOTES,2756,0.35,1,
2026-08-17T07:53:20.054390,WG,72119421,$966.48,"CRANBURY, NJ",08/20 10:00,"RARITAN, NJ",08/20 12:07,"2,727",29,NO NOTES,2756,0.35,1,
2026-08-17T07:53:23.097984,WG,72119423,$966.48,"CRANBURY, NJ",08/20 10:00,"RARITAN, NJ",08/20 12:07,"2,727",29,NO NOTES,2756,0.35,1,
2026-08-17T08:01:16.611254,SE,72119335,"$6,084.09","RIDGECREST, CA",08/18 11:00,"ARLINGTON, VA",08/21 09:00,145,"2,641",NO NOTES,2786,2.18,39,
2026-08-17T08:05:16.989882,SE,72119416,$911.91,"MECHANICSBURG, PA",08/17 11:00,"MILLBURN, NJ",08/17 15:58,"2,575",163,DEL FRT ASAP,2738,0.33,1,
2026-08-17T08:05:33.370573,SE,72119335,"$6,084.09","RIDGECREST, CA",08/18 11:00,"ARLINGTON, VA",08/21 09:00,145,"2,641",NO NOTES,2786,2.18,39,
2026-08-17T08:18:42.394648,SE,72119386,"$1,416.32","WOONSOCKET, RI",08/18 07:00,"DOWNINGTOWN, PA",08/18 15:09,"2,942",313,NO NOTES,3255,0.44,1,
2026-08-17T08:31:58.331201,WG,72119424,"$2,957.65","ALLENTOWN, PA",08/20 12:00,"BROOKS, KY",08/21 08:00,"2,660",660,NO NOTES,3320,0.89,3,
2026-08-17T08:44:52.088726,WG,72119439,"$6,478.84","FARMVILLE, NC",08/19 13:00,"AURORA, CO",08/21 09:00,"2,581","1,724",NO NOTES,4305,1.50,20,
2026-08-17T09:11:11.189712,SE,72119431,"$2,087.31","GLENWOOD, IL",08/18 08:00,"THORNVILLE, OH",08/19 08:00,"1,991",335,NO NOTES,2326,0.90,2,
2026-08-17T09:37:35.625693,WG,72119255,"$1,261.61","SHEPHERDSVILLE, KY",08/19 13:00,"OLIVE BRANCH, MS",08/20 09:00,"2,072",369,L1233585: BE SURE THAT YOUR PREVENTIVE MAINTANANCE IS UP TO DATE BEFORE PICKING UP.********,2441,0.52,1,
2026-08-17T09:44:41.313279,WG,72119426,"$4,781.68","NORFOLK, VA",08/19 14:30,"SAN ANTONIO, TX",08/21 08:00,"2,671","1,571",NO NOTES,4242,1.13,8,
2026-08-17T09:58:22.856428,WG,72119392,$968.17,"BOSTON, MA",08/19 10:00,"BOSTON, MA",08/19 14:38,"2,964",77,NO NOTES,3041,0.32,1,
2026-08-17T10:03:38.579149,WG,72119461,"$1,148.40","CLINTON, TN",08/20 14:00,"LA VERGNE, TN",08/21 07:30,"2,146",171,EI100T: *** NEEDS PAP# ASAP TO GET YOU PRECLEARED .***,2317,0.50,1,
2026-08-17T10:04:26.975736,SE,72119391,"$1,102.93","JERSEY SHORE, PA",08/19 07:00,"CLAYTON, NC",08/20 08:00,"2,572",493,NO NOTES,3065,0.36,1,
2026-08-17T10:11:09.499320,WG,72119462,"$2,484.66","CHARLOTTESVILLE, VA",08/20 14:00,"LA VERGNE, TN",08/21 03:00,"2,517",541,TEMP HAS TO BE AT RANGE WHEN GO IN FOR PICKUP,3058,0.81,2,
2026-08-17T10:15:44.765301,WG,72119389,"$1,153.39","MCDONOUGH, GA",08/19 09:00,"COURTLAND, AL",08/19 16:00,"2,179",284,NO NOTES,2463,0.47,1,
2026-08-17T10:46:05.308949,SE,72119446,"$2,468.25","FITCHBURG, MA",08/17 14:00,"ALBION, IL",08/18 14:40,"2,951","1,089",NO NOTES,4040,0.61,2,
2026-08-17T10:51:25.624891,WG,72119394,"$6,448.70","BEND, OR",08/19 11:00,"ROCKFORD, IL",08/21 09:00,845,"1,950",NO NOTES,2795,2.31,42,
2026-08-17T10:51:51.908494,WG,72119444,"$1,702.84","GAITHERSBURG, MD",08/19 13:00,"OAK RIDGE, TN",08/20 08:00,"2,591",518,NO NOTES,3109,0.55,1,
2026-08-17T11:08:52.284420,WG,72119279,"$3,895.56","HOBART, NY",08/19 10:00,"SHREVEPORT, LA",08/21 09:00,"2,759","1,483",NO NOTES,4242,0.92,3,
2026-08-17T11:11:10.369691,SE,72119397,$911.91,"MECHANICSBURG, PA",08/17 16:00,"MILLBURN, NJ",08/18 09:00,"2,575",163,NO NOTES,2738,0.33,1,
2026-08-17T11:15:17.009241,WG,72119469,"$5,860.71","LOGAN, UT",08/18 11:00,"DEVENS, MA",08/20 14:37,738,"2,356",NO NOTES,3094,1.89,30,
2026-08-17T11:30:08.892125,WG,72119448,"$1,269.51","RENSSELAER, NY",08/19 10:00,"PEPPERELL, MA",08/19 15:04,"2,788",168,NO NOTES,2956,0.43,1,
2026-08-17T11:32:20.217477,SE,72119449,"$1,421.06","COLUMBIA, PA",08/17 14:30,"COLUMBUS, OH",08/18 08:00,"2,615",389,NO NOTES,3004,0.47,1,
2026-08-17T11:38:02.347950,WG,72119499,"$6,144.56","OLIVE BRANCH, MS",08/19 13:00,"SOUTH SAN FRANCISCO, CA",08/21 11:26,"1,782","2,112",NO NOTES,3894,1.58,22,
2026-08-17T11:38:06.094641,WG,72119098,"$3,967.09","PAULSBORO, NJ",08/19 13:00,"ROCKFORD, IL",08/20 09:00,"2,687",846,NO NOTES,3533,1.12,7,
2026-08-17T11:39:48.647406,SE,72119450,$657.21,"DECATUR, AL",08/18 07:00,"LOUISVILLE, KY",08/18 14:31,"1,951",283,NO NOTES,2234,0.29,1,
2026-08-17T12:22:53.578196,WG,72119511,"$3,342.75","RARITAN, NJ",08/19 09:00,"POMPANO BEACH, FL",08/20 12:35,"2,716","1,226",NO NOTES,3942,0.85,3,
2026-08-17T12:32:46.643171,SE,72119515,"$1,244.42","LIBERTYVILLE, IL",08/18 15:00,"SAINT PAUL, MN",08/19 08:00,"2,001",370,NO NOTES,2371,0.52,1,
2026-08-17T12:36:57.991833,WG,72119516,"$3,134.17","NAPERVILLE, IL",08/19 11:00,"STERLING, VA",08/20 10:00,"1,957",712,NO NOTES,2669,1.17,8,
2026-08-17T12:38:48.231900,SE,72119514,"$3,781.49","AUSTIN, TX",08/17 18:00,"SANTA CLARA, CA",08/19 11:00,"1,348","1,717",NO NOTES,3065,1.23,10,
2026-08-17T13:16:47.747779,WG,72119521,"$2,158.07","LOUISVILLE, KY",08/19 17:00,"CARY, NC",08/20 08:00,"2,062",556,NO NOTES,2618,0.82,2,
2026-08-17T13:28:34.271108,WG,72119456,"$2,375.24","NEW BRUNSWICK, NJ",08/17 21:35,"MOUNT VERNON, IN",08/18 17:12,"2,730",852,BRCOAR: TRAILER MUST BE EMPTY OUTSIDE OF EQUIPMENT NEEDED TO SECURE. NO PLYWOOD IN TRAILER FLOORS ON REEFER LOADS.,3582,0.66,2,
2026-08-17T14:00:50.540252,SE,72119532,"$2,414.80","BURLINGTON, WA",08/19 14:00,"STOCKTON, CA",08/20 11:00,"1,229",872,NO NOTES,2101,1.15,6,
2026-08-17T14:03:51.356437,SE,72119532,"$2,414.80","BURLINGTON, WA",08/19 14:00,"STOCKTON, CA",08/20 11:00,"1,229",872,NO NOTES,2101,1.15,6,
2026-08-17T14:10:23.849080,WG,72118298,"$1,626.20","NEW YORK, NY",08/20 09:00,"RESTON, VA",08/20 16:00,"2,768",258,THERE WILL BE A FOLLOW CAR,3026,0.54,1,
2026-08-17T14:24:16.873143,WG,72119543,"$1,742.09","ALLENTOWN, PA",08/20 10:00,"LOCKBOURNE, OH",08/21 08:00,"2,660",448,BAX5100: MUST HAVE TEAM DRIVERS FOR ALL RUNS NO MATTER WHAT THE MILEAGE IS.,3108,0.56,1,
2026-08-17T14:31:11.948158,WG,72119558,"$2,062.91","RENO, NV",08/20 17:00,"SAN DIEGO, CA",08/21 11:00,544,539,TAKE HOWEVER MUCH FREIGHT THEY GIVE YOU COULD BE ANYWHERE FROM 1-3 SKIDS IS FINE!,1083,1.90,27,
2026-08-17T14:57:30.524537,WG,72119562,"$1,307.79","MALVERN, PA",08/19 09:00,"RARITAN, NJ",08/19 11:52,"2,662",65,NO NOTES,2727,0.48,1,
2026-08-17T14:58:40.345765,WG,72119563,"$2,739.10","LOUISVILLE, KY",08/19 17:30,"FORT WORTH, TX",08/20 12:55,"2,062",866,NO NOTES,2928,0.94,2,
2026-08-17T15:23:14.694728,WG,72119491,"$1,110.23","LA VERGNE, TN",08/19 13:00,"ELDORADO, IL",08/19 18:33,"1,990",191,NO NOTES,2181,0.51,1,
2026-08-17T15:45:32.523140,SE,72119324,"$4,022.42","CARLSBAD, CA",08/19 11:00,"CHASKA, MN",08/21 09:00,95,"1,933",NO NOTES,2028,1.98,31,
2026-08-17T16:23:39.175707,WG,72119570,"$1,520.92","LOCKBOURNE, OH",08/19 16:00,"BREINIGSVILLE, PA",08/20 07:30,"2,227",446,IC7875: ENSURE THAT YOU HAVE THE ENTIRE BOL FILLED OUT AT THIS LOCATION.,2673,0.57,1,
2026-08-17T16:29:10.287205,WG,72119573,$933.40,"BLOOMINGTON, IN",08/19 09:00,"BLOOMINGTON, IN",08/19 10:37,"2,024",6,NO NOTES,2030,0.46,1,
2026-08-17T16:29:26.454565,WG,72119578,"$2,658.17","ALLENTOWN, PA",08/19 10:00,"BROOKS, KY",08/20 08:00,"2,660",660,NO NOTES,3320,0.80,2,
2026-08-17T16:31:21.742868,WG,72119571,"$5,004.25","TITUSVILLE, FL",08/21 08:00,"LITTLETON, CO",08/24 09:30,"2,524","1,906",NO NOTES,4430,1.13,8,
2026-08-17T16:31:24.861087,WG,72119549,"$6,963.15","BEND, OR",08/21 11:00,"SOUDERTON, PA",08/24 07:00,845,"2,740",NO NOTES,3585,1.94,33,
2026-08-17T16:37:04.736247,WG,72119574,"$4,952.85","LOUISVILLE, KY",08/19 13:00,"MIDVALE, UT",08/21 10:00,"2,062","1,667",L1068563: YOU MUST HAVE ALL OF YOUR USEABLE SPACE AVAILABLE. PLEASE ENSURE PERSONAL BELONGINGS ARE STOWED APPROPRIATELY.,3729,1.33,14,
2026-08-17T16:44:05.196160,WG,72119559,"$3,307.11","LOUISVILLE, KY",08/19 11:00,"FORT LAUDERDALE, FL",08/20 08:00,"2,062","1,068",L1068563: YOU MUST HAVE ALL OF YOUR USEABLE SPACE AVAILABLE. PLEASE ENSURE PERSONAL BELONGINGS ARE STOWED APPROPRIATELY.,3130,1.06,4,
2026-08-17T16:57:11.227108,WG,72119581,"$4,883.27","MCKINNEY, TX",08/19 09:00,"GREENVILLE, NC",08/20 13:24,"1,397","1,265","ORDER NOTE: AN APPOINTMENT IS SET FOR THURSDAY, AUG. 20 @ 2PM.",2662,1.83,28,
2026-08-17T17:31:48.161515,WG,72119588,"$2,026.10","PITTSBURGH, PA",08/20 13:30,"BROOKS, KY",08/21 08:00,"2,404",403,NO NOTES,2807,0.72,2,
2026-08-17T18:10:01.355070,WG,72119640,$964.96,"SHEPHERDSVILLE, KY",08/20 15:00,"GROVE CITY, OH",08/21 08:00,"2,072",216,BAX5100: MUST HAVE TEAM DRIVERS FOR ALL RUNS NO MATTER WHAT THE MILEAGE IS.,2288,0.42,1,
2026-08-17T18:45:06.313408,WG,72119685,"$1,742.09","ALLENTOWN, PA",08/20 08:00,"LOCKBOURNE, OH",08/21 09:00,"2,660",448,L1244392: TEAM DRIVERS ONLY FOR ALL TAKEDA RUNS,3108,0.56,1,
2026-08-17T19:01:38.800662,WG,72119569,"$5,208.38","PORTLAND, OR",08/19 11:00,"CHANDLER, AZ",08/21 16:30,994,"1,364",HE MATERIAL BEING DELIVERED IS OWNED BY NIKON NOT INTEL AND MUST BE DELIVERED TO A NIKON EMPLOYEE DIRECTLY (NOT INTEL).  THE RECEIVER'S COMPANY NAME IS REQUIRED ON THE BILL OF LADING AT SIGNOFF RECEIPT AND NEEDS TO BE INCLUDED WITH POD DETAILS.,2358,2.21,38,
2026-08-17T19:38:02.651892,SE,72119642,"$2,917.41","INDIANAPOLIS, IN",08/18 07:00,"OCALA, FL",08/19 08:00,"2,042",912,NO NOTES,2954,0.99,3,
2026-08-17T19:58:05.956923,WG,72119564,"$20,294.86","GREENVILLE, NC",08/19 13:00,"WALTHAM, MA",08/24 08:00,"2,592","4,984",DRIVER MUST GET SIGNATURE IN PHOENIX BEFORE THEY TURN AROUND,7576,2.68,65,
2026-08-17T20:01:57.616601,WG,72119561,"$20,294.86","GREENVILLE, NC",08/19 13:00,"WALTHAM, MA",08/24 08:00,"2,592","4,984",DRIVER MUST GET SIGNATURE IN PHOENIX BEFORE THEY TURN AROUND,7576,2.68,65,
2026-08-17T20:03:43.717454,SE,72119605,$725.96,"MIDLOTHIAN, VA",08/20 14:00,"ALLENTOWN, PA",08/21 10:00,"2,556",300,NO NOTES,2856,0.25,1,
2026-08-17T20:30:42.799958,WG,72119644,"$1,666.64","LOCKBOURNE, OH",08/19 18:00,"NEWARK, DE",08/20 07:00,"2,227",467,BAX5100: MUST HAVE TEAM DRIVERS FOR ALL RUNS NO MATTER WHAT THE MILEAGE IS.,2694,0.62,1,
2026-08-17T21:02:37.958619,WG,72119649,"$2,036.49","CHARLES CITY, IA",08/20 10:00,"CINCINNATI, OH",08/21 11:00,"1,798",607,L1244392: TEAM DRIVERS ONLY FOR ALL TAKEDA RUNS,2405,0.85,2,
2026-08-17T22:21:32.182919,WG,72119606,"$1,988.86","BROWNSBURG, IN",08/18 08:05,"PHILADELPHIA, PA",08/19 08:00,"2,036",669,NO NOTES,2705,0.74,2,
2026-08-18T01:08:17.431537,WG,72119721,"$3,281.26","MEMPHIS, TN",08/19 10:00,"TEMPE, AZ",08/21 11:00,"1,774","1,429",NO NOTES,3203,1.02,4,
2026-08-18T07:09:38.627719,WG,72063072,$864.65,"LOUISVILLE, KY",08/20 15:00,"GROVEPORT, OH",08/20 23:00,"2,062",223,NO NOTES,2285,0.38,1,
2026-08-18T07:29:47.425511,WG,"MOUNT VERNON, IN","$4,924.27",,08/19 12:00,"SOUTH SAN FRANCISCO, CA",08/21 12:38,"1,948","2,216",PLEASE ARRIVE AT PICKUP IN RANGE*SET POINT 5C,4164,1.18,9,
2026-08-18T07:50:55.363986,WG,72119655,"$4,742.23","SHEPHERDSVILLE, KY",08/19 12:00,"TEMPE, AZ",08/22 12:00,"2,072","1,728",BAX5100: MUST HAVE TEAM DRIVERS FOR ALL RUNS NO MATTER WHAT THE MILEAGE IS.,3800,1.25,11,
2026-08-18T08:16:59.457889,WG,72119738,"$1,082.13","MORRISVILLE, NC",08/20 09:00,"WILMINGTON, NC",08/20 13:31,"2,499",142,NO NOTES,2641,0.41,1,
2026-08-18T08:38:35.193277,WG,72119584,,,,,,,,NO NOTES,,,1,
2026-08-18T09:03:06.188619,WG,72119742,"$1,773.98","LOCKBOURNE, OH",08/20 09:00,"NEWARK, DE",08/21 08:00,"2,227",467,IC7875: ENSURE THAT YOU HAVE THE ENTIRE BOL FILLED OUT AT THIS LOCATION.,2694,0.66,1,
2026-08-18T09:17:42.067331,WG,72119746,"$7,303.19","WILMINGTON, MA",08/21 12:00,"SUNNYVALE, CA",08/24 11:00,"2,967","3,136",NO NOTES,6103,1.20,12,
2026-08-18T09:28:55.741972,WG,72119736,"$2,797.31","HOUSTON, TX",08/19 09:00,"LYNCHBURG, VA",08/20 13:01,"1,535","1,247",NO NOTES,2782,1.01,3,
2026-08-18T09:31:19.078338,WG,72119735,"$2,533.90","BLOOMINGTON, IN",08/20 13:00,"EAST GREENBUSH, NY",08/21 08:22,"2,021",840,NO NOTES,2861,0.89,2,
2026-08-18T09:37:47.426866,WG,72119749,"$2,526.48","BLOOMINGTON, IN",08/20 13:30,"RENSSELAER, NY",08/21 08:48,"2,021",837,NO NOTES,2858,0.88,2,
2026-08-18T09:59:47.570467,SE,72119779,"$1,368.55","NEW ALBANY, OH",08/19 10:00,"SYRACUSE, NY",08/20 08:00,"2,226",459,NO NOTES,2685,0.51,1,
2026-08-18T10:04:10.315702,SE,72119751,"$2,940.06","LEWISVILLE, TX",08/19 09:00,"MIAMI, FL",08/20 15:12,"1,411","1,349",NO NOTES,2760,1.07,4,
2026-08-18T10:51:46.339940,WG,72119612,"$3,009.58","GREENVILLE, NC",08/20 08:00,"LA VERGNE, TN",08/21 07:30,"2,592",617,NO NOTES,3209,0.94,3,
2026-08-18T10:52:06.467645,WG,72119783,"$1,195.78","NEW BRUNSWICK, NJ",08/20 09:30,"BETHLEHEM, PA",08/20 12:12,"2,730",57,NO NOTES,2787,0.43,1,
2026-08-18T10:52:17.203977,WG,72119782,"$1,512.88","SINKING SPRING, PA",08/20 14:00,"PORTSMOUTH, NH",08/21 08:00,"2,639",390,NO NOTES,3029,0.50,1,
2026-08-18T10:59:07.066515,WG,72119786,"$2,167.04","MACUNGIE, PA",08/20 08:00,"BROOKS, KY",08/21 08:00,"2,662",660,NO NOTES,3322,0.65,2,
2026-08-18T11:02:30.783363,WG,72119787,"$2,167.04","MACUNGIE, PA",08/20 08:00,"BROOKS, KY",08/21 08:00,"2,662",660,NO NOTES,3322,0.65,2,
2026-08-18T11:17:42.572570,SE,72119789,"$1,352.06","NORWOOD, OH",08/19 14:00,"WOOD DALE, IL",08/20 10:00,"2,146",317,ORDER NOTE: NOT ALLOW OVERNIGHT PARKING AROUND THE BUILDING - ANY VIOLATIONS WILL BE REPORTED TO THE POLICE.,2463,0.55,1,
2026-08-18T11:30:37.901695,WG,72119792,"$2,943.54","BLOOMINGTON, IN",08/20 09:00,"ALLENTOWN, PA",08/21 08:00,"2,024",676,NO NOTES,2700,1.09,5,
2026-08-18T11:31:28.020997,SE,72119790,"$5,371.72","WOODBURY, MN",08/18 12:09,"NORTHRIDGE, CA",08/20 07:12,"1,904","1,953",NO NOTES,3857,1.39,16,
2026-08-18T11:31:32.842450,SE,72119750,"$5,424.52","AKRON, OH",08/18 13:00,"STOCKTON, CA",08/20 20:58,"2,340","2,443",NO NOTES,4783,1.13,9,
2026-08-18T11:38:32.675155,WG,72119793,$923.24,"WAYNE, NJ",08/20 10:00,"CARTERET, NJ",08/20 10:00,"2,744",33,NO NOTES,2777,0.33,1,
2026-08-18T11:45:54.996884,SE,72119795,"$1,172.13","WARREN, NJ",08/19 09:00,"WASHINGTON, DC",08/19 15:05,"2,723",216,NO NOTES,2939,0.40,1,
2026-08-18T11:51:45.150502,WG,72119845,"$1,672.81","WILMINGTON, DE",08/21 06:00,"BROOKHAVEN, NY",08/21 11:42,"2,667",198,NO NOTES,2865,0.58,1,
2026-08-18T11:52:02.863609,SE,72119797,$631.01,"WARREN, NJ",08/19 09:00,"PHILADELPHIA, PA",08/19 11:49,"2,723",62,NO NOTES,2785,0.23,1,
2026-08-18T12:15:34.094436,WG,72119860,"$1,901.93","TEMPE, AZ",08/19 15:00,"SANTA FE SPRINGS, CA",08/20 13:00,358,375,NO NOTES,733,2.59,46,
2026-08-18T12:37:49.631829,WG,72119864,"$1,810.67","BROOKS, KY",08/20 19:30,"KANSAS CITY, MO",08/21 09:00,"2,067",525,IC7875: ENSURE THAT YOU HAVE THE ENTIRE BOL FILLED OUT AT THIS LOCATION.,2592,0.70,2,
2026-08-18T13:03:34.953439,SE,72119880,$437.76,"COMPTON, CA",08/18 17:00,"VALENCIA, CA",08/18 19:35,39,51,NO NOTES,90,4.86,70,
2026-08-18T13:10:22.662569,WG,72119853,"$1,240.81","WILMINGTON, DE",08/21 07:00,"NEWTOWN, PA",08/21 09:45,"2,667",59,NO NOTES,2726,0.46,1,
2026-08-18T13:10:25.456251,WG,72119886,"$8,415.01","WALKERSVILLE, MD",08/21 08:00,"SEATTLE, WA",08/24 12:00,"2,575","2,728",NO NOTES,5303,1.59,24,
2026-08-18T13:30:13.003927,WG,72119907,$970.54,"MOUNT VERNON, IN",08/20 08:30,"BROOKS, KY",08/20 13:15,"1,948",153,**PLEASE BE SURE YOU ARE IN RANGE WHEN YOU ARRIVE* SET POINT 5C**,2101,0.46,1,
2026-08-18T14:02:01.441611,WG,72119942,"$2,542.00","SHEPHERDSVILLE, KY",08/20 12:00,"FLOWER MOUND, TX",08/21 09:00,"2,072",840,BAX5100: MUST HAVE TEAM DRIVERS FOR ALL RUNS NO MATTER WHAT THE MILEAGE IS.,2912,0.87,2,
2026-08-18T14:02:38.185989,WG,72119941,"$1,428.62","WILMINGTON, DE",08/21 05:00,"WESTMINSTER, MD",08/21 08:36,"2,667",99,NO NOTES,2766,0.52,1,
2026-08-18T14:16:34.628725,WG,72119909,"$2,116.65","LOUISVILLE, KY",08/20 09:00,"OVERLAND PARK, KS",08/21 09:00,"2,062",527,NO NOTES,2589,0.82,2,
2026-08-18T14:30:43.559028,SE,72119911,"$4,087.63","GRAND PRAIRIE, TX",08/19 11:00,"ASTORIA, NY",08/21 08:00,"1,403","1,575",NO NOTES,2978,1.37,14,
2026-08-18T14:30:55.400821,SE,72119952,$804.01,"BOSTON, MA",08/20 09:00,"WINDSOR, CT",08/20 15:20,"2,964",110,NO NOTES,3074,0.26,1,
2026-08-18T14:51:27.348104,WG,72119953,"$2,482.60","SANFORD, NC",08/20 13:30,"CHESTERFIELD, MO",08/21 10:00,"2,489",817,NO NOTES,3306,0.75,2,
2026-08-18T15:02:01.880165,WG,72119915,"$1,048.84","NEW BRUNSWICK, NJ",08/20 09:45,"LANCASTER, PA",08/20 13:46,"2,730",119,NO NOTES,2849,0.37,1,
2026-08-18T15:02:08.317804,WG,72119954,$943.79,"NEW BRUNSWICK, NJ",08/20 10:00,"LEBANON, NJ",08/20 12:01,"2,730",25,ORDER NOTE: PLEASE MAKE SURE TEMP RANGE IS BETWEEN 15 TO 25C WITH SET POINT AT 20C.,2755,0.34,1,
2026-08-18T15:15:55.705180,WG,72119956,"$3,051.65","PHILADELPHIA, PA",08/20 14:00,"INDIANAPOLIS, IN",08/21 08:00,"2,694",671,NO NOTES,3365,0.91,3,
2026-08-18T15:16:03.347852,WG,72119957,"$2,774.18","PHILADELPHIA, PA",08/20 15:00,"INDIANAPOLIS, IN",08/21 09:00,"2,694",671,NO NOTES,3365,0.82,2,
2026-08-18T15:29:32.464101,WG,72119998,"$1,069.23","PHILADELPHIA, PA",08/20 09:00,"LANCASTER, PA",08/20 12:17,"2,694",84,NO NOTES,2778,0.38,1,
2026-08-18T15:44:36.858913,SE,72120001,"$1,527.53","LENEXA, KS",08/20 13:00,"CHICAGO, IL",08/21 08:00,"1,581",528,NO NOTES,2109,0.72,1,
2026-08-18T16:02:29.270500,WG,72119991,"$2,454.06","SAINT LOUIS, MO",08/23 10:00,"LONDON, ON",08/24 07:00,"1,791",657,NO NOTES,2448,1.00,2,
2026-08-18T16:03:03.594187,SE,72118244,$882.98,"INDIANAPOLIS, IN",08/23 16:00,"LOUISVILLE, KY",08/23 19:54,"2,035",113,NO NOTES,2148,0.41,1,
2026-08-18T16:44:37.709961,SE,72119974,$704.85,"CANTON, MA",08/19 08:00,"SMITHFIELD, RI",08/19 10:12,"2,964",33,NO NOTES,2997,0.24,1,
2026-08-18T17:02:24.433414,WG,72115201,"$1,585.94","SHEPHERDSVILLE, KY",08/23 17:00,"WARRENDALE, PA",08/24 08:00,"2,072",417,BAX5100: MUST HAVE TEAM DRIVERS FOR ALL RUNS NO MATTER WHAT THE MILEAGE IS.,2489,0.64,1,
2026-08-18T17:30:26.250941,SE,72120023,"$1,172.45","BATESVILLE, MS",08/18 19:00,"LAFAYETTE, IN",08/19 08:15,"1,822",553,NO NOTES,2375,0.49,1,
2026-08-18T17:35:54.864257,WG,72120021,"$3,084.01","HOUSTON, TX",08/19 17:00,"SANTA TERESA, NM",08/20 10:31,"1,515",753,SMITH53: DRIVERS WILL BE REQUIRED AND ASKED TO PROVIDE CELL PHONE #'S TO CUSTOMER. DRIVERS WHO ACCEPT THE LOAD AND THEN REFUSE TO COMPLY SHOULD UNDERSTAND THAT THEY WILL BE REMOVED FROM THE SHIPMENT,2268,1.36,13,
2026-08-18T18:03:25.681630,SE,72059834,"$1,724.10","SUGAR LAND, TX",08/23 18:00,"OKLAHOMA CITY, OK",08/24 05:52,"1,515",459,"OKL2SO: BASEBALL EQUIPMENT/DRIVER MAY BE REQUESTED TO HELP WITH LOADING/UNLOADING/PCS,WT MAY VARY",1974,0.87,1,
2026-08-18T18:03:28.993084,SE,72070456,"$2,389.78","ALBUQUERQUE, NM",08/23 18:00,"ROUND ROCK, TX",08/24 10:52,760,699,BASEBALL EQ PCS & WGT VARIES DRIVER MAY HAVE TO HELP WITH LOADING/UNLOADING,1459,1.64,20,
2026-08-18T18:29:53.625732,WG,72120052,$979.03,"MIRA LOMA, CA",08/20 11:00,"LA VERNE, CA",08/20 12:58,22,22,NO NOTES,44,22.25,71,
2026-08-18T18:37:12.333587,WG,72120082,"$1,563.27","GREENVILLE, NC",08/20 15:00,"ALLENTOWN, PA",08/21 08:00,"2,592",451,NO NOTES,3043,0.51,1,
2026-08-18T18:38:02.312500,SE,72072834,"$2,492.38","EL PASO, TX",08/23 18:30,"OKLAHOMA CITY, OK",08/24 09:00,776,674,BASEBALL EQ PCS & WGT MAY VARIE . MAY NEED TO ASSIST IN LOADING/UNLOADING,1450,1.72,22,
2026-08-18T18:38:04.844627,SE,72084575,$725.93,"WEST SACRAMENTO, CA",08/23 18:30,"RENO, NV",08/23 22:52,407,135,BASEBALL EQ/ PCS & WGT VARY/ MAY HAVE TO ASSIST WITH LOADING/UNLOADING,542,1.34,10,
2026-08-18T18:43:23.178956,WG,72120053,"$1,051.54","LOCKBOURNE, OH",08/20 09:00,"BROOKS, KY",08/20 15:12,"2,227",221,NO NOTES,2448,0.43,1,
2026-08-18T18:43:49.523270,WG,72120086,"$1,568.22","GREENVILLE, NC",08/20 14:00,"PHILADELPHIA, PA",08/21 08:00,"2,592",432,NO NOTES,3024,0.52,1,
2026-08-18T19:02:45.780344,SE,72082118,"$2,228.19","ALBUQUERQUE, NM",08/23 19:00,"LAS VEGAS, NV",08/24 09:00,760,588,L1131164: DRIVER MAY BE REQUESTED TO HELP WITH LOADING/UNLOADING.,1348,1.65,20,
2026-08-18T19:37:36.463062,SE,72084309,"$2,144.02","MEMPHIS, TN",08/23 19:30,"CHARLOTTE, NC",08/24 10:40,"1,764",619,NO NOTES,2383,0.90,2,
2026-08-18T19:37:39.211219,SE,72078129,"$2,538.28","WEST SACRAMENTO, CA",08/23 19:30,"TACOMA, WA",08/24 12:51,407,722,BASEBALL EQ PCS & WEIGHT WILL VARY/ MAY HAVE TO HELP WITH LOADING/UNLOADING EQUIPMENT,1129,2.25,37,
2026-08-18T20:16:14.769870,SE,72120096,$499.33,"BRIDGETON, MO",08/19 09:00,"SAINT CHARLES, MO",08/19 11:00,"1,791",12,NO NOTES,1803,0.28,1,
2026-08-18T21:23:27.311779,SE,72116749,"$3,459.76","PAPILLION, NE",08/23 21:15,"ROCHESTER, NY",08/24 21:22,"1,512","1,063",NO NOTES,2575,1.34,13,
2026-08-18T22:30:27.774570,SE,72120103,"$1,148.85","GOLDSBORO, NC",08/18 23:59,"ATHENS, GA",08/19 09:49,"2,564",392,NO NOTES,2956,0.39,1,
2026-08-18T22:37:35.992789,SE,72074207,"$2,037.72","SOUTH JORDAN, UT",08/23 22:30,"RENO, NV",08/24 12:11,645,526,"F1126192: DRIVER MAY BE REQUESTED TO HELP WITH LOADING/UNLOADING BASEBALL EQUIPMENT, PCS/WT VARY",1171,1.74,22,
2026-08-19T05:29:37.854185,WG,72120109,"$2,453.49","FISHERS, IN",08/20 09:00,"RENSSELAER, NY",08/21 09:00,"2,061",792,NO NOTES,2853,0.86,2,
2026-08-19T05:30:20.927113,WG,72120110,"$1,031.19","BROOKS, KY",08/21 07:00,"ITASCA, IL",08/21 16:00,"2,067",336,NO NOTES,2403,0.43,1,
2026-08-19T07:02:18.584477,WG,72120107,"$6,687.79","LOCKBOURNE, OH",08/24 07:00,"MONTCLAIR, CA",08/26 11:00,"2,227","2,228",IC7875: ENSURE THAT YOU HAVE THE ENTIRE BOL FILLED OUT AT THIS LOCATION.,4455,1.50,20,
2026-08-19T07:29:11.703742,WG,72120128,"$1,529.62","KANKAKEE, IL",08/20 08:30,"SAINT LOUIS, MO",08/20 15:22,"1,981",253,NO NOTES,2234,0.68,1,
2026-08-19T07:37:27.538930,WG,72061118,"$1,214.54","LOUISVILLE, KY",08/24 07:30,"LA VERGNE, TN",08/24 14:23,"2,062",183,NO NOTES,2245,0.54,1,
2026-08-19T07:43:46.448668,WG,72120129,"$1,834.75","CINCINNATI, OH",08/20 13:00,"MIDDLETON, WI",08/21 11:00,"2,153",462,NO NOTES,2615,0.70,2,
2026-08-19T08:01:23.760525,WG,72120130,$988.93,"LOCKBOURNE, OH",08/20 08:00,"SHEPHERDSVILLE, KY",08/20 14:18,"2,227",226,BAX5100: MUST HAVE TEAM DRIVERS FOR ALL RUNS NO MATTER WHAT THE MILEAGE IS.,2453,0.40,1,
2026-08-19T08:02:58.155018,WG,72120112,$877.63,"GREENVILLE, NC",08/24 08:00,"DURHAM, NC",08/24 13:00,"2,592",103,NO NOTES,2695,0.33,1,
2026-08-19T08:03:00.691681,WG,72113881,"$1,222.60","GROVE CITY, OH",08/24 08:00,"WHITESTOWN, IN",08/24 14:00,"2,217",198,"PR2297: IF PALLET JACK REQUESTED NEED TO MAKE SURE IT'S ACCESSIBLE TO OFFLOAD TRK. DRIVERS MAY NEED TO OFFLOAD TRK TO DOCK AT DELIVERIES, ESPECIALLY NC AND FL.",2415,0.51,1,
2026-08-19T08:03:03.201895,WG,72111884,"$1,092.91","LOUISVILLE, KY",08/24 08:00,"LOUISVILLE, KY",08/24 08:00,"2,062",0,L1068563: YOU MUST HAVE ALL OF YOUR USEABLE SPACE AVAILABLE. PLEASE ENSURE PERSONAL BELONGINGS ARE STOWED APPROPRIATELY.,2062,0.53,1,
2026-08-19T08:03:05.994341,WG,72119788,$979.33,"BOSTON, MA",08/24 08:00,"BOSTON, MA",08/24 17:00,"2,964",109,NO NOTES,3073,0.32,1,
2026-08-19T08:03:09.217751,WG,72120037,"$3,048.99","NEWARK, DE",08/24 08:00,"SHEPHERDSVILLE, KY",08/25 09:00,"2,680",678,NO NOTES,3358,0.91,3,
2026-08-19T08:03:47.003594,SE,72119430,"$1,677.19","HYATTSVILLE, MD",08/24 08:00,"SAINT FRANCIS, WI",08/25 14:00,"2,614",795,NO NOTES,3409,0.49,1,
2026-08-19T08:09:27.705142,WG,72120141,"$1,084.72","ROBBINSVILLE, NJ",08/21 11:00,"BREINIGSVILLE, PA",08/21 13:00,"2,714",79,NO NOTES,2793,0.39,1,
2026-08-19T08:09:42.354586,WG,72119872,"$3,053.95","LAFAYETTE, IN",08/24 08:00,"QUAKERTOWN, PA",08/25 08:00,"2,065",704,NO NOTES,2769,1.10,6,
2026-08-19T08:16:32.352640,SE,72120117,"$1,223.91","ERIE, PA",08/19 11:00,"LAFAYETTE, IN",08/19 21:15,"2,407",412,NO NOTES,2819,0.43,1,
2026-08-19T08:22:39.810212,WG,72120143,"$2,697.29","WILMINGTON, NC",08/20 13:30,"INDIANAPOLIS, IN",08/21 08:00,"2,576",760,NO NOTES,3336,0.81,2,
2026-08-19T08:38:06.136891,SE,72119276,"$2,372.70","SPARKS, NV",08/24 08:30,"PENDLETON, OR",08/25 14:45,545,982,DRIVERS MAY NEED TO HELP LOAD THEIR TRUCK DRIVERS MUST BRING THEIR OWN BOL DRIVERS NEED TO MAKE SURE THE RIGHT FREIGHT IS LOADED UNTO THE CORRECT TRUCK,1527,1.55,18,
2026-08-19T08:38:09.537097,SE,72119272,"$2,259.25","SPARKS, NV",08/24 08:30,"SAN JOSE, CA",08/25 10:00,545,925,DRIVERS MAY NEED TO HELP LOAD THEIR TRUCK DRIVERS MUST BRING THEIR OWN BOL DRIVERS NEED TO MAKE SURE THE RIGHT FREIGHT IS LOADED UNTO THE CORRECT TRUCK,1470,1.54,17,
2026-08-19T08:38:12.286734,SE,72119275,"$2,015.37","SPARKS, NV",08/24 08:30,"SEATTLE, WA",08/25 12:49,545,760,DRIVERS MAY NEED TO HELP LOAD THEIR TRUCK DRIVERS MUST BRING THEIR OWN BOL DRIVERS NEED TO MAKE SURE THE RIGHT FREIGHT IS LOADED UNTO THE CORRECT TRUCK,1305,1.54,17,
2026-08-19T08:38:15.249993,SE,72119274,"$1,143.95","SPARKS, NV",08/24 08:30,"SAN FRANCISCO, CA",08/25 09:00,545,316,DRIVERS MAY NEED TO HELP LOAD THEIR TRUCK DRIVERS MUST BRING THEIR OWN BOL DRIVERS NEED TO MAKE SURE THE RIGHT FREIGHT IS LOADED UNTO THE CORRECT TRUCK,861,1.33,10,
2026-08-19T08:38:18.029748,SE,72119271,"$1,907.48","SPARKS, NV",08/24 08:30,"GLENDALE, CA",08/25 14:25,545,647,DRIVERS MAY NEED TO HELP LOAD THEIR TRUCK DRIVERS MUST BRING THEIR OWN BOL DRIVERS NEED TO MAKE SURE THE RIGHT FREIGHT IS LOADED UNTO THE CORRECT TRUCK,1192,1.60,18,
2026-08-19T08:38:20.737318,SE,72119273,"$1,404.38","SPARKS, NV",08/24 08:30,"DELANO, CA",08/25 11:00,545,453,DRIVERS MAY NEED TO HELP LOAD THEIR TRUCK DRIVERS MUST BRING THEIR OWN BOL DRIVERS NEED TO MAKE SURE THE RIGHT FREIGHT IS LOADED UNTO THE CORRECT TRUCK,998,1.41,13,
2026-08-19T09:02:49.454189,WG,72113756,"$1,267.60","ALLENTOWN, PA",08/24 09:00,"RENSSELAER, NY",08/24 15:08,"2,660",218,NO NOTES,2878,0.44,1,
2026-08-19T09:02:52.307092,WG,72113767,"$1,351.06","PHILADELPHIA, PA",08/24 09:00,"RENSSELAER, NY",08/24 15:07,"2,694",217,NO NOTES,2911,0.46,1,
2026-08-19T09:02:55.373999,WG,72102691,"$2,754.68","LA VERGNE, TN",08/24 09:00,"FAIRFIELD, NJ",08/25 05:03,"1,990",872,"CORD11: TRUCK MUST HAVE FULL AMOUNT OF USABLE SPACE FOR THE TRUCK SIZE REQUESTED, 20FT OF USABLE SPACE, 12FT OF USABLE SPACE, 53FT OF USABLE SPACE.",2862,0.96,2,
2026-08-19T09:02:59.313747,WG,72119488,"$2,470.81","CLEARWATER, FL",08/24 09:00,"MEMPHIS, TN",08/25 13:00,"2,473",770,NO NOTES,3243,0.76,2,
2026-08-19T09:03:02.672022,WG,72119530,"$2,196.09","WEBSTER, TX",08/24 09:00,"KENNEDY SPACE CENTER, FL",08/25 09:00,"1,550","1,014",NO NOTES,2564,0.86,2,
2026-08-19T09:09:49.933813,WG,72119234,"$7,381.73","DORAL, FL",08/24 09:00,"COSTA MESA, CA",08/27 12:00,"2,710","2,725","TR30SU: PLEASE USE STRAPS AT ALL TIMES, CALL TCI WITH ANY EXCEPTIONS DURING BUSINESS HOURS ONLY",5435,1.36,17,
2026-08-19T09:10:00.273590,WG,72112358,"$7,065.21","AIKEN, SC",08/24 09:00,"LIVERMORE, CA",08/26 17:58,"2,321","2,607",NO NOTES,4928,1.43,18,
2026-08-19T09:10:07.665087,WG,72118995,"$4,075.50","LAKEWOOD, NJ",08/24 09:00,"DURHAM, NC",08/25 07:30,"2,741",466,NO NOTES,3207,1.27,11,
2026-08-19T09:10:15.470447,WG,72120008,"$2,670.85","HOUSTON, TX",08/24 09:00,"LITTLETON, CO",08/25 08:46,"1,552","1,047",NO NOTES,2599,1.03,3,
2026-08-19T09:10:23.113905,WG,72119999,"$1,366.85","LAKEWOOD, NJ",08/24 09:00,"RARITAN, NJ",08/24 11:28,"2,741",46,NO NOTES,2787,0.49,1,
2026-08-19T09:29:40.539859,WG,72119848,"$1,778.13","RIVERVIEW, MI",08/20 15:00,"BROOKS, KY",08/21 08:00,"2,247",358,NO NOTES,2605,0.68,1,
2026-08-19T09:37:52.862525,WG,72060340,"$2,199.17","LOUISVILLE, KY",08/24 09:30,"OLIVE BRANCH, MS",08/25 07:00,"2,062",382,"TVAL 36-46 C SP 40 C, DRIVER SECURE, NON HAZ PHARMACEUTICALS",2444,0.90,2,
2026-08-19T09:37:55.782312,WG,72120041,"$1,278.51","LYNCHBURG, VA",08/24 09:30,"ERWIN, TN",08/25 07:00,"2,463",240,MUST BE TWO DRIVERS THAT ARE US CITIZENS WITH NO DUAL CITIZENSHIP. NO PETS.,2703,0.47,1,
2026-08-19T09:51:44.093851,SE,72120198,"$1,493.99","BROADVIEW, IL",08/19 13:45,"SENECA, SC",08/20 08:00,"1,974",756,NO NOTES,2730,0.55,1,
2026-08-19T10:02:58.383753,WG,72119457,"$4,656.81","MEMPHIS, TN",08/24 10:00,"CHANDLER, AZ",08/26 12:00,"1,776","1,441",ORDER NOTE: TO-2026-153,3217,1.45,17,
2026-08-19T10:03:06.147487,WG,72120003,"$2,625.12","SAINT LOUIS, MO",08/24 10:00,"WILLIAMSBURG, VA",08/25 12:24,"1,791",870,NO NOTES,2661,0.99,2,
2026-08-19T10:09:56.899953,WG,72119075,"$3,423.30","OKLAHOMA CITY, OK",08/24 10:00,"TORRANCE, CA",08/25 16:05,"1,297","1,344",NO NOTES,2641,1.30,11,
2026-08-19T10:29:23.593216,WG,72120177,"$3,433.27","CENTRAL ISLIP, NY",08/20 11:00,"MASON, OH",08/21 08:00,"2,811",667,NO NOTES,3478,0.99,3,
2026-08-19T10:30:03.472916,WG,72120176,"$12,595.10","PEPPERELL, MA",08/24 08:30,"VISTA, CA",08/27 02:20,"2,962","3,024",NO NOTES,5986,2.10,42,
2026-08-19T10:35:34.696704,WG,72119599,"$1,965.38","MANCHESTER, PA",08/19 13:00,"GROVEPORT, OH",08/19 22:00,"2,598",380,***PLEASE ARRIVE AT PICKUP IN RANGE**SET POINT 20C*** OK TO DEPART WITH WHATEVER IS LOADED,2978,0.66,2,
2026-08-19T10:38:23.160597,SE,72120183,"$2,881.86","GLENDALE HEIGHTS, IL",08/21 12:00,"DURHAM, NC",08/24 09:00,"1,969",808,NO NOTES,2777,1.04,4,
2026-08-19T10:38:57.839413,SE,72119900,$657.10,"BALTIMORE, MD",08/24 10:30,"FREDERICK, MD",08/24 13:06,"2,618",52,NO NOTES,2670,0.25,1,
2026-08-19T10:45:24.915395,SE,72120202,"$2,050.70","RENSSELAER, NY",08/19 15:00,"LANCASTER, PA",08/20 08:00,"2,788",295,NO NOTES,3083,0.67,2,
2026-08-19T10:51:39.824468,WG,72111087,"$2,431.79","LA VERGNE, TN",08/24 10:45,"RICHARDSON, TX",08/25 10:45,"1,990",684,"CORD11: TRUCK MUST HAVE FULL AMOUNT OF USABLE SPACE FOR THE TRUCK SIZE REQUESTED, 20FT OF USABLE SPACE, 12FT OF USABLE SPACE, 53FT OF USABLE SPACE.",2674,0.91,2,
2026-08-19T10:51:50.745076,SE,72120204,"$2,594.99","GLENS FALLS, NY",08/19 16:00,"CEDAR RAPIDS, IA",08/20 15:59,"2,798","1,057",NO NOTES,3855,0.67,2,
2026-08-19T10:59:30.184735,SE,72120165,"$2,340.90","SALEM, NH",08/24 10:00,"LOUISVILLE, KY",08/25 10:00,"2,981",974,NEED LIFT GATE AND PALLET JACK,3955,0.59,2,
2026-08-19T11:02:50.360093,WG,72120173,"$3,300.50","BLOOMINGTON, IN",08/24 11:00,"GARNER, NC",08/25 11:00,"2,021",661,NO NOTES,2682,1.23,9,
2026-08-19T11:02:54.273985,WG,72119177,"$1,206.40","SAINT LOUIS, MO",08/24 11:00,"INDIANAPOLIS, IN",08/25 08:00,"1,791",237,NO NOTES,2028,0.59,1,
2026-08-19T11:02:57.032648,WG,72102680,$934.20,"LA VERGNE, TN",08/24 11:00,"MEMPHIS, TN",08/24 16:58,"1,990",210,UP TO 6 PALLETS,2200,0.42,1,
2026-08-19T11:03:00.359863,WG,72110130,"$10,703.51","LA VERNE, CA",08/24 11:00,"LA VERNE, CA",08/26 17:35,0,"2,448","'D', 93"" I/S WIDTH MINIMUM & TAG/3RD AXEL (OR ER-UNIT) FOR LARGE PHARMA. TANK IN METAL RACK",2448,4.37,80,
2026-08-19T11:03:10.863719,SE,72120221,$918.56,"MECHANICSBURG, PA",08/19 16:00,"MILLBURN, NJ",08/20 09:00,"2,575",163,NO NOTES,2738,0.34,1,
2026-08-19T11:16:30.765409,WG,72120092,"$1,796.59","ALLENTOWN, PA",08/24 11:00,"LOCKBOURNE, OH",08/25 08:00,"2,660",523,NO NOTES,3183,0.56,1,
2026-08-19T11:16:33.875486,WG,72116039,"$8,134.19","MASPETH, NY",08/24 11:00,"SOUTH SAN FRANCISCO, CA",08/28 11:00,"2,773","2,927",NO NOTES,5700,1.43,19,
2026-08-19T11:38:22.363619,WG,72119995,"$2,335.33","SAINT LOUIS, MO",08/24 11:30,"HOUSTON, TX",08/25 08:00,"1,791",776,NO NOTES,2567,0.91,2,
2026-08-19T11:42:51.056628,WG,72120189,$155.37,"SPOONER, WI",08/19 18:30,"BOLINGBROOK, IL",08/20 08:00,"2,000",392,"HAZ FRT HAZ CLASS 1.4B DETONATORS, ELECTRIC, FOR BLASTING LATEST PU IS 1500 LOCAL",2392,0.06,1,
2026-08-19T12:01:33.794588,WG,72120225,"$1,925.06","LA VERGNE, TN",08/20 16:00,"CHICAGO, IL",08/21 09:00,"1,990",510,NO NOTES,2500,0.77,2,
2026-08-19T12:08:12.879116,WG,72120191,"$4,012.83","LA VERGNE, TN",08/20 13:00,"DORAL, FL",08/21 09:44,"1,990",904,NO NOTES,2894,1.39,14,
2026-08-19T12:09:30.772063,WG,72119486,"$2,782.29","GOLETA, CA",08/24 12:00,"BOULDER, CO",08/25 13:41,130,"1,137",NO NOTES,1267,2.20,36,
2026-08-19T12:09:33.555511,WG,72120175,"$2,554.58","BLOOMINGTON, IN",08/24 12:00,"TARRYTOWN, NY",08/25 08:30,"2,021",802,NO NOTES,2823,0.90,2,
2026-08-19T12:09:36.876316,WG,72110362,"$2,472.58","LA VERGNE, TN",08/24 12:00,"OMAHA, NE",08/25 09:00,"1,990",760,"CORD11: TRUCK MUST HAVE FULL AMOUNT OF USABLE SPACE FOR THE TRUCK SIZE REQUESTED, 20FT OF USABLE SPACE, 12FT OF USABLE SPACE, 53FT OF USABLE SPACE.",2750,0.90,2,
2026-08-19T12:09:40.505222,WG,72110307,"$3,272.66","LA VERGNE, TN",08/24 12:00,"LUBBOCK, TX",08/25 12:46,"1,990","1,044","CORD11: TRUCK MUST HAVE FULL AMOUNT OF USABLE SPACE FOR THE TRUCK SIZE REQUESTED, 20FT OF USABLE SPACE, 12FT OF USABLE SPACE, 53FT OF USABLE SPACE.",3034,1.08,5,
2026-08-19T12:36:47.702264,WG,72120227,"$1,196.99","ROBBINSVILLE, NJ",08/21 11:00,"ALLENTOWN, PA",08/21 14:04,"2,714",74,DO NOT ARRIVE MORE THAN 30 MINUTES PRIOR TO SCHEDULED PICKUP TIME,2788,0.43,1,
2026-08-19T12:38:11.114575,SE,72120193,$499.33,"DAYTON, OH",08/20 12:00,"VANDALIA, OH",08/20 13:45,"2,157",12,NO NOTES,2169,0.23,1,
2026-08-19T12:50:19.533596,WG,72120192,"$1,879.74","DURHAM, NC",08/20 13:00,"BETHLEHEM, PA",08/21 09:00,"2,491",467,NOTE: MUST BE FEDEX CC SURFACE EXPEDITE  LIFTGATE REQUIRED. ALSO DRIVER MUST BE A US CITIZEN AND HAVE VALID PASSPORT,2958,0.64,2,
2026-08-19T12:51:48.562939,WG,72120195,"$2,184.58","DURHAM, NC",08/24 12:00,"PHILADELPHIA, PA",08/25 08:00,"2,488",404,FED EX DRIVER(S) WILL UNLOAD SHIPMENT AND DELIVER TO THE 13TH FLOOR. THE FREIGHT ELEVATORS MUST BE USED.,2892,0.76,2,
2026-08-19T13:03:02.760536,WG,72114884,"$1,774.89","SHEPHERDSVILLE, KY",08/24 13:00,"DOTHAN, AL",08/25 09:00,"2,072",538,BAX5100: MUST HAVE TEAM DRIVERS FOR ALL RUNS NO MATTER WHAT THE MILEAGE IS.,2610,0.68,1,
2026-08-19T13:03:05.901941,WG,72120054,"$2,975.68","LA VERGNE, TN",08/24 13:00,"AUSTIN, TX",08/25 14:08,"1,990",860,NO NOTES,2850,1.04,4,
2026-08-19T13:03:10.198796,WG,72120108,"$2,686.52","FREDERICK, MD",08/24 13:00,"BROOKS, KY",08/25 08:00,"2,570",566,NO NOTES,3136,0.86,2,
2026-08-19T13:09:34.762149,WG,72110370,$939.03,"LA VERGNE, TN",08/24 13:00,"COLLIERVILLE, TN",08/25 09:00,"1,990",219,"CORD11: TRUCK MUST HAVE FULL AMOUNT OF USABLE SPACE FOR THE TRUCK SIZE REQUESTED, 20FT OF USABLE SPACE, 12FT OF USABLE SPACE, 53FT OF USABLE SPACE.",2209,0.43,1,
2026-08-19T13:09:42.734256,WG,72118991,"$1,121.39","OCEANSIDE, CA",08/24 13:00,"SANTA MONICA, CA",08/24 17:00,88,103,"L1145981: IF PICKING UP AT UPS MIRA LOMA, CA PU IS AT DOOR 2132.",191,5.87,71,
2026-08-19T13:09:45.914651,WG,72115432,$948.79,"SHEPHERDSVILLE, KY",08/24 13:00,"LA VERGNE, TN",08/25 07:00,"2,072",171,BAX5100: MUST HAVE TEAM DRIVERS FOR ALL RUNS NO MATTER WHAT THE MILEAGE IS.,2243,0.42,1,
2026-08-19T13:09:48.657011,WG,72110311,"$1,902.03","LA VERGNE, TN",08/24 13:00,"CORAOPOLIS, PA",08/25 08:00,"1,990",575,"CORD11: TRUCK MUST HAVE FULL AMOUNT OF USABLE SPACE FOR THE TRUCK SIZE REQUESTED, 20FT OF USABLE SPACE, 12FT OF USABLE SPACE, 53FT OF USABLE SPACE.",2565,0.74,2,
2026-08-19T13:10:03.360599,SE,72120197,"$1,566.14","BOONEVILLE, MS",08/19 18:00,"SEGUIN, TX",08/20 12:42,"1,874",809,NO NOTES,2683,0.58,1,
2026-08-19T13:28:47.178706,WG,72117005,"$2,792.36","WARNER ROBINS, GA",08/20 08:00,"ASHBURN, VA",08/21 00:19,"2,243",697,NO NOTES,2940,0.95,2,
2026-08-19T13:31:29.867851,SE,72120224,"$1,728.73","NEWARK, DE",08/20 09:30,"ALPHARETTA, GA",08/21 08:00,"2,664",742,NO NOTES,3406,0.51,1,
2026-08-19T13:36:56.642383,WG,72120260,"$1,031.19","BROOKS, KY",08/21 07:00,"ITASCA, IL",08/21 15:08,"2,067",336,NO NOTES,2403,0.43,1,
2026-08-19T13:44:58.700928,SE,72120233,"$1,666.20","CHICAGO, IL",08/20 09:00,"LENEXA, KS",08/21 08:00,"1,984",528,NO NOTES,2512,0.66,1,
2026-08-19T14:03:09.528807,WG,72115757,"$1,423.23","MIDDLETON, WI",08/24 14:00,"KALAMAZOO, MI",08/25 08:00,"1,941",305,NO NOTES,2246,0.63,1,
2026-08-19T14:03:13.267257,WG,72119463,"$1,324.14","INDIANAPOLIS, IN",08/24 14:00,"ERIE, PA",08/25 08:00,"2,046",409,NO NOTES,2455,0.54,1,
2026-08-19T14:03:17.830169,WG,72102608,"$1,738.57","LA VERGNE, TN",08/24 14:00,"RALEIGH, NC",08/25 08:00,"1,990",522,"CORD11: TRUCK MUST HAVE FULL AMOUNT OF USABLE SPACE FOR THE TRUCK SIZE REQUESTED, 20FT OF USABLE SPACE, 12FT OF USABLE SPACE, 53FT OF USABLE SPACE.",2512,0.69,1,
2026-08-19T14:03:21.775937,WG,72102667,"$1,939.04","LA VERGNE, TN",08/24 14:00,"MONROEVILLE, PA",08/25 08:00,"1,990",587,"CORD11: TRUCK MUST HAVE FULL AMOUNT OF USABLE SPACE FOR THE TRUCK SIZE REQUESTED, 20FT OF USABLE SPACE, 12FT OF USABLE SPACE, 53FT OF USABLE SPACE.",2577,0.75,2,
2026-08-19T14:08:49.913599,WG,72119603,"$6,791.99","BETHLEHEM, PA",08/24 08:00,"LAREDO, TX",08/26 09:00,"2,672","1,894",NO NOTES,4566,1.49,20,
2026-08-19T14:10:36.834579,SE,72120234,"$2,331.86","RALEIGH, NC",08/20 13:00,"SALEM, NH",08/21 08:00,"2,512",724,NO NOTES,3236,0.72,2,
2026-08-19T14:30:41.355945,WG,72118827,"$5,087.70","PATASKALA, OH",08/24 14:00,"MIRAMAR, FL",08/26 08:00,"2,239","1,267",NO NOTES,3506,1.45,17,
2026-08-19T14:37:13.463150,WG,72120281,,,,,,,,NO NOTES,,,1,
2026-08-19T14:38:21.740953,WG,72095758,"$3,270.54","GLENCOE, MN",08/24 14:30,"BRANCHBURG, NJ",08/25 18:12,"1,846","1,232",FRT IS PIG SKINS/TVAL/TEAM DRIVERS/BE PREPARED TO DELIVER STRAIGHT THRU,3078,1.06,5,
2026-08-19T14:43:25.571345,WG,72120272,"$1,763.35","OLIVE BRANCH, MS",08/20 18:00,"LOUISVILLE, KY",08/21 08:00,"1,782",394,NO NOTES,2176,0.81,1,
2026-08-19T15:03:25.411537,WG,72113931,"$2,013.60","MEMPHIS, TN",08/24 15:00,"CANFIELD, OH",08/25 08:32,"1,779",754,"L1228142: TRACTOR SHIPMENTS MUST BE ABLE TO ACCOMODATE 26 PALLETS, NEED TO HAVE 53' OF SPACE, NO PALLET JACKS",2533,0.79,2,
2026-08-19T15:03:28.251247,WG,72102701,"$1,751.25","LA VERGNE, TN",08/24 15:00,"MOUNT PROSPECT, IL",08/25 07:00,"1,990",516,UP TO 6 PALLETS,2506,0.70,1,
2026-08-19T15:03:30.947094,WG,72120091,"$2,635.34","LA VERGNE, TN",08/24 15:00,"WEATHERFORD, TX",08/25 08:27,"1,990",750,NO NOTES,2740,0.96,2,
2026-08-19T15:03:33.646683,WG,72118438,"$1,224.98","MOUNT VERNON, IN",08/24 15:00,"OLIVE BRANCH, MS",08/25 02:00,"1,948",302,PLEASE BE IN RANGE WHEN YOU ARRIVE AT SHIPPER**SET POINT 5C,2250,0.54,1,
2026-08-19T15:03:36.608180,WG,72120223,"$1,695.20","WALKERSVILLE, MD",08/24 15:00,"AYER, MA",08/25 08:00,"2,575",445,NO NOTES,3020,0.56,1,
2026-08-19T15:09:59.912542,WG,72118837,"$2,910.64","PATASKALA, OH",08/24 13:30,"MARIETTA, GA",08/25 13:30,"2,239",676,NO NOTES,2915,1.00,3,
2026-08-19T15:10:20.361844,WG,72112527,"$2,022.01","SHEPHERDSVILLE, KY",08/24 15:00,"NEWARK, DE",08/25 08:00,"2,072",678,SHIPPER WILL HAVE AN ESCORT TRUCK FOLLOW FOR FIRST 100 MILES.OR THE WHOLE TRIP;CONF #:,2750,0.74,2,
2026-08-19T15:15:59.375546,WG,72120273,"$1,069.53","ALLENTOWN, PA",08/24 10:00,"NEW CASTLE, DE",08/24 13:18,"2,660",85,NO NOTES,2745,0.39,1,
2026-08-19T15:17:33.382893,SE,72120274,"$1,371.37","LANCASTER, TX",08/20 09:00,"HENDERSON, KY",08/21 08:00,"1,411",758,NO NOTES,2169,0.63,1,
2026-08-19T15:36:23.438965,WG,72120302,"$1,160.72","MALVERN, PA",08/21 11:00,"RARITAN, NJ",08/21 13:52,"2,662",65,NO NOTES,2727,0.43,1,
2026-08-19T15:38:30.400377,SE,72120286,$548.28,"SALISBURY, NC",08/20 08:00,"DURHAM, NC",08/20 11:44,"2,393",105,NO NOTES,2498,0.22,1,
2026-08-19T15:38:59.774669,SE,72120288,$548.28,"SALISBURY, NC",08/24 08:00,"DURHAM, NC",08/24 11:44,"2,393",105,NO NOTES,2498,0.22,1,
2026-08-19T15:43:10.526573,WG,72120287,"$6,957.46","LOUISVILLE, KY",08/21 08:00,"OLYMPIA, WA",08/24 08:00,"2,062","2,412",L1068563: YOU MUST HAVE ALL OF YOUR USEABLE SPACE AVAILABLE. PLEASE ENSURE PERSONAL BELONGINGS ARE STOWED APPROPRIATELY.,4474,1.56,22,
2026-08-19T15:45:41.657585,SE,72055144,"$2,477.02","MEMPHIS, TN",08/23 18:00,"JACKSONVILLE, FL",08/24 10:14,"1,764",669,BASEBALL EQUIPMENT// 20FT TRUCK REQ,2433,1.02,3,
2026-08-19T15:50:09.138413,WG,72120303,"$1,160.72","MALVERN, PA",08/21 09:00,"RARITAN, NJ",08/21 12:07,"2,662",65,NO NOTES,2727,0.43,1,
2026-08-19T15:50:15.249531,WG,72120305,$949.95,"MALVERN, PA",08/21 09:30,"PINE BROOK, NJ",08/21 13:01,"2,662",95,NO NOTES,2757,0.34,1,
2026-08-19T15:52:58.093601,SE,72120222,"$3,946.09","DALLAS, NC",08/19 21:30,"DALLAS, NC",08/21 07:00,"2,361","1,370",NO NOTES,3731,1.06,5,
2026-08-19T16:04:02.893584,WG,72111093,$939.03,"LA VERGNE, TN",08/24 16:00,"COLLIERVILLE, TN",08/25 09:00,"1,990",219,"CORD11: TRUCK MUST HAVE FULL AMOUNT OF USABLE SPACE FOR THE TRUCK SIZE REQUESTED, 20FT OF USABLE SPACE, 12FT OF USABLE SPACE, 53FT OF USABLE SPACE.",2209,0.43,1,
2026-08-19T16:04:05.563836,WG,72111072,$946.55,"LA VERGNE, TN",08/24 16:00,"OLIVE BRANCH, MS",08/25 09:00,"1,990",233,"CORD11: TRUCK MUST HAVE FULL AMOUNT OF USABLE SPACE FOR THE TRUCK SIZE REQUESTED, 20FT OF USABLE SPACE, 12FT OF USABLE SPACE, 53FT OF USABLE SPACE.",2223,0.43,1,
2026-08-19T16:37:21.185166,WG,72118853,"$4,068.78","PATASKALA, OH",08/24 11:00,"LENEXA, KS",08/25 13:00,"2,239","1,010",NO NOTES,3249,1.25,11,
2026-08-19T16:43:01.110982,WG,72120326,"$1,013.72","BOSTON, MA",08/21 08:00,"PORTSMOUTH, NH",08/21 10:41,"2,960",56,NO NOTES,3016,0.34,1,
2026-08-19T16:51:25.508150,WG,72120338,$805.64,"COSTA MESA, CA",08/24 13:00,"CARSON, CA",08/24 15:03,37,26,NO NOTES,63,12.79,71,
2026-08-19T17:00:44.043936,WG,72119323,"$1,059.54","PHILADELPHIA, PA",08/20 11:30,"NEW CASTLE, DE",08/20 14:02,"2,694",49,NO NOTES,2743,0.39,1,
2026-08-19T17:03:45.494325,WG,72113684,"$2,789.94","GROVE CITY, OH",08/24 17:00,"CHESAPEAKE, VA",08/25 08:30,"2,217",568,"ORDER NOTE: PALLET JACK REQUIRED, DRIVER UNLOAD",2785,1.00,2,
2026-08-19T17:03:48.259181,WG,72111067,$913.26,"LA VERGNE, TN",08/24 17:00,"SHEPHERDSVILLE, KY",08/25 07:00,"1,990",171,"CORD11: TRUCK MUST HAVE FULL AMOUNT OF USABLE SPACE FOR THE TRUCK SIZE REQUESTED, 20FT OF USABLE SPACE, 12FT OF USABLE SPACE, 53FT OF USABLE SPACE.",2161,0.42,1,
2026-08-19T17:10:41.287937,WG,72112925,"$6,801.18","ROANOKE, TX",08/24 17:00,"SUNNYVALE, CA",08/26 05:50,"1,396","1,661","FOR NOVEMBER 27TH, 2024, OUR DOCK HOURS WILL BE 6AM-12PM PST FOR HAZMAT.",3057,2.22,40,
2026-08-19T17:10:44.796497,WG,72112642,"$1,501.00","BROOKS, KY",08/24 17:00,"OLIVE BRANCH, MS",08/25 08:59,"2,067",377,IC7875: ENSURE THAT YOU HAVE THE ENTIRE BOL FILLED OUT AT THIS LOCATION.,2444,0.61,1,
2026-08-19T17:10:51.456901,WG,72110500,"$1,570.78","JACKSON, MS",08/24 17:00,"COLUMBUS, GA",08/25 09:00,"1,816",339,"TR30SU: PLEASE USE STRAPS AT ALL TIMES, CALL TCI WITH ANY EXCEPTIONS DURING BUSINESS HOURS ONLY",2155,0.73,1,
2026-08-19T17:21:34.310550,WG,72120284,"$2,579.28","COLUMBUS, OH",08/20 08:00,"ORLANDO, FL",08/21 08:00,"2,207",961,"BICOCT: TRAILERS MUST BE CLEAN, EMPTY, DRY, FREE OF STRUCTURAL DAMAGE AND NO ODORS FROM PRIOR FREIGHT. MUST HAVE TWO LOAD LOCKS IN EACH TRAILER AND FUEL TANKS 3/4 FULL PRIOR TO PICKUP ARRIVAL. ANY SHIPMENTS WITH VA-Q-TEC CONTAINERS, PLEASE MAKE SURE CONTAINERS ARE OFFLOADED AND COMPLETELY EMPTIED AT DELIVERY BEFORE BEING RELOADED ONTO TRUCK FOR RETURN TO VA-Q-TEC.",3168,0.81,2,
2026-08-19T17:52:40.623481,SE,72120313,"$1,587.69","WILMINGTON, NC",08/24 07:00,"LYCOMING, NY",08/25 00:56,"2,569",773,NO NOTES,3342,0.48,1,
2026-08-19T17:57:26.196515,WG,72120401,"$4,147.34","LOUISVILLE, KY",08/23 08:00,"MARSHFIELD, WI",08/25 09:00,"2,062","1,279",L1068563: YOU MUST HAVE ALL OF YOUR USEABLE SPACE AVAILABLE. PLEASE ENSURE PERSONAL BELONGINGS ARE STOWED APPROPRIATELY.,3341,1.24,10,
2026-08-19T18:03:31.286255,WG,72113877,"$2,005.96","GROVE CITY, OH",08/24 18:00,"BURR RIDGE, IL",08/25 08:00,"2,217",330,ORDER NOTE: DRIVER UNLOAD,2547,0.79,2,
2026-08-19T18:03:34.358151,WG,72102658,"$6,493.93","LA VERGNE, TN",08/24 18:00,"REDLANDS, CA",08/26 13:45,"1,990","1,986",ORDER NOTE: FDCC TO CONTACT 909-796-7171 TO CONFIRM DELIVERY DATE/TIME.,3976,1.63,24,
2026-08-19T18:03:37.527150,WG,72110778,"$1,262.48","BROOKS, KY",08/24 18:00,"ELK GROVE VILLAGE, IL",08/25 09:00,"2,067",337,IC7875: ENSURE THAT YOU HAVE THE ENTIRE BOL FILLED OUT AT THIS LOCATION.,2404,0.53,1,
2026-08-19T18:07:56.153977,WG,72120340,"$2,988.25","ROCKFORD, IL",08/21 00:00,"MECHANICSBURG, PA",08/21 17:07,"1,929",734,NO NOTES,2663,1.12,6,
2026-08-19T18:28:47.581072,WG,72120315,"$2,280.92","BROOKS, KY",08/20 14:00,"PISCATAWAY, NJ",08/21 09:00,"2,067",728,IC7875: ENSURE THAT YOU HAVE THE ENTIRE BOL FILLED OUT AT THIS LOCATION.,2795,0.82,2,
2026-08-19T18:29:11.976768,WG,72120408,,,,,,,,NO NOTES,,,1,
2026-08-19T18:35:47.609022,WG,72120412,"$1,187.50","CRANBURY, NJ",08/20 10:00,"WINDSOR, CT",08/20 15:07,"2,727",170,NO NOTES,2897,0.41,1,
2026-08-19T18:38:55.223536,SE,72120097,$482.07,"CHICAGO, IL",08/20 09:00,"DES PLAINES, IL",08/20 10:36,"1,982",5,NO NOTES,1987,0.24,1,
2026-08-19T19:03:45.577764,WG,72112566,$922.46,"BROOKS, KY",08/24 19:00,"PATASKALA, OH",08/25 08:00,"2,067",237,IC7875: ENSURE THAT YOU HAVE THE ENTIRE BOL FILLED OUT AT THIS LOCATION.,2304,0.40,1,
2026-08-19T19:03:49.965040,WG,72110784,"$1,836.47","BROOKS, KY",08/24 19:00,"DOTHAN, AL",08/25 09:00,"2,067",543,IC7875: ENSURE THAT YOU HAVE THE ENTIRE BOL FILLED OUT AT THIS LOCATION.,2610,0.70,2,
2026-08-19T19:03:52.729403,WG,72110375,"$1,958.69","LA VERGNE, TN",08/24 19:00,"CANFIELD, OH",08/25 08:26,"1,990",561,"CORD11: TRUCK MUST HAVE FULL AMOUNT OF USABLE SPACE FOR THE TRUCK SIZE REQUESTED, 20FT OF USABLE SPACE, 12FT OF USABLE SPACE, 53FT OF USABLE SPACE.",2551,0.77,2,
2026-08-19T19:11:44.766572,WG,72114581,"$2,467.04","KERNERSVILLE, NC",08/24 19:00,"PANAMA CITY, FL",08/25 13:49,"2,417",704,DO NOT ARRIVE MORE THAN 30 MINS PRIOR TO SCHEDULED PICKUP TIME,3121,0.79,2,
2026-08-19T19:17:40.886518,SE,72119638,"$4,909.76","BROUSSARD, LA",08/20 09:00,"AURORA, OR",08/22 14:55,"1,748","2,464",NO NOTES,4212,1.17,9,
2026-08-19T19:22:48.432146,WG,72120459,"$2,056.88","MORRISVILLE, NC",08/24 09:00,"BLOOMINGTON, IN",08/25 08:00,"2,499",674,NO NOTES,3173,0.65,2,
2026-08-19T19:28:55.293133,WG,72120449,$908.50,"BROOKS, KY",08/20 19:30,"GROVE CITY, OH",08/21 08:00,"2,077",211,IC7875: ENSURE THAT YOU HAVE THE ENTIRE BOL FILLED OUT AT THIS LOCATION.,2288,0.40,1,
2026-08-19T19:36:27.855873,WG,72120461,"$4,955.32","BROOKS, KY",08/21 15:00,"TEMPE, AZ",08/24 11:00,"2,067","1,722",IC7875: ENSURE THAT YOU HAVE THE ENTIRE BOL FILLED OUT AT THIS LOCATION.,3789,1.31,13,
2026-08-19T19:56:38.236175,WG,72120451,$705.19,"MEMPHIS, TN",08/20 10:00,"OLIVE BRANCH, MS",08/20 11:42,"1,769",10,NO NOTES,1779,0.40,1,
2026-08-19T20:03:39.361372,WG,72112572,"$1,083.30","BROOKS, KY",08/24 20:00,"LA VERGNE, TN",08/25 07:00,"2,067",176,IC7875: ENSURE THAT YOU HAVE THE ENTIRE BOL FILLED OUT AT THIS LOCATION.,2243,0.48,1,
2026-08-19T20:08:34.160618,WG,72120452,"$6,149.78","LOCKBOURNE, OH",08/24 07:30,"SANTA BARBARA, CA",08/26 11:11,"2,227","2,359",BAX5100: MUST HAVE TEAM DRIVERS FOR ALL RUNS NO MATTER WHAT THE MILEAGE IS.,4586,1.34,15,
2026-08-19T20:15:54.660190,WG,72120465,"$1,195.42","BLOOMINGTON, IN",08/24 09:00,"MOUNT PROSPECT, IL",08/24 16:01,"2,021",260,NO NOTES,2281,0.52,1,
2026-08-19T20:35:50.691075,WG,72120467,"$1,144.47","ALLENTOWN, PA",08/20 15:00,"WILMINGTON, MA",08/21 08:00,"2,654",317,NO NOTES,2971,0.39,1,
2026-08-19T22:07:24.694216,WG,72120279,"$1,214.49","MERIDEN, CT",08/20 08:00,"SCHENECTADY, NY",08/20 12:32,"2,841",143,NO NOTES,2984,0.41,1,
2026-08-19T23:59:31.942327,SE,72120480,"$1,821.20","COLUMBUS, OH",08/20 02:01,"SAINT LOUIS, MO",08/20 12:51,"2,212",439,NO NOTES,2651,0.69,2,
2026-08-20T00:10:27.197520,WG,72113761,"$4,964.80","GROVE CITY, OH",08/25 00:00,"BOCA RATON, FL",08/26 08:30,"2,217","1,111","ORDER NOTE: DRIVER UNLOAD, PALLET JACK NEEDED OR SHIPMENT MAY BE REFUSED",3328,1.49,18,
2026-08-20T02:30:33.536258,WG,72120482,"$2,557.68","BLOOMINGTON, IN",08/24 15:00,"EAST GREENBUSH, NY",08/25 10:30,"2,021",840,NO NOTES,2861,0.89,2,
2026-08-20T06:10:16.936910,WG,72114205,"$1,420.70","IOWA CITY, IA",08/25 06:00,"CHICAGO, IL",08/25 12:13,"1,765",222,NO PETS - COURIER ON BOARD - ARTWORKS,1987,0.71,1,
2026-08-20T07:03:53.302729,WG,72107577,$866.61,"BROOKS, KY",08/25 07:00,"WEST CHESTER, OH",08/25 11:19,"2,067",133,NO NOTES,2200,0.39,1,
2026-08-20T07:04:15.884465,SE,72120474,"$2,666.92","OAK RIDGE, TN",08/24 07:00,"AMARILLO, TX",08/25 08:00,"2,135","1,095",NO NOTES,3230,0.83,2,
2026-08-20T07:31:26.035741,SE,72120484,$964.87,"LACONIA, NH",08/21 07:00,"LACONIA, NH",08/21 14:00,"2,948",212,NO NOTES,3160,0.31,1,
2026-08-20T07:49:34.903190,WG,72120472,$819.78,"CHICAGO, IL",08/20 10:00,"CHICAGO, IL",08/20 16:30,"1,976",20,NO NOTES,1996,0.41,1,
2026-08-20T08:03:40.619277,WG,72112276,"$1,183.52","LOCKBOURNE, OH",08/25 08:00,"BROOKS, KY",08/25 14:12,"2,227",221,NO NOTES,2448,0.48,1,
2026-08-20T08:10:20.075218,WG,72111885,"$1,092.91","LOUISVILLE, KY",08/25 08:00,"LOUISVILLE, KY",08/25 08:00,"2,062",0,L1068563: YOU MUST HAVE ALL OF YOUR USEABLE SPACE AVAILABLE. PLEASE ENSURE PERSONAL BELONGINGS ARE STOWED APPROPRIATELY.,2062,0.53,1,
2026-08-20T08:14:41.707162,WG,72120475,$669.45,"KENNEDY SPACE CENTER, FL",08/21 06:00,"PALM BAY, FL",08/21 08:27,"2,527",45,NO NOTES,2572,0.26,1,
2026-08-20T08:38:32.552137,WG,72115744,"$1,303.78","FREDERICK, MD",08/25 08:30,"PITTSBURGH, PA",08/25 13:00,"2,570",194,NO NOTES,2764,0.47,1,
2026-08-20T08:38:35.095914,WG,72120135,"$3,602.99","PHILADELPHIA, PA",08/25 08:30,"BROOKS, KY",08/26 08:30,"2,694",698,NO NOTES,3392,1.06,5,
2026-08-20T08:43:57.213616,WG,72120533,"$3,171.61","PHILADELPHIA, PA",08/24 11:30,"BROOKS, KY",08/25 08:00,"2,694",698,NO NOTES,3392,0.94,3,
2026-08-20T08:51:44.922398,WG,72120345,"$3,963.24","BOCA RATON, FL",08/24 13:00,"LA VERGNE, TN",08/25 09:30,"2,662",855,NO NOTES,3517,1.13,7,
2026-08-20T09:04:02.486563,WG,72120346,"$7,918.66","WALKERSVILLE, MD",08/25 09:00,"NEWBURY PARK, CA",08/28 12:00,"2,575","2,648",NO NOTES,5223,1.52,22,
2026-08-20T09:04:05.847578,WG,72118145,"$3,005.00","HUNTSVILLE, AL",08/25 09:00,"BROWNVILLE, NE",08/26 09:00,"1,973",783,"DRIVERS MUST BRING PLACARDS NEEDS RADIOACTIVE, CLASS 7 PLACARDS WILL NEED A FEW LOADBARS AND STRAPS",2756,1.09,5,
2026-08-20T09:11:45.481369,SE,72119413,"$1,835.74","DURHAM, NC",08/21 10:00,"INWOOD, NY",08/24 08:00,"2,486",518,CALL IN TO GET COPY OF SHIPPER DOCS,3004,0.61,2,
2026-08-20T09:35:49.747003,WG,72119551,"$9,262.22","SAN DIEGO, CA",08/21 13:00,"ALLENTOWN, PA",08/24 08:00,107,"2,716",NO NOTES,2823,3.28,72,
2026-08-20T09:39:10.886092,WG,72110850,"$1,168.44","PATASKALA, OH",08/25 09:30,"JEFFERSONVILLE, IN",08/25 15:48,"2,239",226,NO NOTES,2465,0.47,1,
2026-08-20T09:43:41.254193,WG,72120300,"$1,113.01","BOULDER, CO",08/24 10:00,"AURORA, CO",08/24 12:15,"1,010",36,NO NOTES,1046,1.06,3,
2026-08-20T09:52:19.486944,WG,72120349,"$1,236.05","BLOOMINGTON, IN",08/25 09:00,"ROCKFORD, IL",08/25 17:12,"2,021",315,NO NOTES,2336,0.53,1,
2026-08-20T10:04:13.530597,WG,72119246,"$3,453.64","ATLANTA, GA",08/25 10:00,"LONG ISLAND CITY, NY",08/26 09:00,"2,146",896,"TR30SU: PLEASE USE STRAPS AT ALL TIMES, CALL TCI WITH ANY EXCEPTIONS DURING BUSINESS HOURS ONLY",3042,1.14,7,
2026-08-20T10:04:17.634584,WG,72120283,"$4,423.23","LITTLETON, CO",08/25 10:00,"CLEARWATER, FL",08/27 07:30,994,"1,897",NO NOTES,2891,1.53,19,
2026-08-20T10:04:21.313826,WG,72113740,"$2,555.18","BLOOMINGTON, IN",08/25 10:00,"RENSSELAER, NY",08/26 08:00,"2,024",839,NO NOTES,2863,0.89,2,
2026-08-20T10:04:24.938774,WG,72119466,"$4,189.36","MINNEAPOLIS, MN",08/25 10:00,"BROOKLYN, NY",08/26 14:24,"1,899","1,218",NO NOTES,3117,1.34,13,
2026-08-20T10:04:28.273945,WG,72119455,"$2,510.29","NEW BRUNSWICK, NJ",08/25 10:00,"NEW BRUNSWICK, NJ",08/26 09:00,"2,730",820,BRCOAR: TRAILER MUST BE EMPTY OUTSIDE OF EQUIPMENT NEEDED TO SECURE. NO PLYWOOD IN TRAILER FLOORS ON REEFER LOADS.,3550,0.71,2,
2026-08-20T10:10:49.624901,WG,72093360,"$4,152.05","MINNEAPOLIS, MN",08/25 10:00,"NEW YORK, NY",08/26 13:18,"1,899","1,213",NO NOTES,3112,1.33,13,
2026-08-20T10:11:01.677844,WG,72119726,"$4,446.81","FORT WORTH, TX",08/25 10:00,"RENO, NV",08/27 12:00,"1,392","1,639","L1163385: TRAILERS MUST BE CLEAN, EMPTY, DRY, FREE OF STRUCTURAL DAMAGE AND NO ODORS FROM PRIOR FREIGHT. MUST HAVE TWO LOAD LOCKS IN EACH TRAILER AND FUEL TANKS 3/4 FULL PRIOR TO PICKUP ARRIVAL.",3031,1.47,17,
2026-08-20T10:14:47.085075,WG,72120581,"$1,106.72","ROCKFORD, IL",08/21 10:00,"ELK GROVE VILLAGE, IL",08/21 12:47,"1,924",61,NO NOTES,1985,0.56,1,
2026-08-20T10:22:35.278534,WG,72120350,"$4,366.10","GREENVILLE, NC",08/24 10:00,"ROCKFORD, IL",08/25 08:00,"2,592",968,NO NOTES,3560,1.23,10,
2026-08-20T10:29:07.678248,WG,72120571,"$3,800.94","HOBART, NY",08/24 09:00,"MIAMI, FL",08/25 16:51,"2,759","1,403",NO NOTES,4162,0.91,3,
2026-08-20T10:39:11.065502,WG,72119465,"$4,189.36","MINNEAPOLIS, MN",08/25 10:30,"BROOKLYN, NY",08/26 13:57,"1,899","1,218",NO NOTES,3117,1.34,13,
2026-08-20T10:39:14.617127,WG,72100843,"$2,637.60","SHEPHERDSVILLE, KY",08/25 10:30,"MONTCLAIR, CA",08/27 08:05,"2,072","2,072",NO NOTES,4144,0.64,2,
2026-08-20T10:45:10.242930,WG,72120583,"$3,094.09","BETHLEHEM, PA",08/25 10:00,"CHESTERFIELD, MO",08/26 08:00,"2,681",916,NO NOTES,3597,0.86,3,
2026-08-20T11:02:43.795313,WG,72120585,"$2,908.65","BROOKS, KY",08/24 15:00,"SIOUX FALLS, SD",08/26 09:00,"2,067",872,IC7875: ENSURE THAT YOU HAVE THE ENTIRE BOL FILLED OUT AT THIS LOCATION.,2939,0.99,3,
2026-08-20T11:04:11.528823,WG,72120093,"$1,796.59","ALLENTOWN, PA",08/25 11:00,"LOCKBOURNE, OH",08/26 08:00,"2,660",523,NO NOTES,3183,0.56,1,
2026-08-20T11:04:15.543881,WG,72118847,"$3,079.96","PATASKALA, OH",08/25 11:00,"FARMINGDALE, NY",08/26 14:00,"2,239",629,NO NOTES,2868,1.07,5,
2026-08-20T11:04:19.464476,WG,72116668,"$3,561.98","ROSEVILLE, MN",08/25 11:00,"SOUDERTON, PA",08/26 13:10,"1,902","1,160",NO NOTES,3062,1.16,8,
2026-08-20T11:04:22.987108,WG,72118941,"$3,935.68","MOUNT VERNON, IN",08/25 11:00,"TEMPE, AZ",08/27 12:00,"1,948","1,684",PLEASE ARRIVE AT PICKUP IN RANGE**SET POINT 5C,3632,1.08,6,
2026-08-20T11:04:26.535773,WG,72117601,"$3,742.32","LA VERGNE, TN",08/25 11:00,"SUGAR LAND, TX",08/26 11:00,"1,990",816,NO NOTES,2806,1.33,13,
2026-08-20T11:11:13.286642,WG,72120237,"$1,898.07","PLAINFIELD, IN",08/25 11:00,"ALLENTOWN, PA",08/26 11:00,"2,026",641,NO NOTES,2667,0.71,2,
2026-08-20T11:21:55.724423,WG,72120289,"$2,760.85","HOLLISTON, MA",08/24 08:00,"KANATA, ON",08/25 07:00,"2,946",782,NO NOTES,3728,0.74,2,
2026-08-20T11:29:14.814383,WG,72120601,"$2,054.38","CHARLES CITY, IA",08/24 10:00,"CINCINNATI, OH",08/25 11:00,"1,798",607,L1244392: TEAM DRIVERS ONLY FOR ALL TAKEDA RUNS,2405,0.85,2,
2026-08-20T11:32:20.619943,SE,72120588,$575.66,"SMITHFIELD, NC",08/24 07:00,"SALISBURY, NC",08/24 11:49,"2,539",156,NO NOTES,2695,0.21,1,
2026-08-20T11:36:59.115960,WG,72120580,"$1,765.16","QUAKERTOWN, PA",08/24 11:00,"HIGH POINT, NC",08/25 08:00,"2,676",488,BAX5100: MUST HAVE TEAM DRIVERS FOR ALL RUNS NO MATTER WHAT THE MILEAGE IS.,3164,0.56,1,
2026-08-20T12:11:33.530735,WG,72116816,"$2,830.23","BOULDER, CO",08/25 12:00,"INDIANAPOLIS, IN",08/26 12:55,"1,010","1,101","L1218217: TRAILER MUST BE EMPTY AND NO PERSONAL ITEMS, OR PALLET JACK, SECUREMENT ITEMS ONLY",2111,1.34,12,
2026-08-20T12:11:36.696891,WG,72116858,"$2,830.23","BOULDER, CO",08/25 12:00,"INDIANAPOLIS, IN",08/26 12:55,"1,010","1,101","L1218217: TRAILER MUST BE EMPTY AND NO PERSONAL ITEMS, OR PALLET JACK, SECUREMENT ITEMS ONLY",2111,1.34,12,
2026-08-20T12:11:39.422778,WG,72120126,"$11,844.81","NEWBURY PARK, CA",08/25 12:00,"ALLENTOWN, PA",08/26 09:00,72,"2,729",NO NOTES,2801,4.23,81,
2026-08-20T12:11:45.795742,WG,72116817,"$2,830.23","BOULDER, CO",08/25 12:00,"INDIANAPOLIS, IN",08/26 12:55,"1,010","1,101","L1218217: TRAILER MUST BE EMPTY AND NO PERSONAL ITEMS, OR PALLET JACK, SECUREMENT ITEMS ONLY",2111,1.34,12,
2026-08-20T12:36:04.402382,WG,72120605,"$5,432.46","LOGAN, UT",08/24 09:00,"SUMMIT, NJ",08/26 08:14,738,"2,150",NO NOTES,2888,1.88,29,
2026-08-20T12:38:58.137551,WG,72118840,"$3,583.12","PATASKALA, OH",08/25 12:30,"WOBURN, MA",08/26 15:18,"2,239",758,NO NOTES,2997,1.20,9,
2026-08-20T13:00:32.974236,WG,72120642,"$1,242.51","LEE, MA",08/21 08:00,"MACUNGIE, PA",08/21 14:42,"2,822",245,NO NOTES,3067,0.41,1,
2026-08-20T13:02:29.247699,WG,72120638,"$1,745.03","KANSAS CITY, MO",08/24 14:00,"MOUNT PROSPECT, IL",08/25 10:00,"1,594",524,NO NOTES,2118,0.82,1,
2026-08-20T13:04:31.688566,WG,72101012,"$3,675.91","MUSKEGON, MI",08/25 13:00,"COLUMBUS, GA",08/26 10:00,"2,154",901,NO NOTES,3055,1.20,9,
2026-08-20T13:04:37.934258,WG,72120538,"$2,546.41","SPARTANBURG, SC",08/25 13:00,"BRIDGMAN, MI",08/26 07:00,"2,316",729,DRIVERS NEED 4 BARS AND 6 STRAPS DRIVER MUST BE A US CITIZENS AND BE ABLE TO SPEAK AND UNDERSTAND CLEAR ENGLISH,3045,0.84,2,
2026-08-20T13:04:40.384373,WG,72120594,"$4,248.85","BOCA RATON, FL",08/25 13:00,"CHARLOTTESVILLE, VA",08/26 10:17,"2,662",930,ORDER NOTE: PLEASE HAVE 8 EXTRA LONG STRAPS,3592,1.18,9,
2026-08-20T13:11:07.557780,WG,72118027,"$5,456.45","SAN DIEGO, CA",08/25 13:00,"LOUISVILLE, KY",08/27 12:22,104,"2,133","DRIVERS-START REEFER 3+ HRS IN ADVANCE FOR -25C SET POINTS, MUST BE IN RANGE UPON ARRIVAL!!",2237,2.44,45,
2026-08-20T13:11:15.152779,WG,72120470,"$1,821.54","ROCKFORD, IL",08/25 13:00,"BROOKS, KY",08/26 08:00,"1,929",395,NO NOTES,2324,0.78,2,
2026-08-20T13:30:43.314004,WG,72120666,"$1,135.32","LA VERGNE, TN",08/24 15:00,"SMYRNA, GA",08/24 21:15,"1,990",224,NO NOTES,2214,0.51,1,
2026-08-20T13:51:36.475050,WG,72120693,"$1,028.69","RICHLAND, MS",08/24 15:15,"MEMPHIS, TN",08/24 21:30,"1,820",207,NO NOTES,2027,0.51,1,
2026-08-20T13:52:22.803594,WG,72120602,"$9,102.64","MILFORD, MA",08/25 08:00,"BROWNSVILLE, TX",08/27 07:47,"2,941","2,176",NO NOTES,5117,1.78,30,
2026-08-20T13:53:20.303298,SE,72120668,"$1,196.05","CARTERSVILLE, GA",08/20 15:22,"SAINT LOUIS, MO",08/21 07:00,"2,129",517,NO NOTES,2646,0.45,1,
2026-08-20T14:04:10.111156,WG,72120671,"$1,745.03","KANSAS CITY, MO",08/25 14:00,"MOUNT PROSPECT, IL",08/26 10:00,"1,594",524,NO NOTES,2118,0.82,1,
2026-08-20T14:05:11.965700,SE,72120587,"$1,037.87","SAINT PAUL, MN",08/25 14:00,"LIBERTYVILLE, IL",08/26 09:00,"1,898",371,NO NOTES,2269,0.46,1,
2026-08-20T14:07:30.008922,WG,72120308,"$1,761.07","FLEMINGTON, NJ",08/20 16:00,"DURHAM, NC",08/21 08:00,"2,698",457,NO NOTES,3155,0.56,1,
2026-08-20T14:08:21.346340,WG,72120699,"$1,626.80","WINCHESTER, KY",08/24 10:30,"ROCKFORD, IL",08/25 10:00,"2,143",472,NO NOTES,2615,0.62,1,
2026-08-20T14:10:42.100734,WG,72120633,"$1,343.94","VISALIA, CA",08/25 09:00,"IRVINE, CA",08/25 15:28,212,234,NO NOTES,446,3.01,57,
2026-08-20T14:11:25.460614,WG,72120569,"$2,222.66","FREDERICK, MD",08/25 14:00,"INDIANAPOLIS, IN",08/26 10:37,"2,570",640,NO NOTES,3210,0.69,2,
2026-08-20T14:11:31.311663,WG,72120188,$747.47,"CARY, NC",08/25 14:00,"RALEIGH, NC",08/25 14:49,"2,503",20,NO NOTES,2523,0.30,1,
2026-08-20T14:12:44.877448,SE,72120575,"$1,107.05","SEVIERVILLE, TN",08/25 14:00,"HOPEWELL, VA",08/26 08:00,"2,179",416,NO NOTES,2595,0.43,1,
2026-08-20T14:23:18.598925,WG,72120703,"$8,077.75","SANTA ANA, CA",08/24 15:00,"HOLLY SPRINGS, NC",08/27 08:00,31,"2,529",NO NOTES,2560,3.16,68,
2026-08-20T14:31:07.263256,WG,72120705,"$4,960.54","BROOKS, KY",08/25 10:00,"SAN ANTONIO, TX",08/27 09:30,"2,067","1,099",NO NOTES,3166,1.57,20,
2026-08-20T14:49:53.693589,WG,72120721,$870.96,"PLAINFIELD, IN",08/24 09:00,"INDIANAPOLIS, IN",08/24 15:07,"2,026",102,NO NOTES,2128,0.41,1,
2026-08-20T15:02:59.378348,WG,72120724,"$1,109.54","LA VERGNE, TN",08/24 19:00,"BROOKS, KY",08/25 08:00,"1,990",176,ORDER NOTE: PLEASE SCHEDULE A DELIVERY APPOINTMENT IF ONE IS REQUIRED!,2166,0.51,1,
2026-08-20T15:03:02.770986,WG,72120708,"$6,497.13","LA VERGNE, TN",08/24 20:00,"MONTCLAIR, CA",08/26 15:46,"1,990","1,987",ORDER NOTE: PLEASE SCHEDULE A DELIVERY APPOINTMENT IF ONE IS REQUIRED!,3977,1.63,24,
2026-08-20T15:04:15.541283,WG,72120353,"$2,227.09","MADISON, AL",08/25 15:00,"NEWARK, DE",08/26 09:41,"1,964",808,ORDER NOTE: THIS SHIPMENT CAN BE MOVED IN A SPRINTER OR CARGO VAN.,2772,0.80,2,
2026-08-20T15:04:18.263574,WG,72114887,"$3,001.63","LA VERGNE, TN",08/25 15:00,"SAN ANTONIO, TX",08/26 12:47,"1,990",954,"CORD11: TRUCK MUST HAVE FULL AMOUNT OF USABLE SPACE FOR THE TRUCK SIZE REQUESTED, 20FT OF USABLE SPACE, 12FT OF USABLE SPACE, 53FT OF USABLE SPACE.",2944,1.02,3,
2026-08-20T15:04:20.989991,WG,72102726,"$3,478.44","LA VERGNE, TN",08/25 15:00,"MILFORD, MA",08/26 15:27,"1,990","1,079","CORD11: TRUCK MUST HAVE FULL AMOUNT OF USABLE SPACE FOR THE TRUCK SIZE REQUESTED, 20FT OF USABLE SPACE, 12FT OF USABLE SPACE, 53FT OF USABLE SPACE.",3069,1.13,7,
2026-08-20T15:15:15.405739,WG,72120726,"$1,082.04","ROBBINSVILLE, NJ",08/24 11:00,"ALLENTOWN, PA",08/24 14:04,"2,714",74,NO NOTES,2788,0.39,1,
2026-08-20T15:15:33.797198,WG,72120725,"$1,533.32","LA VERGNE, TN",08/24 13:00,"COLUMBUS, OH",08/25 08:30,"1,990",393,NO NOTES,2383,0.64,1,
2026-08-20T15:32:20.713610,SE,72120740,"$2,557.07","FORT WORTH, TX",08/24 09:00,"EDINBURG, PA",08/25 13:37,"1,384","1,275",NO NOTES,2659,0.96,2,
2026-08-20T15:38:35.146002,WG,72110774,"$2,918.09","PATASKALA, OH",08/25 15:30,"OVERLAND PARK, KS",08/26 08:15,"2,239",694,NO NOTES,2933,0.99,3,
2026-08-20T15:38:38.391377,WG,72112284,"$1,183.52","BROOKS, KY",08/25 15:30,"GROVEPORT, OH",08/25 22:00,"2,067",221,NO NOTES,2288,0.52,1,
2026-08-20T16:03:11.041583,WG,72120730,"$1,023.96","MCDONOUGH, GA",08/25 09:00,"COURTLAND, AL",08/25 16:00,"2,179",284,"?CORRECT ADDRESS FROM CUSTOMER - 1325 MACON ST, MCDONOUGH, GA",2463,0.42,1,
2026-08-20T16:04:09.628423,WG,72102855,"$5,567.38","LA VERGNE, TN",08/25 16:00,"LAS VEGAS, NV",08/27 07:55,"1,990","1,806","CORD11: TRUCK MUST HAVE FULL AMOUNT OF USABLE SPACE FOR THE TRUCK SIZE REQUESTED, 20FT OF USABLE SPACE, 12FT OF USABLE SPACE, 53FT OF USABLE SPACE.",3796,1.47,18,
2026-08-20T16:04:13.344351,WG,72102876,"$1,935.95","LA VERGNE, TN",08/25 16:00,"LENEXA, KS",08/26 09:00,"1,990",586,"CORD11: TRUCK MUST HAVE FULL AMOUNT OF USABLE SPACE FOR THE TRUCK SIZE REQUESTED, 20FT OF USABLE SPACE, 12FT OF USABLE SPACE, 53FT OF USABLE SPACE.",2576,0.75,2,
2026-08-20T16:10:48.568306,SE,72120772,"$4,390.61","FORT LAUDERDALE, FL",08/21 12:00,"NEW YORK, NY",08/24 11:31,"2,686","1,283",NO NOTES,3969,1.11,7,
2026-08-20T16:11:00.299476,SE,72120772,"$4,390.61","FORT LAUDERDALE, FL",08/21 12:00,"NEW YORK, NY",08/24 11:31,"2,686","1,283",NO NOTES,3969,1.11,7,
2026-08-20T16:14:47.483253,WG,72120731,$834.07,"LA VERGNE, TN",08/24 10:00,"LA VERGNE, TN",08/24 11:30,"1,990",1,NO NOTES,1991,0.42,1,
2026-08-20T16:17:44.327463,SE,72120732,"$1,886.23","GREENVILLE, SC",08/21 09:00,"NISKAYUNA, NY",08/24 09:00,"2,282",875,NO NOTES,3157,0.60,2,
2026-08-20T16:25:20.281538,SE,72120778,"$1,964.73","PHILADELPHIA, PA",08/24 17:00,"MORRIS, IL",08/25 11:33,"2,696",802,NO NOTES,3498,0.56,2,
2026-08-20T16:38:58.979959,SE,72120628,"$5,754.83","SAN DIEGO, CA",08/21 17:00,"VIRGINIA BEACH, VA",08/24 08:00,107,"2,725",NO NOTES,2832,2.03,34,
2026-08-20T16:42:30.671060,WG,72120781,"$6,134.96","LOUISVILLE, KY",08/21 09:00,"TEMECULA, CA",08/23 11:00,"2,050","2,105",L1068563: YOU MUST HAVE ALL OF YOUR USEABLE SPACE AVAILABLE. PLEASE ENSURE PERSONAL BELONGINGS ARE STOWED APPROPRIATELY.,4155,1.48,19,
2026-08-20T16:45:39.721551,SE,72120783,"$2,396.08","TOLEDO, OH",08/23 16:00,"SAINT PAUL, MN",08/24 11:00,"2,214",649,NO NOTES,2863,0.84,2,
2026-08-20T17:00:53.831006,WG,72120777,"$1,032.43","WHITE SANDS MISSILE RANGE, NM",08/24 10:00,"ALBUQUERQUE, NM",08/24 16:49,759,250,NO NOTES,1009,1.02,1,
2026-08-20T17:04:18.219459,WG,72118355,"$2,120.34","RENO, NV",08/25 17:00,"MONTCLAIR, CA",08/26 11:00,544,552,NO NOTES,1096,1.93,28,
2026-08-20T17:04:22.181775,WG,72112744,"$1,019.24","BROOKS, KY",08/25 17:00,"COLUMBUS, OH",08/26 09:00,"2,067",219,IC7875: ENSURE THAT YOU HAVE THE ENTIRE BOL FILLED OUT AT THIS LOCATION.,2286,0.45,1,
2026-08-20T17:04:25.587664,WG,72102866,"$2,299.87","LA VERGNE, TN",08/25 17:00,"FLOWER MOUND, TX",08/26 09:28,"1,990",704,"CORD11: TRUCK MUST HAVE FULL AMOUNT OF USABLE SPACE FOR THE TRUCK SIZE REQUESTED, 20FT OF USABLE SPACE, 12FT OF USABLE SPACE, 53FT OF USABLE SPACE.",2694,0.85,2,
2026-08-20T17:04:29.196512,WG,72117621,"$5,121.91","RENO, NV",08/25 17:00,"TEMPE, AZ",08/26 11:09,544,783,"CORD11: TRUCK MUST HAVE FULL AMOUNT OF USABLE SPACE FOR THE TRUCK SIZE REQUESTED, 20FT OF USABLE SPACE, 12FT OF USABLE SPACE, 53FT OF USABLE SPACE.",1327,3.86,75,
2026-08-20T17:04:33.504727,WG,72118909,"$4,214.50","OLIVE BRANCH, MS",08/25 17:00,"ABINGTON, MA",08/27 10:00,"1,782","1,340",NO NOTES,3122,1.35,13,
2026-08-20T17:10:44.378660,WG,72107341,"$2,464.67","CHICAGO, IL",08/25 17:00,"MINNEAPOLIS, MN",08/26 02:30,"1,982",396,"FINE ARTS SHIPMENT , MUST HAVE ALL NECESSARY REQUIREMENTS- DUEL DRIVER, AIR RIDE, CLIMATE CONTROLLED AND NO PETS ON TRUCK SINCE THERE IS A CORUIER.",2378,1.04,3,
2026-08-20T17:28:47.676215,WG,72120734,"$2,074.04","EDISON, NJ",08/24 10:00,"MORRISVILLE, NC",08/25 08:00,"2,732",476,NO NOTES,3208,0.65,2,
2026-08-20T17:40:04.755818,SE,72120804,"$1,865.84","BROWNSBURG, IN",08/24 09:00,"EAST SYRACUSE, NY",08/25 08:00,"2,036",663,NO NOTES,2699,0.69,2,
2026-08-20T17:44:01.305799,WG,72120735,"$1,689.39","LOCKBOURNE, OH",08/24 16:00,"SOMERSET, NJ",08/25 04:24,"2,227",513,IC7875: ENSURE THAT YOU HAVE THE ENTIRE BOL FILLED OUT AT THIS LOCATION.,2740,0.62,1,
2026-08-20T17:49:31.818397,WG,72120787,"$3,278.50","LOUISVILLE, KY",08/23 11:00,"ORLANDO, FL",08/24 06:19,"2,062",861,L1068563: YOU MUST HAVE ALL OF YOUR USEABLE SPACE AVAILABLE. PLEASE ENSURE PERSONAL BELONGINGS ARE STOWED APPROPRIATELY.,2923,1.12,6,
2026-08-20T18:04:01.734009,WG,72113817,"$1,362.79","NEWARK, DE",08/25 18:00,"EDISON, NJ",08/26 08:30,"2,680",102,ORDER NOTE: PALLET JACK NEEDED FOR DRIVER INSIDE DELIVERY,2782,0.49,1,
2026-08-20T18:04:04.806322,WG,72112289,"$1,183.52","BROOKS, KY",08/25 18:00,"LOCKBOURNE, OH",08/26 00:12,"2,067",221,NO NOTES,2288,0.52,1,
2026-08-20T18:04:07.573159,WG,72111079,"$1,953.76","LA VERGNE, TN",08/25 18:00,"CARY, NC",08/26 08:00,"1,990",529,"CORD11: TRUCK MUST HAVE FULL AMOUNT OF USABLE SPACE FOR THE TRUCK SIZE REQUESTED, 20FT OF USABLE SPACE, 12FT OF USABLE SPACE, 53FT OF USABLE SPACE.",2519,0.78,2,
2026-08-20T18:31:46.257922,SE,72120811,$619.23,"CHICAGO, IL",08/21 09:00,"CHICAGO, IL",08/21 16:00,"1,976",37,NO NOTES,2013,0.31,1,
2026-08-20T18:57:15.653583,WG,72120793,"$1,429.17","SHEPHERDSVILLE, KY",08/24 12:00,"TROY, MI",08/25 08:00,"2,072",398,BAX5100: MUST HAVE TEAM DRIVERS FOR ALL RUNS NO MATTER WHAT THE MILEAGE IS.,2470,0.58,1,
2026-08-20T19:03:37.000805,WG,72110383,"$2,343.05","LA VERGNE, TN",08/25 19:00,"FORT WORTH, TX",08/26 11:47,"1,990",718,"CORD11: TRUCK MUST HAVE FULL AMOUNT OF USABLE SPACE FOR THE TRUCK SIZE REQUESTED, 20FT OF USABLE SPACE, 12FT OF USABLE SPACE, 53FT OF USABLE SPACE.",2708,0.87,2,
2026-08-20T19:10:24.526680,WG,72112294,"$1,458.16","BROOKS, KY",08/25 19:00,"MEMPHIS, TN",08/26 08:31,"2,067",355,NO NOTES,2422,0.60,1,
2026-08-20T20:03:32.105041,WG,72112748,$889.70,"BROOKS, KY",08/25 20:00,"LA VERGNE, TN",08/26 07:00,"2,067",176,IC7875: ENSURE THAT YOU HAVE THE ENTIRE BOL FILLED OUT AT THIS LOCATION.,2243,0.40,1,
2026-08-20T20:07:29.818525,WG,72120819,"$1,902.47","ALLENTOWN, PA",08/23 14:00,"LOCKBOURNE, OH",08/25 08:00,"2,660",523,NO NOTES,3183,0.60,2,
2026-08-20T20:30:58.139829,WG,72120862,"$2,810.97","TAMPA, FL",08/25 10:00,"DURHAM, NC",08/26 08:00,"2,467",676,PLEASE BE SURE WHEN CREATING JOB THAT THE ADDRESS IS CORRECT ON THE BOL DOCUMENTS.,3143,0.89,2,
2026-08-20T20:46:09.278871,SE,72120863,"$1,079.11","DURHAM, NC",08/25 09:00,"PETERSBURG, VA",08/25 13:18,"2,488",132,NO NOTES,2620,0.41,1,
2026-08-20T21:51:07.420994,WG,72120659,"$1,429.17","SHEPHERDSVILLE, KY",08/24 12:00,"TROY, MI",08/25 08:00,"2,072",398,NO NOTES,2470,0.58,1,
2026-08-21T03:39:11.465090,SE,72120455,$491.60,"MEMPHIS, TN",08/21 10:00,"HUMBOLDT, TN",08/21 13:32,"1,769",96,NO NOTES,1865,0.26,1,
2026-08-21T06:15:02.114712,WG,72120879,"$4,094.78","GREENCASTLE, PA",08/24 11:00,"COLLEGE STATION, TX",08/26 09:00,"2,556","1,436",NO NOTES,3992,1.03,4,
2026-08-21T06:47:19.021965,SE,72120820,"$2,083.86","WEST DEPTFORD, NJ",08/25 08:00,"CENTRAL ISLIP, NY",08/25 13:14,"2,687",160,NO NOTES,2847,0.73,2,
2026-08-21T07:11:25.845593,WG,72119568,"$1,280.47","CORAOPOLIS, PA",08/26 07:00,"PITTSBURGH, PA",08/26 12:22,"2,403",41,NO NOTES,2444,0.52,1,
2026-08-21T07:49:36.130505,WG,72120823,$742.10,"MEMPHIS, TN",08/21 10:00,"OLIVE BRANCH, MS",08/21 11:42,"1,769",10,NO NOTES,1779,0.42,1,
2026-08-21T08:00:25.033981,SE,72120872,"$2,924.05","INDIANAPOLIS, IN",08/24 07:00,"OCALA, FL",08/25 08:00,"2,042",912,NO NOTES,2954,0.99,3,
2026-08-21T08:00:50.975770,WG,72120880,$743.98,"CHICAGO, IL",08/21 10:00,"WOOD DALE, IL",08/21 11:41,"1,976",9,NO NOTES,1985,0.37,1,
2026-08-21T08:05:06.499872,WG,72115454,"$1,788.89","ATLANTA, GA",08/26 08:00,"MEMPHIS, TN",08/26 17:35,"2,143",380,NO NOTES,2523,0.71,1,
2026-08-21T08:05:10.202231,WG,72120722,"$3,232.94","AUDUBON, PA",08/26 08:00,"LA VERGNE, TN",08/27 08:00,"2,672",806,NO NOTES,3478,0.93,3,
2026-08-21T08:05:29.922769,SE,72120872,"$2,924.05","INDIANAPOLIS, IN",08/24 07:00,"OCALA, FL",08/25 08:00,"2,042",912,NO NOTES,2954,0.99,3,
2026-08-21T08:11:13.052585,WG,72111886,"$1,092.91","LOUISVILLE, KY",08/26 08:00,"LOUISVILLE, KY",08/26 08:00,"2,062",0,L1068563: YOU MUST HAVE ALL OF YOUR USEABLE SPACE AVAILABLE. PLEASE ENSURE PERSONAL BELONGINGS ARE STOWED APPROPRIATELY.,2062,0.53,1,
2026-08-21T08:11:30.836693,SE,72120822,$670.74,"BALTIMORE, MD",08/21 09:00,"GAITHERSBURG, MD",08/21 11:23,"2,613",42,CONTAINER SET PT 20C (RANGE 15C TO 25C),2655,0.25,1,
2026-08-21T08:17:40.380046,WG,72120888,"$1,200.52","INDIANAPOLIS, IN",08/25 13:00,"BROOKS, KY",08/26 07:00,"2,042",139,NO NOTES,2181,0.55,1,
2026-08-21T08:17:43.551946,WG,72120887,"$1,669.40","INDIANAPOLIS, IN",08/25 13:00,"BROOKS, KY",08/26 07:00,"2,042",139,NO NOTES,2181,0.77,1,
2026-08-21T08:21:32.170450,WG,72120827,$742.10,"MEMPHIS, TN",08/21 10:00,"OLIVE BRANCH, MS",08/21 13:00,"1,769",10,NO NOTES,1779,0.42,1,
2026-08-21T08:29:00.638067,WG,72120828,"$1,242.51","LEE, MA",08/24 07:00,"MACUNGIE, PA",08/24 13:42,"2,828",245,NO NOTES,3073,0.40,1,
2026-08-21T08:39:47.930619,WG,72118950,$970.54,"MOUNT VERNON, IN",08/26 08:30,"BROOKS, KY",08/26 13:15,"1,948",153,BRCOAR: TRAILER MUST BE EMPTY OUTSIDE OF EQUIPMENT NEEDED TO SECURE. NO PLYWOOD IN TRAILER FLOORS ON REEFER LOADS.,2101,0.46,1,
2026-08-21T09:00:55.439026,SE,72120831,$790.79,"EAST BOSTON, MA",08/24 09:00,"EAST BOSTON, MA",08/24 14:05,"2,964",98,CONTAINERS SET AT 5C (RANGE 2C TO 8C),3062,0.26,1,
2026-08-21T09:05:13.256433,SE,72120831,$790.79,"EAST BOSTON, MA",08/24 09:00,"EAST BOSTON, MA",08/24 14:05,"2,964",98,CONTAINERS SET AT 5C (RANGE 2C TO 8C),3062,0.26,1,
2026-08-21T09:12:05.400005,WG,72120891,"$5,284.15","BOSTON, MA",08/26 07:00,"JACKSONVILLE, FL",08/27 09:03,"2,960","1,154",NO NOTES,4114,1.28,13,
2026-08-21T09:12:27.192531,WG,72120206,$889.50,"BLOOMINGTON, IN",08/26 09:00,"NASHVILLE, TN",08/27 09:00,"2,024",247,NO NOTES,2271,0.39,1,
2026-08-21T09:12:30.860459,WG,72120236,"$2,497.54","CORDOVA, IL",08/26 09:00,"WAMPUM, PA",08/27 08:00,"1,836",587,L1238923: NO PETS,2423,1.03,3,
2026-08-21T09:17:15.677841,WG,72120884,$969.74,"CRANBURY, NJ",08/25 10:00,"RARITAN, NJ",08/25 12:07,"2,727",29,NO NOTES,2756,0.35,1,
2026-08-21T09:17:29.007591,WG,72120832,"$2,369.98","COLUMBUS, OH",08/25 10:00,"ORLANDO, FL",08/26 08:00,"2,207",961,"BICOCT: TRAILERS MUST BE CLEAN, EMPTY, DRY, FREE OF STRUCTURAL DAMAGE AND NO ODORS FROM PRIOR FREIGHT. MUST HAVE TWO LOAD LOCKS IN EACH TRAILER AND FUEL TANKS 3/4 FULL PRIOR TO PICKUP ARRIVAL. ANY SHIPMENTS WITH VA-Q-TEC CONTAINERS, PLEASE MAKE SURE CONTAINERS ARE OFFLOADED AND COMPLETELY EMPTIED AT DELIVERY BEFORE BEING RELOADED ONTO TRUCK FOR RETURN TO VA-Q-TEC.",3168,0.75,2,
2026-08-21T09:20:40.421835,WG,72120892,$702.10,"COLUMBUS, OH",08/26 09:00,"WEST CHESTER, OH",08/26 12:00,"2,207",92,"BICOCT: TRAILERS MUST BE CLEAN, EMPTY, DRY, FREE OF STRUCTURAL DAMAGE AND NO ODORS FROM PRIOR FREIGHT. MUST HAVE TWO LOAD LOCKS IN EACH TRAILER AND FUEL TANKS 3/4 FULL PRIOR TO PICKUP ARRIVAL. ANY SHIPMENTS WITH VA-Q-TEC CONTAINERS, PLEASE MAKE SURE CONTAINERS ARE OFFLOADED AND COMPLETELY EMPTIED AT DELIVERY BEFORE BEING RELOADED ONTO TRUCK FOR RETURN TO VA-Q-TEC.",2299,0.31,1,
2026-08-21T09:25:04.234870,WG,72120834,"$2,369.98","COLUMBUS, OH",08/25 10:00,"ORLANDO, FL",09/9 08:00,"2,207",961,"BICOCT: TRAILERS MUST BE CLEAN, EMPTY, DRY, FREE OF STRUCTURAL DAMAGE AND NO ODORS FROM PRIOR FREIGHT. MUST HAVE TWO LOAD LOCKS IN EACH TRAILER AND FUEL TANKS 3/4 FULL PRIOR TO PICKUP ARRIVAL. ANY SHIPMENTS WITH VA-Q-TEC CONTAINERS, PLEASE MAKE SURE CONTAINERS ARE OFFLOADED AND COMPLETELY EMPTIED AT DELIVERY BEFORE BEING RELOADED ONTO TRUCK FOR RETURN TO VA-Q-TEC.",3168,0.75,2,
2026-08-21T09:39:52.831200,WG,72110854,"$2,024.37","PATASKALA, OH",08/26 09:30,"JEFFERSONVILLE, IN",08/26 15:48,"2,239",226,NO NOTES,2465,0.82,2,
2026-08-21T09:39:56.880087,WG,72119136,"$3,515.94","HARRISBURG, PA",08/26 09:30,"SHREVEPORT, LA",08/27 13:53,"2,590","1,264",L1233585: BE SURE THAT YOUR PREVENTIVE MAINTANANCE IS UP TO DATE BEFORE PICKING UP.********,3854,0.91,3,
2026-08-21T10:02:31.937516,WG,72120920,"$2,232.50","MOUNT VERNON, IN",08/25 07:30,"PISCATAWAY, NJ",08/26 09:00,"1,948",852,BRCOAR: TRAILER MUST BE EMPTY OUTSIDE OF EQUIPMENT NEEDED TO SECURE. NO PLYWOOD IN TRAILER FLOORS ON REEFER LOADS.,2800,0.80,2,
2026-08-21T10:04:14.060567,WG,72120957,"$1,211.20","PAULSBORO, NJ",08/26 08:00,"CHANTILLY, VA",08/26 12:45,"2,687",153,NO NOTES,2840,0.43,1,
2026-08-21T10:04:41.681713,WG,72117712,"$3,026.55","LITTLETON, CO",08/26 10:00,"SUNNYVALE, CA",08/27 15:30,994,"1,288",NO NOTES,2282,1.33,12,
2026-08-21T10:04:45.988035,WG,72119657,"$1,978.89","DULUTH, GA",08/26 10:00,"HARRISBURG, PA",08/27 08:00,"2,170",697,"L1163385: TRAILERS MUST BE CLEAN, EMPTY, DRY, FREE OF STRUCTURAL DAMAGE AND NO ODORS FROM PRIOR FREIGHT. MUST HAVE TWO LOAD LOCKS IN EACH TRAILER AND FUEL TANKS 3/4 FULL PRIOR TO PICKUP ARRIVAL.",2867,0.69,2,
2026-08-21T10:04:50.617208,WG,72120716,"$3,625.12","TAMPA, FL",08/26 10:00,"BROOKS, KY",08/27 09:00,"2,467",868,NO NOTES,3335,1.09,6,
2026-08-21T10:04:55.567215,WG,72120855,"$2,276.52","ALLENTOWN, PA",08/26 10:00,"CHARLESTOWN, IN",08/27 08:00,"2,660",652,L1244392: TEAM DRIVERS ONLY FOR ALL TAKEDA RUNS,3312,0.69,2,
2026-08-21T10:05:37.676732,SE,72118159,"$2,320.63","SUWANEE, GA",08/26 10:00,"SAN ANTONIO, TX",08/27 09:31,"2,173","1,035",NO NOTES,3208,0.72,2,
2026-08-21T10:09:28.671556,WG,72120979,"$1,393.63","SAINT LOUIS, MO",08/25 07:00,"KANKAKEE, IL",08/25 13:54,"1,791",254,NO NOTES,2045,0.68,1,
2026-08-21T10:10:30.243871,WG,72120958,"$2,251.70","BETHLEHEM, PA",08/25 14:00,"INDIANAPOLIS, IN",08/26 07:00,"2,681",652,NO NOTES,3333,0.68,2,
2026-08-21T10:19:22.708839,WG,72120940,$669.88,"COLUMBUS, OH",08/26 10:00,"PATASKALA, OH",08/26 12:30,"2,207",32,"BICOCT: TRAILERS MUST BE CLEAN, EMPTY, DRY, FREE OF STRUCTURAL DAMAGE AND NO ODORS FROM PRIOR FREIGHT. MUST HAVE TWO LOAD LOCKS IN EACH TRAILER AND FUEL TANKS 3/4 FULL PRIOR TO PICKUP ARRIVAL. ANY SHIPMENTS WITH VA-Q-TEC CONTAINERS, PLEASE MAKE SURE CONTAINERS ARE OFFLOADED AND COMPLETELY EMPTIED AT DELIVERY BEFORE BEING RELOADED ONTO TRUCK FOR RETURN TO VA-Q-TEC.",2239,0.30,1,
2026-08-21T10:19:25.659371,WG,72120464,"$3,019.66","SAINT LOUIS, MO",08/26 10:00,"TARRYTOWN, NY",08/27 08:41,"1,791",996,NO NOTES,2787,1.08,5,
2026-08-21T10:25:09.853101,WG,72120981,"$2,774.18","PHILADELPHIA, PA",08/25 14:00,"INDIANAPOLIS, IN",08/26 09:00,"2,694",671,NO NOTES,3365,0.82,2,
2026-08-21T10:26:02.002494,WG,72120866,"$1,837.59","OPELIKA, AL",08/26 09:00,"GRAHAM, KY",08/26 19:17,"2,114",413,NO NOTES,2527,0.73,2,
2026-08-21T10:27:13.739545,SE,72120982,"$3,307.11","CORDOVA, IL",08/24 09:00,"PHILADELPHIA, PA",08/25 09:00,"1,836",921,NO NOTES,2757,1.20,8,
2026-08-21T10:29:44.724966,WG,72120921,"$1,694.07","NEW BRUNSWICK, NJ",08/24 13:30,"WILMINGTON, NC",08/25 09:00,"2,730",563,NO NOTES,3293,0.51,1,
2026-08-21T10:46:24.878096,WG,72120985,$895.69,"BROOKS, KY",08/26 08:00,"LOUISVILLE, KY",08/26 09:38,"2,067",7,NO NOTES,2074,0.43,1,
2026-08-21T10:52:56.516658,WG,72120963,"$2,291.08","PARSIPPANY, NJ",08/25 14:00,"BROOKS, KY",08/26 10:00,"2,732",732,ORDER NOTE: PLEASE ENSURE THAT AN APPOINTMENT IS MADE AT ICS THROUGH THE DESCARTES PORTAL,3464,0.66,2,
2026-08-21T10:54:12.114368,SE,72120878,$482.07,"CHICAGO, IL",08/21 12:00,"DES PLAINES, IL",08/21 13:36,"1,982",5,NO NOTES,1987,0.24,1,
2026-08-21T10:59:37.673021,WG,72120924,"$2,291.08","PARSIPPANY, NJ",08/25 14:00,"BROOKS, KY",08/26 10:00,"2,732",732,ORDER NOTE: PLEASE ENSURE THAT AN APPOINTMENT IS MADE AT ICS THROUGH THE DESCARTES PORTAL,3464,0.66,2,
2026-08-21T11:00:53.000045,SE,72120978,"$5,058.49","WINSTON SALEM, NC",08/21 13:00,"RANCHO DOMINGUEZ, CA",08/24 11:00,"2,411","2,448",NO NOTES,4859,1.04,6,
2026-08-21T11:02:28.628067,WG,72120987,$881.32,"O FALLON, MO",08/25 08:30,"KANSAS CITY, MO",08/25 14:40,"1,801",220,NO NOTES,2021,0.44,1,
2026-08-21T11:04:53.049523,WG,72114564,"$1,547.83","BROOKS, KY",08/26 11:00,"AURORA, IL",08/27 08:00,"2,067",341,IC7875: ENSURE THAT YOU HAVE THE ENTIRE BOL FILLED OUT AT THIS LOCATION.,2408,0.64,1,
2026-08-21T11:04:56.177789,WG,72102963,"$2,578.47","LA VERGNE, TN",08/26 11:00,"TAMPA, FL",08/27 13:07,"1,990",768,"CORD11: TRUCK MUST HAVE FULL AMOUNT OF USABLE SPACE FOR THE TRUCK SIZE REQUESTED, 20FT OF USABLE SPACE, 12FT OF USABLE SPACE, 53FT OF USABLE SPACE.",2758,0.93,2,
2026-08-21T11:04:59.267760,WG,72120004,"$1,613.70","SAINT LOUIS, MO",08/26 11:00,"CARTERSVILLE, GA",08/26 23:28,"1,791",516,NO NOTES,2307,0.70,1,
2026-08-21T11:05:02.806918,WG,72120146,"$1,321.47","DEVENS, MA",08/26 11:00,"ELIZABETH, NJ",08/26 18:00,"2,949",223,NO NOTES,3172,0.42,1,
2026-08-21T11:05:06.633074,WG,72110366,$935.81,"LA VERGNE, TN",08/26 11:00,"MEMPHIS, TN",08/26 17:01,"1,990",213,"CORD11: TRUCK MUST HAVE FULL AMOUNT OF USABLE SPACE FOR THE TRUCK SIZE REQUESTED, 20FT OF USABLE SPACE, 12FT OF USABLE SPACE, 53FT OF USABLE SPACE.",2203,0.42,1,
2026-08-21T11:05:09.404195,WG,72113669,"$2,474.38","LOCKBOURNE, OH",08/26 11:00,"DOTHAN, AL",08/27 09:00,"2,227",763,IC7875: ENSURE THAT YOU HAVE THE ENTIRE BOL FILLED OUT AT THIS LOCATION.,2990,0.83,2,
2026-08-21T11:05:12.479399,WG,72112262,$701.04,"LOCKBOURNE, OH",08/26 11:00,"LOCKBOURNE, OH",08/26 12:31,"2,227",1,NO NOTES,2228,0.31,1,
2026-08-21T11:05:27.807408,SE,72120978,"$5,058.49","WINSTON SALEM, NC",08/21 13:00,"RANCHO DOMINGUEZ, CA",08/24 11:00,"2,411","2,448",NO NOTES,4859,1.04,6,
2026-08-21T11:05:46.437615,SE,72120988,"$1,237.07","LIBERTYVILLE, IL",08/24 15:00,"SAINT PAUL, MN",08/25 08:00,"2,001",370,NO NOTES,2371,0.52,1,
2026-08-21T11:06:07.090267,SE,72120572,"$7,453.31","TONOPAH, NV",08/26 11:00,"ARLINGTON, VA",08/29 09:00,378,"2,536",NO NOTES,2914,2.56,50,
2026-08-21T11:06:11.081852,SE,72120390,"$2,320.63","SUWANEE, GA",08/26 11:00,"SAN ANTONIO, TX",08/27 09:31,"2,173","1,035",NO NOTES,3208,0.72,2,
2026-08-21T11:11:44.286913,WG,72120908,$661.29,"COLUMBUS, OH",08/26 11:00,"GROVEPORT, OH",08/26 14:30,"2,207",16,"BICOCT: TRAILERS MUST BE CLEAN, EMPTY, DRY, FREE OF STRUCTURAL DAMAGE AND NO ODORS FROM PRIOR FREIGHT. MUST HAVE TWO LOAD LOCKS IN EACH TRAILER AND FUEL TANKS 3/4 FULL PRIOR TO PICKUP ARRIVAL. ANY SHIPMENTS WITH VA-Q-TEC CONTAINERS, PLEASE MAKE SURE CONTAINERS ARE OFFLOADED AND COMPLETELY EMPTIED AT DELIVERY BEFORE BEING RELOADED ONTO TRUCK FOR RETURN TO VA-Q-TEC.",2223,0.30,1,
2026-08-21T11:11:48.260066,WG,72119547,"$5,531.02","NEWBURY PARK, CA",08/26 11:00,"SHEPHERDSVILLE, KY",08/28 10:03,72,"2,141",L1244392: TEAM DRIVERS ONLY FOR ALL TAKEDA RUNS,2213,2.50,47,
2026-08-21T11:20:19.966370,SE,72120992,"$1,053.45","HEBRON, OH",08/21 15:00,"ITASCA, IL",08/22 00:22,"2,247",370,NO NOTES,2617,0.40,1,
2026-08-21T11:37:33.006190,WG,72120967,"$1,189.05","INDIANAPOLIS, IN",08/25 08:00,"NORTH CHICAGO, IL",08/25 14:21,"2,029",228,NO NOTES,2257,0.53,1,
2026-08-21T11:38:37.676937,WG,72120999,"$3,303.15","LA VERGNE, TN",08/25 14:00,"PORT WASHINGTON, NY",08/26 10:55,"1,990",913,NO NOTES,2903,1.14,7,
2026-08-21T11:59:20.575842,WG,72121023,$972.65,"BOSTON, MA",08/25 11:10,"BOSTON, MA",08/25 15:48,"2,964",77,NO NOTES,3041,0.32,1,
2026-08-21T11:59:58.624028,WG,72121021,"$2,018.76","MORRISVILLE, PA",08/25 15:30,"CINCINNATI, OH",08/26 05:22,"2,706",582,NO NOTES,3288,0.61,2,
2026-08-21T12:05:08.553269,WG,72118396,"$2,457.77","MANCHESTER, PA",08/26 12:00,"DOTHAN, AL",08/27 09:26,"2,598",937,PLEASE BE SURE YOU ARE IN RANGE WHEN YOU ARRIVE AT PICKUP**SET POINT 20C,3535,0.70,2,
2026-08-21T12:05:12.740205,WG,72102888,"$1,865.02","LA VERGNE, TN",08/26 12:00,"TROY, MI",08/27 09:00,"1,990",563,"CORD11: TRUCK MUST HAVE FULL AMOUNT OF USABLE SPACE FOR THE TRUCK SIZE REQUESTED, 20FT OF USABLE SPACE, 12FT OF USABLE SPACE, 53FT OF USABLE SPACE.",2553,0.73,2,
2026-08-21T12:05:15.759723,WG,72118395,"$2,457.77","MANCHESTER, PA",08/26 12:00,"DOTHAN, AL",08/27 09:26,"2,598",937,PLEASE BE SURE YOU ARE IN RANGE WHEN YOU ARRIVE AT PICKUP**SET POINT 5C,3535,0.70,2,
2026-08-21T12:05:53.573236,SE,72120391,"$2,320.63","SUWANEE, GA",08/26 12:00,"SAN ANTONIO, TX",08/27 11:31,"2,173","1,035",NO NOTES,3208,0.72,2,
2026-08-21T12:25:45.826146,SE,72121022,"$4,769.21","EDWARDSVILLE, KS",08/21 18:00,"SPARKS, NV",08/23 05:18,"1,575","1,583",NO NOTES,3158,1.51,18,
2026-08-21T12:32:13.251608,WG,72121009,"$2,256.29","BETHLEHEM, PA",08/26 10:00,"SHEPHERDSVILLE, KY",08/27 07:00,"2,681",684,NO NOTES,3365,0.67,2,
2026-08-21T12:38:12.821286,WG,72121025,"$2,532.73","RENSSELAER, NY",08/25 13:00,"CALEDONIA, MI",08/26 08:00,"2,788",770,NO NOTES,3558,0.71,2,
2026-08-21T13:05:47.186137,SE,72120392,"$2,320.63","SUWANEE, GA",08/26 13:00,"SAN ANTONIO, TX",08/27 12:31,"2,173","1,035",NO NOTES,3208,0.72,2,
2026-08-21T13:11:45.783984,WG,72111401,"$1,134.02","LA VERNE, CA",08/26 13:00,"MONTCLAIR, CA",08/26 14:41,0,9,NO NOTES,9,126.00,71,
2026-08-21T13:11:50.850683,WG,72117590,"$2,723.04","ERWIN, TN",08/26 13:00,"NISKAYUNA, NY",08/27 08:00,"2,270",774,NO PETS ON TRUCK,3044,0.89,2,
2026-08-21T13:16:04.745690,WG,72121030,"$1,413.36","LODI, WI",08/25 09:00,"KANKAKEE, IL",08/25 15:09,"1,956",219,NO NOTES,2175,0.65,1,
2026-08-21T13:18:21.757287,WG,72120973,"$3,549.27","PHILADELPHIA, PA",08/26 08:00,"BROOKS, KY",08/27 09:00,"2,694",698,NO NOTES,3392,1.05,4,
2026-08-21T13:31:40.084162,WG,72120717,"$5,035.01","ALLENTOWN, PA",08/26 09:00,"KANSAS CITY, MO",08/27 10:00,"2,660","1,112",NO NOTES,3772,1.33,14,
2026-08-21T13:32:52.900909,SE,72121036,$548.48,"PRINCE GEORGE, VA",08/24 08:00,"VIRGINIA BEACH, VA",08/24 13:17,"2,580",85,SHIPMENT ON WHEELS NEED STRAPS!! THEY DO LOCK AS WELL!,2665,0.21,1,
2026-08-21T13:37:30.952028,WG,72121033,"$7,478.83","SAN DIEGO, CA",08/25 10:00,"PHILADELPHIA, PA",08/28 08:00,107,"2,750",NO NOTES,2857,2.62,52,
2026-08-21T13:39:28.171060,WG,72121026,"$1,019.94","ARLINGTON HEIGHTS, IL",08/26 09:30,"LEWIS CENTER, OH",08/27 08:00,"1,984",347,NO NOTES,2331,0.44,1,
2026-08-21T14:03:26.573720,WG,72121058,"$5,556.71","SHEPHERDSVILLE, KY",08/25 13:00,"TEMECULA, CA",08/27 11:30,"2,072","2,115",BAX5100: MUST HAVE TEAM DRIVERS FOR ALL RUNS NO MATTER WHAT THE MILEAGE IS.,4187,1.33,14,
2026-08-21T14:05:28.888825,WG,72121040,"$2,868.81","RENSSELAER, NY",08/26 13:00,"BLOOMINGTON, IN",08/27 08:17,"2,788",836,NO NOTES,3624,0.79,2,
2026-08-21T14:05:32.723206,WG,72120056,"$5,977.70","ANDOVER, MA",08/26 14:00,"ANDOVER, MA",08/28 07:28,"2,971","1,832",NO NEED TO USE TEMP UNIT OR DO SEC1 ON RETURNING EMPTIES BACK TO ANDOVER,4803,1.24,12,
2026-08-21T14:05:35.755130,WG,72102712,"$2,754.68","LA VERGNE, TN",08/26 14:00,"FAIRFIELD, NJ",08/27 10:03,"1,990",872,"CORD11: TRUCK MUST HAVE FULL AMOUNT OF USABLE SPACE FOR THE TRUCK SIZE REQUESTED, 20FT OF USABLE SPACE, 12FT OF USABLE SPACE, 53FT OF USABLE SPACE.",2862,0.96,2,
2026-08-21T14:05:39.976945,WG,72111848,"$1,074.14","MIRA LOMA, CA",08/26 14:00,"SANTA MONICA, CA",08/26 18:31,22,72,"L1145981: IF PICKING UP AT UPS MIRA LOMA, CA PU IS AT DOOR 2132.",94,11.43,71,
2026-08-21T14:11:41.752028,WG,72120144,"$1,616.93","OAK RIDGE, TN",08/26 14:00,"TWINSBURG, OH",08/27 08:00,"2,135",497,10.2 MI HAZ REROUTE: AT CINCINNATI - GO FROM I-75N TO I-275 TO I-71N,2632,0.61,1,
2026-08-21T14:16:04.181440,WG,72121079,"$1,187.25","ALLENTOWN, PA",08/25 09:00,"NEW CASTLE, DE",08/25 12:30,"2,660",85,NO NOTES,2745,0.43,1,
2026-08-21T14:17:12.030604,WG,72121062,"$1,574.59","GREENVILLE, NC",08/25 16:00,"WEST POINT, PA",08/26 08:00,"2,592",434,NO NOTES,3026,0.52,1,
2026-08-21T14:19:00.536801,SE,72121016,"$1,232.76","SHEFFIELD LAKE, OH",08/23 06:00,"DALTON, GA",08/24 08:00,"2,293",604,NO NOTES,2897,0.43,1,
2026-08-21T14:21:35.323759,WG,72120971,"$4,385.89","OLIVE BRANCH, MS",08/21 17:00,"LACHINE, QC",08/23 23:30,"1,782","1,297",NO NOTES,3079,1.42,16,
2026-08-21T14:51:33.255670,WG,72121068,"$2,449.80","ALLENTOWN, PA",08/25 12:00,"BROOKS, KY",08/26 13:00,"2,660",660,NO NOTES,3320,0.74,2,
2026-08-21T14:51:36.618408,WG,72121049,"$2,449.80","ALLENTOWN, PA",08/25 12:00,"BROOKS, KY",08/26 13:00,"2,660",660,NO NOTES,3320,0.74,2,
2026-08-21T14:59:41.392912,WG,72121050,$907.90,"SHEPHERDSVILLE, KY",08/26 09:00,"GROVEPORT, OH",08/26 15:18,"2,072",226,L1233585: BE SURE THAT YOUR PREVENTIVE MAINTANANCE IS UP TO DATE BEFORE PICKING UP.********,2298,0.40,1,
2026-08-21T15:05:09.963190,WG,72120354,"$1,087.53","MADISON, AL",08/26 15:00,"CINCINNATI, OH",08/27 07:00,"1,964",403,NO NOTES,2367,0.46,1,
2026-08-21T15:05:14.940138,WG,72112271,"$1,420.51","LOCKBOURNE, OH",08/26 15:00,"OLIVE BRANCH, MS",08/27 08:00,"2,227",594,NO NOTES,2821,0.50,1,
2026-08-21T15:05:19.838559,WG,72111083,"$7,490.70","LA VERGNE, TN",08/26 15:00,"SAN LEANDRO, CA",08/28 17:22,"1,990","2,297","CORD11: TRUCK MUST HAVE FULL AMOUNT OF USABLE SPACE FOR THE TRUCK SIZE REQUESTED, 20FT OF USABLE SPACE, 12FT OF USABLE SPACE, 53FT OF USABLE SPACE.",4287,1.75,28,
2026-08-21T15:05:24.138222,WG,72102009,"$1,716.75","SHEPHERDSVILLE, KY",08/26 15:00,"DOTHAN, AL",08/27 09:00,"2,072",538,NO NOTES,2610,0.66,1,
2026-08-21T15:12:05.950297,WG,72119229,"$3,666.66","EXTON, PA",08/26 15:00,"ARLINGTON, TN",08/27 13:17,"2,657",977,NO NOTES,3634,1.01,3,
2026-08-21T15:38:50.662234,WG,72120059,"$2,654.04","WHIPPANY, NJ",08/26 09:00,"MEMPHIS, TN",08/27 09:22,"2,732","1,075",NO NOTES,3807,0.70,2,
2026-08-21T15:41:04.974143,SE,72121072,"$2,166.83","CHATTANOOGA, TN",08/25 15:00,"ROCHESTER, NY",08/26 10:51,"2,099",863,NO NOTES,2962,0.73,2,
2026-08-21T15:42:45.506692,WG,72121075,$742.10,"MEMPHIS, TN",08/24 10:00,"OLIVE BRANCH, MS",08/24 11:55,"1,774",10,NO NOTES,1784,0.42,1,
2026-08-21T15:51:04.897007,WG,72120673,"$1,774.09","ROCKY MOUNT, NC",08/25 08:00,"SHEPHERDSVILLE, KY",08/26 07:00,"2,563",621,NO NOTES,3184,0.56,1,
2026-08-21T15:51:12.428294,WG,72121077,"$6,979.90","LOUISVILLE, KY",08/25 08:00,"KENT, WA",08/27 09:00,"2,062","2,414",L1068563: YOU MUST HAVE ALL OF YOUR USEABLE SPACE AVAILABLE. PLEASE ENSURE PERSONAL BELONGINGS ARE STOWED APPROPRIATELY.,4476,1.56,22,
2026-08-21T15:51:16.103447,WG,72121074,"$1,045.30","MANCHESTER, PA",08/25 08:00,"NEWARK, DE",08/25 11:14,"2,598",82,PLEASE ARRIVE AT PICKUP IN RANGE**SET POINT 5C,2680,0.39,1,
2026-08-21T15:52:31.536838,WG,72121076,"$1,273.47","SHEPHERDSVILLE, KY",08/25 15:00,"OLIVE BRANCH, MS",08/26 00:21,"2,072",369,L1233585: BE SURE THAT YOUR PREVENTIVE MAINTANANCE IS UP TO DATE BEFORE PICKING UP.********,2441,0.52,1,
2026-08-21T16:05:50.856813,WG,72102952,"$1,939.04","LA VERGNE, TN",08/26 16:00,"MONROEVILLE, PA",08/27 08:00,"1,990",587,"CORD11: TRUCK MUST HAVE FULL AMOUNT OF USABLE SPACE FOR THE TRUCK SIZE REQUESTED, 20FT OF USABLE SPACE, 12FT OF USABLE SPACE, 53FT OF USABLE SPACE.",2577,0.75,2,
2026-08-21T16:05:53.973551,WG,72114531,"$1,511.01","LA VERGNE, TN",08/26 16:00,"COLUMBUS, OH",08/27 08:00,"1,990",402,"CORD11: TRUCK MUST HAVE FULL AMOUNT OF USABLE SPACE FOR THE TRUCK SIZE REQUESTED, 20FT OF USABLE SPACE, 12FT OF USABLE SPACE, 53FT OF USABLE SPACE.",2392,0.63,1,
2026-08-21T16:09:26.827321,WG,72121098,"$3,294.35","LOUISVILLE, KY",08/25 10:00,"NORTHBOROUGH, MA",08/26 09:30,"2,062",937,L1068563: YOU MUST HAVE ALL OF YOUR USEABLE SPACE AVAILABLE. PLEASE ENSURE PERSONAL BELONGINGS ARE STOWED APPROPRIATELY.,2999,1.10,6,
2026-08-21T16:16:58.226928,WG,72121101,"$6,030.24","LOUISVILLE, KY",08/25 14:00,"CHINO, CA",08/28 06:00,"2,062","2,068",L1068563: YOU MUST HAVE ALL OF YOUR USEABLE SPACE AVAILABLE. PLEASE ENSURE PERSONAL BELONGINGS ARE STOWED APPROPRIATELY.,4130,1.46,18,
2026-08-21T16:17:51.447301,WG,72121100,"$1,152.04","COOKEVILLE, TN",08/26 09:00,"BROOKS, KY",08/26 14:00,"2,057",165,NO NOTES,2222,0.52,1,
2026-08-21T16:33:41.992935,SE,72121081,"$7,028.25","CHANTILLY, VA",08/25 10:00,"RIDGECREST, CA",08/28 11:00,"2,618","2,626",NO NOTES,5244,1.34,16,
2026-08-21T16:37:23.306947,WG,72120271,"$4,391.87","CLAYTON, NC",08/25 08:00,"ENGLEWOOD, CO",08/27 10:00,"2,528","1,688",NO NOTES,4216,1.04,5,
2026-08-21T16:47:19.402497,SE,72121055,"$6,859.86","MARION, VA",08/21 17:00,"SEATTLE, WA",08/24 11:00,"2,305","2,702",NO NOTES,5007,1.37,16,
2026-08-21T16:49:32.937157,WG,72121105,"$1,131.98","LAKEWOOD, NJ",08/24 09:30,"NEW BRUNSWICK, NJ",08/24 11:42,"2,741",33,NO NOTES,2774,0.41,1,
2026-08-21T16:51:05.327643,WG,72121107,"$3,855.10","LOUISVILLE, KY",08/25 09:00,"GRAPEVINE, TX",08/27 09:00,"2,062","1,211",L1068563: YOU MUST HAVE ALL OF YOUR USEABLE SPACE AVAILABLE. PLEASE ENSURE PERSONAL BELONGINGS ARE STOWED APPROPRIATELY.,3273,1.18,8,
2026-08-21T16:51:14.843778,WG,72121122,"$1,606.62","BROWNSBURG, IN",08/25 09:00,"KANSAS CITY, MO",08/26 10:00,"2,036",485,NO NOTES,2521,0.64,1,
2026-08-21T16:57:18.598496,WG,72120798,$747.47,"CARY, NC",08/24 14:00,"RALEIGH, NC",08/24 16:43,"2,503",20,NO NOTES,2523,0.30,1,
2026-08-21T17:05:58.714564,WG,72120860,"$2,063.12","RENO, NV",08/26 17:00,"TORRANCE, CA",08/27 11:00,544,534,PALLET JACK AND LIFTGATE REQUIRED AT DELVIERY,1078,1.91,27,
2026-08-21T17:06:01.892478,WG,72113867,"$1,225.28","GROVE CITY, OH",08/26 17:00,"WARRENDALE, PA",08/27 08:00,"2,217",203,"PR2297: IF PALLET JACK REQUESTED NEED TO MAKE SURE IT'S ACCESSIBLE TO OFFLOAD TRK. DRIVERS MAY NEED TO OFFLOAD TRK TO DOCK AT DELIVERIES, ESPECIALLY NC AND FL.",2420,0.51,1,
2026-08-21T17:06:05.266827,WG,72118959,"$1,999.25","MOUNT VERNON, IN",08/26 17:00,"SHREVEPORT, LA",08/27 07:56,"1,948",632,BRCOAR: TRAILER MUST BE EMPTY OUTSIDE OF EQUIPMENT NEEDED TO SECURE. NO PLYWOOD IN TRAILER FLOORS ON REEFER LOADS.,2580,0.77,2,
2026-08-21T17:12:22.294275,WG,72115202,"$1,480.06","SHEPHERDSVILLE, KY",08/26 17:00,"WARRENDALE, PA",08/27 08:00,"2,072",417,BAX5100: MUST HAVE TEAM DRIVERS FOR ALL RUNS NO MATTER WHAT THE MILEAGE IS.,2489,0.59,1,
2026-08-21T17:12:28.316207,WG,72112931,"$3,333.92","ROANOKE, TX",08/26 17:00,"LITTLETON, CO",08/27 10:28,"1,396",751,MUST BE US CITIZEN TEMP CONTROLLED HAZMAT,2147,1.55,18,
2026-08-21T17:16:15.980250,WG,72121086,$982.70,"MOUNT VERNON, IN",08/25 09:00,"LA VERGNE, TN",08/25 14:26,"1,948",185,BRCOAR: TRAILER MUST BE EMPTY OUTSIDE OF EQUIPMENT NEEDED TO SECURE. NO PLYWOOD IN TRAILER FLOORS ON REEFER LOADS.,2133,0.46,1,
2026-08-21T17:16:44.807226,WG,72120989,"$1,392.52","SHEPHERDSVILLE, KY",08/25 10:00,"BURR RIDGE, IL",08/26 09:00,"2,072",325,NO NOTES,2397,0.58,1,
2026-08-21T17:47:46.659738,WG,72113872,"$1,225.28","GROVE CITY, OH",08/26 17:30,"WARRENDALE, PA",08/27 08:00,"2,217",203,"PR2297: IF PALLET JACK REQUESTED NEED TO MAKE SURE IT'S ACCESSIBLE TO OFFLOAD TRK. DRIVERS MAY NEED TO OFFLOAD TRK TO DOCK AT DELIVERIES, ESPECIALLY NC AND FL.",2420,0.51,1,
2026-08-21T17:52:24.932474,WG,72121089,"$3,684.19","ROCKFORD, IL",08/25 13:00,"STERLING, VA",08/26 09:15,"1,929",774,ORDER NOTE: SO 944610 NU-594530 / NON-GMP PHYSIOJECT,2703,1.36,13,
2026-08-21T18:00:41.264747,WG,72121128,"$1,011.83","CRANBURY, NJ",08/24 10:00,"ELIZABETH, NJ",08/24 14:01,"2,727",35,NO NOTES,2762,0.37,1,
2026-08-21T18:06:07.704321,WG,72112829,"$1,307.04","BROOKS, KY",08/26 18:00,"COLLIERVILLE, TN",08/27 09:30,"2,067",360,IC7875: ENSURE THAT YOU HAVE THE ENTIRE BOL FILLED OUT AT THIS LOCATION.,2427,0.54,1,
2026-08-21T18:06:53.608967,SE,72114556,$798.43,"BROOKS, KY",08/26 18:00,"LOCKBOURNE, OH",08/27 07:00,"2,067",222,IC7875: ENSURE THAT YOU HAVE THE ENTIRE BOL FILLED OUT AT THIS LOCATION.,2289,0.35,1,
2026-08-21T18:09:42.942237,WG,72121092,"$1,979.41","LOUISVILLE, KY",08/25 13:00,"DOTHAN, AL",08/26 09:00,"2,062",550,L1068563: YOU MUST HAVE ALL OF YOUR USEABLE SPACE AVAILABLE. PLEASE ENSURE PERSONAL BELONGINGS ARE STOWED APPROPRIATELY.,2612,0.76,2,
2026-08-21T18:12:16.426484,WG,72101665,"$1,157.74","LA VERGNE, TN",08/26 18:00,"SAINT CHARLES, MO",08/27 08:00,"1,990",348,UP TO 10 PALLETS,2338,0.50,1,
2026-08-21T18:18:29.841068,WG,72121091,$989.29,"BEDFORD, MA",08/26 09:00,"NORTHBOROUGH, MA",08/27 10:30,"2,961",30,NO NOTES,2991,0.33,1,
2026-08-21T18:24:21.305971,WG,72121093,"$7,423.24","SAN DIEGO, CA",08/25 14:00,"BIRMINGHAM, AL",08/27 09:59,110,"1,997",NO NOTES,2107,3.52,77,
2026-08-21T18:30:17.751658,WG,72121116,"$1,749.09","ALLENTOWN, PA",08/25 09:00,"LOCKBOURNE, OH",08/27 14:00,"2,660",448,NO NOTES,3108,0.56,1,
2026-08-21T18:32:32.861931,WG,72121115,"$2,992.17","SAINT LOUIS, MO",08/26 10:00,"PEPPERELL, MA",08/27 12:40,"1,791","1,183",NO NOTES,2974,1.01,3,
2026-08-21T19:02:15.999797,WG,72121138,"$1,213.23","EAST GREENBUSH, NY",08/25 09:00,"ALLENTOWN, PA",08/25 15:14,"2,791",223,MUST BE SEALABLE,3014,0.40,1,
2026-08-21T19:07:25.123230,WG,72121129,"$1,376.48","ELIZABETH, NJ",08/24 07:30,"ELIZABETH, NJ",08/24 18:04,"2,745",309,NO NOTES,3054,0.45,1,
2026-08-21T19:19:47.638250,SE,72121158,"$1,298.40","CLINTON, IA",08/21 22:30,"BATAVIA, OH",08/22 09:54,"1,851",466,NO NOTES,2317,0.56,1,
2026-08-21T19:30:47.520409,WG,72121010,"$5,956.05","SALT LAKE CITY, UT",08/25 11:30,"BOYERS, PA",08/26 01:23,659,"1,831",NO NOTES,2490,2.39,44,
2026-08-21T19:31:54.673546,WG,72121131,"$2,363.63","BLOOMINGTON, IN",08/26 09:00,"ALLENTOWN, PA",08/27 09:00,"2,021",674,NO NOTES,2695,0.88,2,
2026-08-21T19:42:03.123936,WG,72121132,"$2,552.27","BROOKS, KY",08/26 14:00,"ROBBINSVILLE, NJ",08/27 06:38,"2,067",712,IC7875: ENSURE THAT YOU HAVE THE ENTIRE BOL FILLED OUT AT THIS LOCATION.,2779,0.92,2,
2026-08-21T22:33:42.207005,SE,72121150,$555.36,"GOLDSBORO, NC",08/23 23:00,"CLAYTON, NC",08/24 05:00,"2,564",38,NO NOTES,2602,0.21,1,
2026-08-21T22:40:48.836042,SE,72121149,$754.07,"GOLDSBORO, NC",08/23 23:00,"SANFORD, NC",08/24 07:00,"2,564",84,NO NOTES,2648,0.28,1,
2026-08-21T22:54:23.427697,SE,72121148,"$1,250.37","GOLDSBORO, NC",08/22 20:00,"ATHENS, GA",08/23 06:00,"2,564",392,NO NOTES,2956,0.42,1,
2026-08-22T04:38:41.809637,WG,72121151,"$3,462.76","OLIVE BRANCH, MS",08/25 16:00,"SCHERTZ, TX",08/26 12:00,"1,782",745,NO NOTES,2527,1.37,13,
2026-08-22T05:59:32.013785,WG,72121133,"$1,129.73","DES PLAINES, IL",08/25 20:00,"CINCINNATI, OH",08/26 08:00,"1,983",328,NO NOTES,2311,0.49,1,
2026-08-22T08:54:44.385092,SE,72121164,$812.88,"TAMPA, FL",08/22 23:45,"MIAMI, FL",08/23 07:37,"2,500",268,WILL BE PICKING UP A SHIPMENT FROM ANOTHER TRUCK. WILL NEED TO ASSIST WITH THE HAND TRANSFER!!,2768,0.29,1,
2026-08-22T12:47:27.415022,WG,72112256,"$1,313.47","LOCKBOURNE, OH",08/26 19:00,"CHESTERFIELD, MO",08/27 09:00,"2,227",463,NO NOTES,2690,0.49,1,
2026-08-22T13:02:52.703523,WG,72112267,"$1,265.68","BROOKS, KY",08/26 19:00,"OLIVE BRANCH, MS",08/27 07:00,"2,067",374,NO NOTES,2441,0.52,1,
2026-08-22T13:06:12.410392,WG,72110378,$926.68,"LA VERGNE, TN",08/26 19:00,"LOUISVILLE, KY",08/27 08:00,"1,990",196,"CORD11: TRUCK MUST HAVE FULL AMOUNT OF USABLE SPACE FOR THE TRUCK SIZE REQUESTED, 20FT OF USABLE SPACE, 12FT OF USABLE SPACE, 53FT OF USABLE SPACE.",2186,0.42,1,
2026-08-22T13:06:19.671922,WG,72112267,"$1,265.68","BROOKS, KY",08/26 19:00,"OLIVE BRANCH, MS",08/27 07:00,"2,067",374,NO NOTES,2441,0.52,1,
2026-08-22T14:54:43.258625,WG,72114569,"$1,698.61","BROOKS, KY",08/26 20:00,"CORAOPOLIS, PA",08/27 13:35,"2,067",403,IC7875: ENSURE THAT YOU HAVE THE ENTIRE BOL FILLED OUT AT THIS LOCATION.,2470,0.69,1,
2026-08-22T15:47:45.222620,SE,72121198,"$1,286.20","BATESVILLE, MS",08/22 19:00,"LAFAYETTE, IN",08/23 06:30,"1,822",553,NO NOTES,2375,0.54,1,
2026-08-22T17:20:21.798210,WG,72119780,$884.37,"BALTIMORE, MD",08/27 08:00,"MACUNGIE, PA",08/27 12:27,"2,618",139,NO NOTES,2757,0.32,1,
2026-08-22T17:40:30.495667,WG,72116268,"$1,002.09","MONTPELIER, VT",08/27 08:00,"STRATFORD, CT",08/27 15:52,"2,913",253,DRIVER MUST HAVE BIRTH CERTIFICATE OR PASSPORT FOR DELIVERY. THEY WILL TURN THEM AWAY IF THEY DON'T HAVE ONE OF THESE,3166,0.32,1,
2026-08-22T17:55:01.924599,WG,72111887,"$1,092.91","LOUISVILLE, KY",08/27 08:00,"LOUISVILLE, KY",08/27 08:00,"2,062",0,L1068563: YOU MUST HAVE ALL OF YOUR USEABLE SPACE AVAILABLE. PLEASE ENSURE PERSONAL BELONGINGS ARE STOWED APPROPRIATELY.,2062,0.53,1,
2026-08-22T18:26:51.226024,WG,72113757,"$1,267.60","ALLENTOWN, PA",08/27 09:00,"RENSSELAER, NY",08/27 15:08,"2,660",218,NO NOTES,2878,0.44,1,
2026-08-22T18:33:18.285574,WG,72121032,$972.65,"BOSTON, MA",08/27 09:00,"BOSTON, MA",08/27 14:21,"2,964",77,NO NOTES,3041,0.32,1,
2026-08-22T18:47:50.001259,WG,72113768,"$1,351.06","PHILADELPHIA, PA",08/27 09:00,"RENSSELAER, NY",08/27 15:07,"2,694",217,NO NOTES,2911,0.46,1,
2026-08-22T19:01:51.626053,WG,72121095,"$1,860.00","LOCKBOURNE, OH",08/27 09:00,"RENSSELAER, NY",08/28 08:00,"2,227",629,NO NOTES,2856,0.65,2,
2026-08-22T19:05:37.703274,WG,72121095,"$1,860.00","LOCKBOURNE, OH",08/27 09:00,"RENSSELAER, NY",08/28 08:00,"2,227",629,NO NOTES,2856,0.65,2,
2026-08-23T01:51:23.779620,WG,72062689,"$1,220.57","LOUISVILLE, KY",08/25 16:30,"OLIVE BRANCH, MS",08/26 09:00,"2,062",381,DRIVER NEEDS TO REFERENCE DELIVERY# 232733997 AT PICKUP,2443,0.50,1,
2026-08-23T01:52:50.026821,WG,72121117,"$2,554.58","BLOOMINGTON, IN",08/27 09:00,"TARRYTOWN, NY",08/27 14:41,"2,021",802,NO NOTES,2823,0.90,2,
2026-08-23T01:52:58.167625,WG,72118439,"$1,224.98","MOUNT VERNON, IN",08/27 15:00,"OLIVE BRANCH, MS",08/28 02:00,"1,948",302,PLEASE BE IN RANGE WHEN YOU ARRIVE AT SHIPPER**SET POINT 5C,2250,0.54,1,
2026-08-23T01:53:00.588729,WG,72111095,$939.03,"LA VERGNE, TN",08/27 16:00,"COLLIERVILLE, TN",08/28 09:00,"1,990",219,"CORD11: TRUCK MUST HAVE FULL AMOUNT OF USABLE SPACE FOR THE TRUCK SIZE REQUESTED, 20FT OF USABLE SPACE, 12FT OF USABLE SPACE, 53FT OF USABLE SPACE.",2209,0.43,1,
2026-08-23T01:53:02.998453,WG,72114882,"$1,774.89","SHEPHERDSVILLE, KY",08/27 18:00,"DOTHAN, AL",08/28 09:00,"2,072",538,BAX5100: MUST HAVE TEAM DRIVERS FOR ALL RUNS NO MATTER WHAT THE MILEAGE IS.,2610,0.68,1,
2026-08-23T07:28:27.799377,WG,72121175,"$3,272.66","LA VERGNE, TN",08/23 14:00,"LUBBOCK, TX",08/24 16:00,"1,990","1,044","CORD11: TRUCK MUST HAVE FULL AMOUNT OF USABLE SPACE FOR THE TRUCK SIZE REQUESTED, 20FT OF USABLE SPACE, 12FT OF USABLE SPACE, 53FT OF USABLE SPACE.",3034,1.08,5,
2026-08-23T10:11:39.805515,SE,72120530,"$33,058.42","ANDOVER, MA",08/28 10:00,"ANDOVER, MA",09/2 08:00,"2,971","3,324",NO NOTES,6295,5.25,100,
2026-08-23T12:51:35.335237,WG,72121202,"$2,390.38","CHESWICK, PA",08/26 08:00,"BURLINGTON, MA",08/26 21:38,"2,417",571,POC: JEFFREY TOMANIO CURTISS-WRIGHT EMD SHIPPING COORDINATOR 724-275-5489 WORK 412-327-3174 CELL,2988,0.80,2,
2026-08-24T07:23:37.383207,WG,72121208,$969.74,"CRANBURY, NJ",08/26 10:00,"RARITAN, NJ",08/26 12:07,"2,727",29,NO NOTES,2756,0.35,1,
2026-08-24T07:30:41.623790,WG,72121210,"$1,060.49","CRANBURY, NJ",08/26 10:00,"RARITAN, NJ",08/26 12:07,"2,727",29,NO NOTES,2756,0.38,1,
2026-08-24T07:32:04.675519,WG,72121209,$969.74,"CRANBURY, NJ",08/27 10:00,"RARITAN, NJ",08/27 12:07,"2,727",29,NO NOTES,2756,0.35,1,
2026-08-24T07:32:07.113798,WG,72121211,"$1,060.49","CRANBURY, NJ",08/27 10:00,"RARITAN, NJ",08/27 12:07,"2,727",29,NO NOTES,2756,0.38,1,
2026-08-24T07:46:11.000152,SE,72121212,$666.90,"DECATUR, AL",08/24 10:00,"LOUISVILLE, KY",08/25 08:00,"1,951",283,NO NOTES,2234,0.30,1,
2026-08-24T07:57:00.658433,WG,72120665,"$4,854.35","SOMERSET, NJ",08/25 08:00,"KANSAS CITY, MO",08/26 10:32,"2,727","1,177",NO NOTES,3904,1.24,11,
2026-08-24T09:11:34.627294,SE,72118426,$826.34,"DE KALB, IL",08/29 09:00,"ROCKFORD, IL",08/29 11:10,"1,924",32,DRIVERS LIFT GATE HAS TO BE FLAT. LOADING OFF STREET,1956,0.42,1,
2026-08-24T10:30:02.334232,WG,72120861,"$3,943.14","MORRISVILLE, NC",08/26 08:00,"BURLINGTON, ON",08/27 08:00,"2,499",955,NO NOTES,3454,1.14,7,
2026-08-24T10:38:55.712751,SE,72121196,$947.07,"ROCHESTER, NH",08/24 13:00,"MONTPELIER, VT",08/25 08:00,"3,028",154,NO NOTES,3182,0.30,1,
2026-08-24T11:02:55.391068,WG,72121342,"$2,174.66","LOUISVILLE, KY",08/26 17:00,"CARY, NC",08/27 09:00,"2,062",556,NO NOTES,2618,0.83,2,
2026-08-24T11:03:50.110433,SE,72121341,"$4,513.46","COATESVILLE, PA",08/24 12:00,"POMONA, MO",08/25 11:49,"2,645","1,049",NO NOTES,3694,1.22,10,
2026-08-24T11:09:44.724828,WG,72120178,$983.75,"BOONE, IA",08/26 12:02,"ORANGE CITY, IA",08/26 17:20,"1,674",179,"BLIND SHIPMENT, DOES NOT WANT THE PICKUP TO KNOW WHERE ITS DELIVERING TO",1853,0.53,1,
2026-08-24T11:11:16.627036,SE,72121329,"$1,605.54","MECHANICSBURG, PA",08/24 16:00,"MILLBURN, NJ",08/25 09:00,"2,575",163,NO NOTES,2738,0.59,1,
2026-08-24T11:25:03.833508,SE,72121328,$889.57,"MAMARONECK, NY",08/24 14:00,"PITMAN, NJ",08/24 18:15,"2,780",130,NO NOTES,2910,0.31,1,
2026-08-24T11:31:00.697612,WG,72121358,"$3,333.92","ROANOKE, TX",08/26 17:00,"LITTLETON, CO",08/27 10:28,"1,396",751,MUST BE US CITIZEN TEMP CONTROLLED HAZMAT,2147,1.55,18,
2026-08-24T11:32:04.809424,SE,72121360,"$2,411.20","MILLVILLE, NJ",08/26 06:00,"PORT CHESTER, NY",08/26 10:56,"2,719",162,NO NOTES,2881,0.84,2,
2026-08-24T11:32:14.777752,SE,72121343,"$1,507.44","OMAHA, NE",08/27 15:00,"ANN ARBOR, MI",08/28 08:00,"1,521",699,NO NOTES,2220,0.68,1,
2026-08-24T11:37:16.330199,WG,72121361,"$3,013.05","EAST GREENBUSH, NY",08/26 09:00,"NASHVILLE, TN",08/27 09:00,"2,791","1,010",NO NOTES,3801,0.79,3,
2026-08-24T11:44:18.591725,WG,72121362,"$5,632.44","IRVINE, CA",08/26 11:00,"INDIANAPOLIS, IN",08/28 08:37,42,"2,074",NO NOTES,2116,2.66,52,
2026-08-24T11:45:58.625427,SE,72121346,$569.86,"OLATHE, KS",08/25 11:00,"QUAPAW, OK",08/25 15:30,"1,584",141,"RU1561: SHIPMENTS MUST DELIVER AT DESIGNATED DATE AND TIME, CANNOT DELIVER EARLY.",1725,0.33,1,
2026-08-24T12:01:48.523133,WG,72121363,"$3,602.99","PHILADELPHIA, PA",08/26 08:30,"BROOKS, KY",08/27 09:00,"2,694",698,NO NOTES,3392,1.06,5,
2026-08-24T12:08:23.716100,WG,72121364,"$2,836.87","LA VERGNE, TN",08/25 15:00,"BLOOMSBURY, NJ",08/26 10:15,"1,990",835,NO NOTES,2825,1.00,3,
2026-08-24T12:23:02.990780,WG,72121380,"$2,114.38","PLEASANT PRAIRIE, WI",08/26 09:00,"MORRISVILLE, NC",08/27 04:40,"2,018",854,"L1218217: TRAILER MUST BE EMPTY AND NO PERSONAL ITEMS, OR PALLET JACK, SECUREMENT ITEMS ONLY",2872,0.74,2,
2026-08-24T12:38:50.251575,WG,72118796,"$1,569.27","CORONA, CA",08/27 18:00,"TEMPE, AZ",08/28 11:00,28,345,NO NOTES,373,4.21,71,
2026-08-24T12:45:29.026599,WG,72121351,"$1,126.05","PHILADELPHIA, PA",08/27 10:00,"SOUDERTON, PA",08/27 12:12,"2,694",33,NO NOTES,2727,0.41,1,
2026-08-24T12:53:00.573431,SE,72121352,"$2,752.84","GLENWOOD, IL",08/25 15:00,"PITTSFIELD, MA",08/26 10:22,"1,991",840,NO NOTES,2831,0.97,2,
2026-08-24T13:11:12.679822,SE,72121347,$736.08,"MIDLOTHIAN, VA",08/27 14:00,"ALLENTOWN, PA",08/28 07:30,"2,556",300,NO NOTES,2856,0.26,1,
2026-08-24T13:30:32.725896,WG,72121403,"$2,390.90","WARTBURG, TN",08/26 14:00,"ELK GROVE VILLAGE, IL",08/27 09:00,"2,116",576,NO NOTES,2692,0.89,2,
2026-08-24T13:45:39.957407,WG,72119744,"$4,922.75","WILMINGTON, MA",08/28 12:00,"LITTLETON, CO",08/31 10:00,"2,967","2,012",NO NOTES,4979,0.99,4,
2026-08-24T13:50:03.306071,WG,72121425,"$1,342.37","ERIE, PA",08/25 14:00,"INDIANAPOLIS, IN",08/26 08:00,"2,418",407,NO NOTES,2825,0.48,1,
2026-08-24T14:01:56.910589,WG,72121124,"$4,381.54","MEMPHIS, TN",08/26 09:00,"DENVER, CO",08/27 13:00,"1,774","1,096",NO NOTES,2870,1.53,19,
2026-08-24T14:17:27.927952,WG,72121406,"$1,028.69","RICHLAND, MS",08/27 15:15,"MEMPHIS, TN",08/27 21:15,"1,820",207,NO NOTES,2027,0.51,1,
2026-08-24T14:18:07.843570,SE,72121195,"$1,004.73","EXTON, PA",08/25 08:00,"ASHBURN, VA",08/25 12:50,"2,657",157,NO NOTES,2814,0.36,1,
2026-08-24T15:03:07.964115,WG,72121431,"$1,160.72","MALVERN, PA",08/27 08:00,"RARITAN, NJ",08/27 10:52,"2,662",65,NO NOTES,2727,0.43,1,
2026-08-24T15:09:14.075169,WG,72121452,"$6,257.52","RENO, NV",08/26 14:00,"LOCKBOURNE, OH",08/28 15:24,460,"2,252",IC7875: ENSURE THAT YOU HAVE THE ENTIRE BOL FILLED OUT AT THIS LOCATION.,2712,2.31,42,
2026-08-24T15:29:29.220527,WG,72121454,$932.22,"INDIANAPOLIS, IN",08/26 07:15,"LOUISVILLE, KY",08/26 11:24,"2,046",125,NO NOTES,2171,0.43,1,
2026-08-24T15:44:15.833943,WG,72121413,"$2,313.55","NEW BRUNSWICK, NJ",08/26 13:30,"NORTH CHICAGO, IL",08/27 10:00,"2,730",832,NO NOTES,3562,0.65,2,
2026-08-24T15:44:45.108485,WG,72121453,"$6,257.52","RENO, NV",08/26 16:00,"LOCKBOURNE, OH",08/28 17:24,460,"2,252",NO NOTES,2712,2.31,42,
2026-08-24T15:45:34.659907,WG,72121415,"$3,294.12","LA VERGNE, TN",08/27 13:00,"NEW HYDE PARK, NY",08/28 09:51,"1,990",910,NO NOTES,2900,1.14,7,
2026-08-24T15:59:38.083850,WG,72118858,"$5,152.17","ARLINGTON, VA",08/28 12:00,"FARGO, ND",08/30 13:00,"2,634","1,341",NO NOTES,3975,1.30,13,
2026-08-24T16:09:20.784540,WG,72121130,"$3,185.09","PLAINFIELD, IN",08/26 13:00,"BETHLEHEM, PA",08/27 04:36,"2,026",663,NO NOTES,2689,1.18,8,
2026-08-24T16:30:22.943898,WG,72121501,"$5,755.04","LOCKBOURNE, OH",08/26 16:00,"TEMPE, AZ",08/28 09:33,"2,227","1,883",IC7875: ENSURE THAT YOU HAVE THE ENTIRE BOL FILLED OUT AT THIS LOCATION.,4110,1.40,16,
2026-08-24T16:30:40.623786,WG,72121461,"$2,763.54","LOUISVILLE, KY",08/26 17:30,"FORT WORTH, TX",08/27 07:00,"2,062",866,NO NOTES,2928,0.94,2,
2026-08-24T16:30:58.339868,WG,72121498,"$1,153.56","CAPITOL HEIGHTS, MD",08/27 03:00,"SNOWSHOE, WV",08/27 09:32,"2,643",237,NO NOTES,2880,0.40,1,
2026-08-24T16:52:27.097532,WG,72121464,"$2,976.32","WILMINGTON, OH",08/27 15:00,"WALTHAM, MA",08/28 09:41,"2,185",808,NO NOTES,2993,0.99,3,
2026-08-24T17:17:38.737051,SE,72121472,"$2,277.90","INDIANAPOLIS, IN",08/24 18:30,"MILLBURN, NJ",08/25 11:03,"2,029",708,NO NOTES,2737,0.83,2,
2026-08-24T17:50:06.082019,WG,72121485,"$1,254.14","NEWARK, DE",08/25 18:30,"PINE BROOK, NJ",08/26 09:00,"2,680",132,NO NOTES,2812,0.45,1,
2026-08-24T18:30:02.983342,WG,72121529,"$6,257.52","RENO, NV",08/26 14:00,"LOCKBOURNE, OH",08/28 15:30,460,"2,252",IC7875: ENSURE THAT YOU HAVE THE ENTIRE BOL FILLED OUT AT THIS LOCATION.,2712,2.31,42,
2026-08-24T19:08:58.527514,WG,72121509,"$2,350.71","GREENVILLE, NC",08/26 13:00,"BROOKS, KY",08/27 08:00,"2,592",647,NO NOTES,3239,0.73,2,
2026-08-24T19:29:49.737685,WG,72121511,"$2,219.93","GREENVILLE, NC",08/26 13:00,"SHEPHERDSVILLE, KY",08/27 08:00,"2,592",650,L1244392: TEAM DRIVERS ONLY FOR ALL TAKEDA RUNS,3242,0.68,2,
2026-08-24T19:38:10.395083,WG,72121512,"$1,574.46","ALLENTOWN, PA",08/27 12:00,"LOCKBOURNE, OH",08/28 08:00,"2,660",448,L1244392: TEAM DRIVERS ONLY FOR ALL TAKEDA RUNS,3108,0.51,1,
2026-08-24T19:45:23.922836,WG,72121513,,,,,,,,NO NOTES,,,1,
2026-08-24T19:59:23.043698,SE,72121538,"$4,643.13","HELENA, MT",08/25 10:00,"TEMPE, AZ",08/26 13:10,"1,140","1,207",DRIVERS LICENSE / IDENTITY TO MATCH NAME OF EXPECTED PICKUP PERSON,2347,1.98,31,
2026-08-24T20:10:34.707164,SE,72121516,"$2,084.53","SAN DIEGO, CA",08/26 12:00,"GILBERT, AZ",08/27 11:00,102,376,NO NOTES,478,4.36,72,
2026-08-24T20:17:23.413954,SE,72121537,$985.33,"SPRINGFIELD GARDENS, NY",08/25 06:00,"HOOKSETT, NH",08/25 12:30,"2,781",255,****DRIVER MUST HAVE PAPERWORK PRINTED OPT AND IN HAND FOR AIRLINE PICK-UP!**** GE WILL PROVIDE ONCE LOAD IS COVERED,3036,0.32,1,
2026-08-24T20:45:11.528656,WG,72121539,$818.46,"INDIANAPOLIS, IN",08/28 08:30,"PLEASANT PRAIRIE, WI",08/28 15:16,"2,033",248,"L1218217: TRAILER MUST BE EMPTY AND NO PERSONAL ITEMS, OR PALLET JACK, SECUREMENT ITEMS ONLY",2281,0.36,1,
2026-08-24T22:45:14.743400,SE,72121570,$640.32,"GOLDSBORO, NC",08/25 04:01,"SANFORD, NC",08/25 07:18,"2,564",84,NO NOTES,2648,0.24,1,
2026-08-25T01:21:43.203614,WG,72112475,"$1,655.64","BROOKS, KY",08/25 15:01,"KERNERSVILLE, NC",08/26 08:00,"2,067",472,NO NOTES,2539,0.65,1,
2026-08-25T07:24:10.541759,SE,72121577,"$1,163.98","ONTARIO, CA",08/25 08:13,"ONTARIO, CA",08/25 23:59,15,467,LVBILL2: **** ALL DRIVERS MUST READ AND FOLLOW THESE SECURITY MEASURES ON ALL LOUIS VUITTON SHIPMENTS ****,482,2.41,41,
2026-08-25T07:24:19.328656,SE,72118638,"$4,126.69","KEWAUNEE, WI",08/26 12:00,"SEATTLE, WA",08/28 10:30,"2,110","1,965",NO NOTES,4075,1.01,4,
2026-08-25T07:36:28.127958,WG,72121579,"$2,363.63","BLOOMINGTON, IN",08/26 11:00,"ALLENTOWN, PA",08/27 11:15,"2,021",674,NO NOTES,2695,0.88,2,
2026-08-25T07:44:49.196817,WG,72121543,"$2,041.31","CALEDONIA, MI",08/27 09:00,"ALLENTOWN, PA",08/28 00:41,"2,153",667,NO NOTES,2820,0.72,2,
2026-08-25T08:17:10.748047,SE,72120775,$846.03,"HICKSVILLE, NY",08/25 09:00,"JAMAICA, NY",08/25 10:58,"2,791",22,NO NOTES,2813,0.30,1,
2026-08-25T09:00:29.602799,WG,72121546,"$3,000.44","MARSEILLES, IL",08/25 14:00,"LYNCHBURG, VA",08/26 08:00,"1,925",754,L1238923: NO PETS,2679,1.12,6,
2026-08-25T09:10:01.738598,SE,72121547,"$1,091.71","WILMINGTON, DE",08/25 14:00,"VALLEY VIEW, OH",08/26 07:00,"2,674",409,NO NOTES,3083,0.35,1,
2026-08-25T09:16:19.413301,WG,72121588,"$2,539.55","PENNSVILLE, NJ",08/27 08:00,"VANDALIA, OH",08/27 20:47,"2,676",531,NO NOTES,3207,0.79,2,
2026-08-25T09:23:25.859848,WG,72121589,"$2,135.60","SOMERSET, NJ",08/27 08:00,"SHEPHERDSVILLE, KY",08/28 07:00,"2,727",730,NO NOTES,3457,0.62,2,
2026-08-25T09:24:14.928928,SE,72121549,"$1,457.67","GREENVILLE, MI",08/25 15:00,"MADISON, AL",08/26 10:16,"2,177",697,NO NOTES,2874,0.51,1,
2026-08-25T09:44:21.779121,WG,72121593,"$3,279.81","PALM BAY, FL",08/27 08:00,"ROCHESTER, NY",08/28 12:22,"2,549","1,263",NO NOTES,3812,0.86,3,
2026-08-25T09:45:13.172583,SE,72121594,"$3,018.81","LEWISVILLE, TX",08/26 09:00,"MIAMI, FL",08/27 15:12,"1,411","1,349",NO NOTES,2760,1.09,5,
2026-08-25T09:51:42.165565,WG,72121595,"$2,209.16","SCHENECTADY, NY",08/27 14:00,"MONROEVILLE, PA",08/28 08:00,"2,775",459,MUST HAVE A REAL ID DRIVERS LICENSE - NO DUAL CITITZENSHIP,3234,0.68,2,
2026-08-25T10:09:11.682465,WG,72121612,"$3,000.92","WINCHESTER, KY",08/27 08:00,"PHILADELPHIA, PA",08/28 08:00,"2,143",633,NO NOTES,2776,1.08,5,
2026-08-25T10:09:35.262691,WG,72121611,"$2,397.59","WINCHESTER, KY",08/27 11:00,"LEOLA, PA",08/28 08:00,"2,143",562,NO NOTES,2705,0.89,2,
2026-08-25T10:30:16.434447,WG,72121620,"$4,076.22","DANBURY, CT",08/27 09:00,"NEW ORLEANS, LA",08/28 15:22,"2,804","1,357",NO NOTES,4161,0.98,4,
2026-08-25T10:30:30.724118,WG,72120468,"$3,333.89","EAST GREENBUSH, NY",08/27 10:00,"MENOMONIE, WI",08/28 12:19,"2,791","1,167",NO NOTES,3958,0.84,3,
2026-08-25T10:51:18.886054,WG,72121623,"$1,260.73","CALEDONIA, MI",08/27 09:00,"BLOOMINGTON, IN",08/28 08:00,"2,153",322,NO NOTES,2475,0.51,1,
2026-08-25T10:51:48.641140,WG,72121622,"$1,563.27","GREENVILLE, NC",08/27 16:00,"ALLENTOWN, PA",08/28 07:30,"2,592",451,NO NOTES,3043,0.51,1,
2026-08-25T10:58:57.625553,SE,72118510,"$1,210.46","ALEXANDRIA, VA",08/26 08:00,"NASHVILLE, TN",08/27 11:15,"2,633",656,NO NOTES,3289,0.37,1,
2026-08-25T11:02:30.476749,WG,72121548,"$2,869.42","LEXINGTON, KY",08/27 14:00,"ALLENTOWN, PA",08/28 08:00,"2,128",613,NO NOTES,2741,1.05,4,
2026-08-25T11:16:53.297610,SE,72121624,"$1,884.26","JEFFERSON, LA",08/25 17:21,"TAMPA, FL",08/26 08:14,"1,864",629,NO NOTES,2493,0.76,2,
2026-08-25T11:45:15.363454,SE,72121111,"$3,679.25","DENVER, CO",08/29 10:00,"DAYTON, OH",08/31 08:30,994,"1,206",NO NOTES,2200,1.67,22,
2026-08-25T12:09:15.628379,WG,72121637,"$1,529.70","BEDFORD, NH",08/27 14:00,"SYRACUSE, NY",08/28 08:00,"2,992",286,PLEASE BE SURE TO INCLUDE A TRUCK SEAL ON THIS SHIPMENT,3278,0.47,1,
2026-08-25T12:30:20.887893,WG,72121664,"$1,795.71","LA VERGNE, TN",08/27 15:00,"CHICAGO, IL",08/28 09:00,"1,990",490,NO NOTES,2480,0.72,1,
2026-08-25T12:36:52.528084,WG,72121679,"$2,160.76","FISHERS, IN",08/27 09:00,"MORRISVILLE, NC",08/27 23:40,"2,061",619,NO NOTES,2680,0.81,2,
2026-08-25T13:09:34.509824,SE,72121670,"$3,027.66","MANSFIELD, TX",08/25 18:00,"JOLIET, IL",08/26 15:14,"1,397",928,NO NOTES,2325,1.30,11,
2026-08-25T13:30:23.154876,SE,72121572,"$3,311.32","NORWALK, CT",08/26 09:00,"MIAMI, FL",08/27 15:04,"2,802","1,343",NO NOTES,4145,0.80,3,
2026-08-25T13:44:06.768543,WG,72121674,"$3,827.59","LITTLETON, CO",08/28 10:00,"KING OF PRUSSIA, PA",08/31 07:30,994,"1,737",NO NOTES,2731,1.40,15,
2026-08-25T13:51:06.488842,WG,72121705,"$6,613.56","SAN DIEGO, CA",08/28 18:00,"WAYNE, NJ",08/31 07:19,124,"2,812",NEED 8 PADS 6 BARS AND 9 STRAPS TO SECURE US CITIZENS,2936,2.25,41,
2026-08-25T14:08:39.963250,WG,72121450,"$2,062.24","AURORA, CO",08/27 11:00,"JACKSON, WY",08/28 11:00,999,532,NO NOTES,1531,1.35,11,
2026-08-25T14:22:53.529903,WG,72121711,"$2,437.56","LOCKBOURNE, OH",08/27 17:00,"MALVERN, PA",08/28 07:00,"2,227",449,NO NOTES,2676,0.91,2,
2026-08-25T14:22:55.917001,WG,72121710,"$1,164.87","MALVERN, PA",08/28 07:00,"RARITAN, NJ",08/28 11:00,"2,662",65,NO NOTES,2727,0.43,1,
2026-08-25T14:29:21.566790,WG,72121692,$983.44,"PATASKALA, OH",08/27 08:00,"CINCINNATI, OH",08/27 12:19,"2,239",109,NO NOTES,2348,0.42,1,
2026-08-25T14:30:05.141893,WG,72121712,"$1,164.87","MALVERN, PA",08/28 07:30,"RARITAN, NJ",08/28 10:22,"2,662",65,NO NOTES,2727,0.43,1,
2026-08-25T14:30:07.895520,WG,72121709,$954.86,"MALVERN, PA",08/28 08:00,"PINE BROOK, NJ",08/28 12:00,"2,662",95,NO NOTES,2757,0.35,1,
2026-08-25T14:43:34.982695,WG,72121668,"$3,096.49","ALLENTOWN, PA",08/27 10:00,"LENEXA, KS",08/28 11:30,"2,660","1,124",NO NOTES,3784,0.82,3,
2026-08-25T14:43:43.892848,WG,72121738,"$1,023.87","ROBBINSVILLE, NJ",08/27 11:00,"SOMERSET, NJ",08/27 13:17,"2,714",37,NO NOTES,2751,0.37,1,
2026-08-25T14:50:14.106135,WG,72121713,$936.12,"NORTH CHARLESTON, SC",08/27 07:30,"WILMINGTON, NC",08/27 14:37,"2,464",178,NO NOTES,2642,0.35,1,
2026-08-25T14:50:23.195554,WG,72121714,"$1,056.13","NEW BRUNSWICK, NJ",08/27 08:30,"SOUDERTON, PA",08/27 11:22,"2,730",65,NO NOTES,2795,0.38,1,
2026-08-25T14:51:19.988123,WG,72121651,"$8,090.69","RENO, NV",08/28 17:00,"LA VERGNE, TN",08/31 09:00,544,"2,162",CUSTOMER ADVISED THERE ARE CURRENTLY WILDFIRES IN THE AREA,2706,2.99,63,
2026-08-25T14:57:27.993230,WG,72121740,"$1,115.56","LOCKBOURNE, OH",08/27 09:00,"BROOKS, KY",08/28 08:00,"2,227",221,IC7875: ENSURE THAT YOU HAVE THE ENTIRE BOL FILLED OUT AT THIS LOCATION.,2448,0.46,1,
2026-08-25T15:01:42.111191,WG,72121097,"$2,019.02","CINCINNATI, OH",08/27 13:00,"BREINIGSVILLE, PA",08/28 07:30,"2,153",542,NO NOTES,2695,0.75,2,
2026-08-25T15:02:13.572965,WG,72121741,$746.00,"NASHVILLE, TN",08/28 09:30,"LA VERGNE, TN",08/28 11:45,"1,979",12,NO NOTES,1991,0.37,1,
2026-08-25T15:16:25.011882,SE,72121715,"$4,308.66","GLENWOOD, IL",08/26 13:00,"PRINEVILLE, OR",08/28 12:00,"1,991","2,011",NO NOTES,4002,1.08,6,
2026-08-25T15:43:45.720975,WG,72121791,"$3,170.56","BROOKS, KY",08/27 11:00,"SIOUX FALLS, SD",08/28 09:00,"2,067",872,IC7875: ENSURE THAT YOU HAVE THE ENTIRE BOL FILLED OUT AT THIS LOCATION.,2939,1.08,5,
2026-08-25T16:16:13.696255,SE,72121793,"$2,322.32","SUWANEE, GA",08/26 12:00,"SAN ANTONIO, TX",08/27 11:31,"2,173","1,035",CUSTOMER ADVISED FREIGHT MUST BE LOCKED AND SEALED,3208,0.72,2,
2026-08-25T16:30:31.597192,SE,72121818,"$1,612.17","MECHANICSBURG, PA",08/26 16:00,"MILLBURN, NJ",08/27 09:00,"2,575",163,NO NOTES,2738,0.59,1,
2026-08-25T16:50:24.057805,WG,72121751,"$1,023.63","HICKSVILLE, NY",08/27 09:00,"JAMAICA, NY",08/27 11:00,"2,791",22,NO NOTES,2813,0.36,1,
2026-08-25T17:02:14.365817,WG,72115203,"$1,598.97","SHEPHERDSVILLE, KY",08/30 17:00,"WARRENDALE, PA",08/31 08:00,"2,072",417,BAX5100: MUST HAVE TEAM DRIVERS FOR ALL RUNS NO MATTER WHAT THE MILEAGE IS.,2489,0.64,1,
2026-08-25T17:02:43.194367,SE,72120784,"$2,350.33","SAINT PAUL, MN",08/30 17:00,"TOLEDO, OH",08/31 10:00,"1,897",648,NO NOTES,2545,0.92,2,
2026-08-25T17:02:46.501669,SE,72110867,"$2,251.96","DES MOINES, IA",08/30 17:00,"COLUMBUS, OH",08/31 09:00,"1,652",648,NO NOTES,2300,0.98,2,
2026-08-25T17:22:56.723264,WG,72121824,$916.33,"BROOKS, KY",08/27 20:00,"GROVE CITY, OH",08/28 08:00,"2,067",211,IC7875: ENSURE THAT YOU HAVE THE ENTIRE BOL FILLED OUT AT THIS LOCATION.,2278,0.40,1,
2026-08-25T17:23:15.713099,SE,72121753,"$1,359.11","FORT SMITH, AR",08/26 08:00,"CHATSWORTH, IL",08/26 23:04,"1,483",638,NO NOTES,2121,0.64,1,
2026-08-25T17:30:02.360278,WG,72121746,"$2,817.25","TUSCALOOSA, AL",08/28 15:00,"DALLAS, TX",08/29 08:00,"1,996",606,NO NOTES,2602,1.08,5,
2026-08-25T17:36:13.427688,WG,72121826,"$5,541.96","MALVERN, PA",08/27 09:00,"BOULDER, CO",08/29 10:00,"2,662","1,730",NO NOTES,4392,1.26,12,
2026-08-25T17:37:30.411324,SE,72070458,"$2,448.88","ROUND ROCK, TX",08/30 17:30,"ALBUQUERQUE, NM",08/31 11:00,"1,373",710,BASEBALL EQ PCS & WGT VARIES DRIVER MAY HAVE TO HELP WITH LOADING/UNLOADING,2083,1.18,7,
2026-08-25T18:02:31.861831,SE,72055145,"$2,333.89","JACKSONVILLE, FL",08/30 18:00,"NORFOLK, VA",08/31 08:32,"2,391",613,BASEBALL EQUIPMENT// 20FT TRUCK REQ,3004,0.78,2,
2026-08-25T18:30:11.564331,SE,72121838,$431.59,"PRINCEVILLE, IL",08/26 08:00,"CHILLICOTHE, IL",08/26 09:47,"1,908",14,NO NOTES,1922,0.22,1,
2026-08-25T18:37:34.921948,SE,72084576,$731.88,"RENO, NV",08/30 18:30,"WEST SACRAMENTO, CA",08/30 23:22,538,135,BASEBALL EQ/ PCS & WGT VARY/ MAY HAVE TO ASSIST WITH LOADING/UNLOADING,673,1.09,3,
2026-08-25T19:01:48.186664,WG,72121755,"$5,915.50","COPPELL, TX",08/27 15:00,"NEWARK, NJ",08/29 09:00,"1,414","1,549",SEAL MUST ONLY BE BE BROKEN AR DELIVERY IN FRONT OF DOCK WORKERS AT EXPORT DOCK OR SHIPMENT NO GOOD.,2963,2.00,33,
2026-08-25T19:02:02.126874,WG,72121840,"$3,783.54","LOUISVILLE, KY",08/30 11:00,"MINNEAPOLIS, MN",08/30 12:00,"2,062","1,133",L1068563: YOU MUST HAVE ALL OF YOUR USEABLE SPACE AVAILABLE. PLEASE ENSURE PERSONAL BELONGINGS ARE STOWED APPROPRIATELY.,3195,1.18,8,
2026-08-25T19:15:22.419158,WG,72121843,$980.33,"ALIQUIPPA, PA",08/27 09:00,"MORGANTOWN, WV",08/27 12:23,"2,401",89,NO NOTES,2490,0.39,1,
2026-08-25T19:44:13.186472,SE,72121842,"$1,888.92","CLEVELAND, OH",08/25 21:00,"WEST POINT, GA",08/26 14:59,"2,309",775,NO NOTES,3084,0.61,2,
2026-08-25T19:44:19.792631,SE,72121847,"$2,322.32","SUWANEE, GA",08/26 12:00,"SAN ANTONIO, TX",08/27 11:31,"2,173","1,035",NO NOTES,3208,0.72,2,
2026-08-25T20:02:42.042820,SE,72084377,"$2,162.14","CHARLOTTE, NC",08/30 20:00,"MEMPHIS, TN",08/31 10:40,"2,380",619,NO NOTES,2999,0.72,2,
2026-08-25T20:16:12.051372,SE,72121757,$456.65,"SAN JOSE, CA",08/26 11:00,"SANTA CLARA, CA",08/26 12:38,363,7,NO NOTES,370,1.23,7,
2026-08-25T22:09:35.469037,SE,72059835,"$1,445.40","OKLAHOMA CITY, OK",08/30 22:00,"ROUND ROCK, TX",08/31 07:21,"1,299",369,"OKL2SO:BASEBALL EQUIPMENT/ DRIVER MAY BE REQUESTED TO HELP WITH LOADING/UNLOADING/PCS,WT MAY VARY",1668,0.87,1,
2026-08-25T23:37:31.814529,SE,72072838,"$2,511.88","OKLAHOMA CITY, OK",08/30 23:30,"EL PASO, TX",08/31 04:00,"1,299",674,F1024874: DRIVER MAY BE REQUESTED TO HELP WITH LOADING/UNLOADING.,1973,1.27,10,
2026-08-26T00:37:03.496867,SE,72121860,$470.68,"LITTLE ROCK, AR",08/26 09:30,"HOT SPRINGS, AR",08/26 12:03,"1,636",50,NO NOTES,1686,0.28,1,
2026-08-26T01:09:30.411866,SE,72082119,"$2,703.91","LAS VEGAS, NV",08/31 01:00,"EL PASO, TX",08/31 18:09,244,736,L1131164: DRIVER MAY BE REQUESTED TO HELP WITH LOADING/UNLOADING.,980,2.76,52,
2026-08-26T01:15:32.401704,WG,72121861,"$7,578.29","BIRMINGHAM, AL",08/27 12:00,"SAN DIEGO, CA",08/29 07:58,"1,997","1,996",NO NOTES,3993,1.90,32,
2026-08-26T03:29:24.190174,WG,72121865,"$1,984.79","WINCHESTER, KY",08/27 10:00,"ALLENTOWN, PA",08/28 08:00,"2,143",593,NO NOTES,2736,0.73,2,
2026-08-26T04:43:41.387665,WG,72121866,"$2,317.13","CINCINNATI, OH",08/27 13:00,"PARSIPPANY, NJ",08/28 10:00,"2,153",607,NO NOTES,2760,0.84,2,
2026-08-26T07:23:06.227310,WG,72121434,"$1,024.54","INDIANAPOLIS, IN",08/31 07:15,"LOUISVILLE, KY",08/31 11:24,"2,046",125,NO NOTES,2171,0.47,1,
2026-08-26T07:37:07.352983,WG,72061119,"$1,221.67","LOUISVILLE, KY",08/31 07:30,"LA VERGNE, TN",08/31 14:23,"2,062",183,NO NOTES,2245,0.54,1,
2026-08-26T07:43:21.465087,WG,72121882,"$2,579.69","GREENVILLE, NC",08/27 09:00,"LA VERGNE, TN",08/28 10:30,"2,592",617,NO NOTES,3209,0.80,2,
2026-08-26T08:02:12.127620,WG,72121708,$890.40,"BALTIMORE, MD",08/31 08:00,"MACUNGIE, PA",08/31 12:27,"2,618",139,NO NOTES,2757,0.32,1,
2026-08-26T08:02:16.844046,WG,72121633,"$3,236.37","MORRISVILLE, NC",08/31 08:00,"BURLINGTON, ON",09/1 08:00,"2,499",717,NO NOTES,3216,1.01,3,
2026-08-26T08:02:20.234755,WG,72121630,"$1,204.81","WINCHESTER, KY",08/31 08:00,"CLINTON, TN",08/31 13:00,"2,143",153,NO NOTES,2296,0.52,1,
2026-08-26T08:02:24.268221,WG,72121648,"$7,496.38","COCKEYSVILLE, MD",08/31 08:00,"LOUISVILLE, CO",09/2 10:00,"2,624","1,684",PU AT DOCK 6,4308,1.74,27,
2026-08-26T08:03:07.007870,SE,72116240,"$1,732.11","SAXONBURG, PA",08/31 08:00,"ANDOVER, MA",09/1 08:00,"2,437",578,NO NOTES,3015,0.57,1,
2026-08-26T08:09:07.915351,WG,72113882,"$1,230.11","GROVE CITY, OH",08/31 08:00,"WHITESTOWN, IN",08/31 14:00,"2,217",198,"PR2297: IF PALLET JACK REQUESTED NEED TO MAKE SURE IT'S ACCESSIBLE TO OFFLOAD TRK. DRIVERS MAY NEED TO OFFLOAD TRK TO DOCK AT DELIVERIES, ESPECIALLY NC AND FL.",2415,0.51,1,
2026-08-26T08:09:22.762107,WG,72121493,,,,,,,,NO NOTES,,,1,
2026-08-26T08:09:27.656962,WG,72111888,"$1,095.43","LOUISVILLE, KY",08/31 08:00,"LOUISVILLE, KY",08/31 08:00,"2,062",0,L1068563: YOU MUST HAVE ALL OF YOUR USEABLE SPACE AVAILABLE. PLEASE ENSURE PERSONAL BELONGINGS ARE STOWED APPROPRIATELY.,2062,0.53,1,
2026-08-26T08:37:30.882294,WG,72121745,"$2,779.92","NEW BRUNSWICK, NJ",08/31 08:30,"SAINT PETERSBURG, FL",09/1 09:51,"2,730","1,121",NO NOTES,3851,0.72,2,
2026-08-26T09:02:06.058742,WG,72121814,"$1,023.87","ROBBINSVILLE, NJ",08/28 11:00,"SOMERSET, NJ",08/28 13:17,"2,714",37,NO NOTES,2751,0.37,1,
2026-08-26T09:02:36.261587,WG,72121618,"$2,076.38","MORRISVILLE, NC",08/31 09:00,"BLOOMINGTON, IN",09/1 08:00,"2,499",674,NO NOTES,3173,0.65,2,
2026-08-26T09:02:40.014565,WG,72102692,"$2,779.18","LA VERGNE, TN",08/31 09:00,"FAIRFIELD, NJ",09/1 05:03,"1,990",872,"CORD11: TRUCK MUST HAVE FULL AMOUNT OF USABLE SPACE FOR THE TRUCK SIZE REQUESTED, 20FT OF USABLE SPACE, 12FT OF USABLE SPACE, 53FT OF USABLE SPACE.",2862,0.97,2,
2026-08-26T09:02:43.044701,WG,72121676,"$7,208.33","OAK RIDGE, TN",08/31 09:00,"RICHLAND, WA",09/2 13:13,"2,135","2,384",NO NOTES,4519,1.60,23,
2026-08-26T09:02:45.469554,WG,72113758,"$1,275.61","ALLENTOWN, PA",08/31 09:00,"RENSSELAER, NY",08/31 15:08,"2,660",218,NO NOTES,2878,0.44,1,
2026-08-26T09:03:28.373892,SE,72119641,$798.25,"BOSTON, MA",08/31 09:00,"BOSTON, MA",08/31 15:00,"2,964",77,NO NOTES,3041,0.26,1,
2026-08-26T09:09:32.646962,WG,72113769,"$1,359.05","PHILADELPHIA, PA",08/31 09:00,"RENSSELAER, NY",08/31 15:07,"2,694",217,NO NOTES,2911,0.47,1,
2026-08-26T09:09:35.153402,WG,72119955,"$7,131.52","AIKEN, SC",08/31 09:00,"LIVERMORE, CA",08/31 12:00,"2,321","2,607",NO NOTES,4928,1.45,19,
2026-08-26T09:09:44.281075,WG,72120890,"$5,449.55","CLEARWATER, FL",08/31 09:00,"LITTLETON, CO",09/2 09:00,"2,469","1,898",NO NOTES,4367,1.25,12,
2026-08-26T09:09:49.195426,WG,72119366,"$6,728.86","UNIVERSITY PARK, PA",08/31 09:00,"MERCURY, NV",09/2 12:36,"2,539","2,355",NO NOTES,4894,1.37,16,
2026-08-26T09:09:51.689768,WG,72121057,"$3,563.19","GREENVILLE, NC",08/31 09:00,"LENEXA, KS",09/1 11:14,"2,592","1,163",NO NOTES,3755,0.95,3,
2026-08-26T09:29:26.843516,WG,72121817,"$3,907.58","KANSAS CITY, MO",08/27 13:00,"MALVERN, PA",08/28 14:09,"1,594","1,112",NO NOTES,2706,1.44,16,
2026-08-26T09:38:06.397817,WG,72060341,"$2,211.32","LOUISVILLE, KY",08/31 09:30,"OLIVE BRANCH, MS",09/1 07:00,"2,062",382,"TVAL 36-46 C SP 40 C, DRIVER SECURE, NON HAZ PHARMACEUTICALS",2444,0.90,2,
2026-08-26T09:42:51.308654,WG,72121875,"$2,446.90","BURTON, OH",08/27 08:00,"RUTHERFORDTON, NC",08/28 08:00,"2,346",557,NO NOTES,2903,0.84,2,
2026-08-26T09:44:38.038633,SE,72121898,"$4,693.85","NORTH BEND, OH",08/27 09:00,"DARROW, LA",08/28 09:00,"2,132",871,NO NOTES,3003,1.56,20,
2026-08-26T10:02:15.244658,WG,72121923,$853.33,"KANSAS CITY, MO",08/31 08:30,"KANSAS CITY, MO",08/31 13:12,"1,588",65,NO NOTES,1653,0.52,1,
2026-08-26T10:02:35.480178,WG,72121929,$766.79,"GREENVILLE, NC",08/31 10:00,"DURHAM, NC",08/31 12:30,"2,592",103,NO NOTES,2695,0.28,1,
2026-08-26T10:02:38.667239,WG,72118261,"$3,200.88","EDEN PRAIRIE, MN",08/31 10:00,"EAST GREENBUSH, NY",09/1 14:58,"1,890","1,244",MUST BE SEALABLE,3134,1.02,3,
2026-08-26T10:02:41.984219,WG,72121872,"$6,185.89","SAN DIEGO, CA",08/31 10:00,"JOHNSON CITY, TN",09/2 12:47,107,"2,317",NO NOTES,2424,2.55,49,
2026-08-26T10:03:19.710288,SE,72120046,"$1,879.71","DENVER, CO",08/31 10:00,"KIRTLAND AFB, NM",09/1 11:00,994,439,NO NOTES,1433,1.31,10,
2026-08-26T10:09:19.913733,WG,72119732,"$4,711.05","CHICAGO, IL",08/31 10:00,"MIAMI, FL",09/1 17:10,"1,985","1,395",MAS2300: DELETED COMMENT/BLL,3380,1.39,15,
2026-08-26T10:09:36.412311,SE,72121889,$972.74,"LACONIA, NH",08/27 09:00,"LACONIA, NH",08/27 16:00,"2,954",212,NO NOTES,3166,0.31,1,
2026-08-26T10:09:56.702921,SE,72121180,"$1,398.80","FORT SAM HOUSTON, TX",08/31 10:00,"FORT BLISS, TX",09/1 11:48,"1,335",553,NO NOTES,1888,0.74,1,
2026-08-26T10:37:13.456801,WG,72121963,"$2,754.47","SAINT LOUIS, MO",08/31 09:30,"FORT COLLINS, CO",09/1 06:08,"1,791",900,NO NOTES,2691,1.02,3,
2026-08-26T10:37:24.930144,WG,72121065,"$3,526.67","SAINT LOUIS, MO",08/31 10:30,"WILSON, NC",09/1 09:00,"1,791",870,NO NOTES,2661,1.33,12,
2026-08-26T10:37:27.663972,WG,72121314,"$3,145.67","MALVERN, PA",08/31 10:30,"MEMPHIS, TN",09/1 11:21,"2,662","1,027",NO NOTES,3689,0.85,3,
2026-08-26T10:42:47.491710,WG,72112824,"$1,456.08","BROOKS, KY",08/26 18:00,"ELK GROVE VILLAGE, IL",08/27 09:30,"2,067",337,IC7875: ENSURE THAT YOU HAVE THE ENTIRE BOL FILLED OUT AT THIS LOCATION.,2404,0.61,1,
2026-08-26T10:43:24.697884,WG,72121955,"$1,312.41","SHEPHERDSVILLE, KY",08/27 11:00,"ITASCA, IL",08/28 09:00,"2,072",341,NO NOTES,2413,0.54,1,
2026-08-26T10:44:27.161110,WG,72121967,"$1,629.23","SAINT LOUIS, MO",08/31 10:00,"CARTERSVILLE, GA",08/31 22:28,"1,791",516,NO NOTES,2307,0.71,1,
2026-08-26T10:52:02.861529,SE,72121980,"$1,149.02","GOLDSBORO, NC",08/26 17:00,"ATHENS, GA",08/27 07:00,"2,564",392,NO NOTES,2956,0.39,1,
2026-08-26T10:57:55.281350,WG,72121896,"$8,614.52","GROTON, CT",08/31 08:00,"BEND, OR",09/3 01:45,"2,882","2,903",NO NOTES,5785,1.49,21,
2026-08-26T10:58:02.866569,WG,72121897,"$1,538.52","KANKAKEE, IL",08/31 08:30,"SAINT LOUIS, MO",08/31 15:22,"1,981",253,NO NOTES,2234,0.69,1,
2026-08-26T11:02:53.843267,WG,72102681,$942.01,"LA VERGNE, TN",08/31 11:00,"MEMPHIS, TN",08/31 16:58,"1,990",210,UP TO 6 PALLETS,2200,0.43,1,
2026-08-26T11:02:56.608019,WG,72110132,"$10,765.45","LA VERNE, CA",08/31 11:00,"LA VERNE, CA",09/2 17:35,0,"2,448",DEL HOURS FOR SATURDAY ARE 0730-1630 FOR 1ST SHIFT AND 1700-2100 LOCAL FOR 2ND SHIFT,2448,4.40,80,
2026-08-26T11:09:38.286619,WG,72121580,"$1,407.10","SKOKIE, IL",08/31 11:00,"MADISON, WI",08/31 15:35,"1,989",145,NO NOTES,2134,0.66,1,
2026-08-26T11:10:23.239661,SE,72122018,"$5,588.54","SAN JOSE, CA",08/31 11:00,"WILMINGTON, NC",09/3 07:00,362,"2,854",CAN HAVE PET HOWEVER THE 2ND DRIVER MUST KEEP THE PET OUTSIDE WITH THEM.,3216,1.74,26,
2026-08-26T11:22:14.161443,WG,72121995,"$2,181.37","SPARKS, NV",08/27 12:00,"SAN JUAN CAPISTRANO, CA",08/28 20:07,545,576,NO NOTES,1121,1.95,28,
2026-08-26T11:35:40.730934,WG,72121904,"$1,402.55","SAINT LOUIS, MO",08/27 07:00,"KANKAKEE, IL",08/27 13:54,"1,791",254,TRUE DOCK HIGH NO BLOCKS OR RAMPS,2045,0.69,1,
2026-08-26T11:36:20.562629,WG,72122010,"$1,819.29","SPARKS, NV",08/27 13:00,"MONTEREY, CA",08/28 09:00,545,487,NO NOTES,1032,1.76,23,
2026-08-26T11:43:11.870914,WG,72122012,"$1,176.66","PATASKALA, OH",08/27 11:30,"JEFFERSONVILLE, IN",08/27 17:48,"2,239",226,NO NOTES,2465,0.48,1,
2026-08-26T11:56:37.763379,WG,72122032,"$2,202.31","DURHAM, NC",08/26 16:00,"BROCKVILLE, ON",08/27 09:26,"2,488",749,NO NOTES,3237,0.68,2,
2026-08-26T11:58:43.698560,SE,72121626,"$6,201.32","PORTLAND, OR",08/27 15:00,"BEDFORD, NH",08/31 08:00,999,"3,116",NO NOTES,4115,1.51,20,
2026-08-26T12:02:29.719767,WG,72116169,"$3,301.49","LA VERGNE, TN",08/31 12:00,"LUBBOCK, TX",09/1 12:46,"1,990","1,044","CORD11: TRUCK MUST HAVE FULL AMOUNT OF USABLE SPACE FOR THE TRUCK SIZE REQUESTED, 20FT OF USABLE SPACE, 12FT OF USABLE SPACE, 53FT OF USABLE SPACE.",3034,1.09,5,
2026-08-26T12:02:33.153577,WG,72116170,"$2,494.25","LA VERGNE, TN",08/31 12:00,"OMAHA, NE",09/1 09:00,"1,990",760,"CORD11: TRUCK MUST HAVE FULL AMOUNT OF USABLE SPACE FOR THE TRUCK SIZE REQUESTED, 20FT OF USABLE SPACE, 12FT OF USABLE SPACE, 53FT OF USABLE SPACE.",2750,0.91,2,
2026-08-26T12:02:35.665122,WG,72121775,"$7,041.23","SPOKANE, WA",08/31 12:00,"LEWIS CENTER, OH",09/2 11:30,"1,224","2,101",DRIVER MUST HAVE PADLOCK,3325,2.12,38,
2026-08-26T12:02:39.258628,WG,72121152,"$11,915.40","NEWBURY PARK, CA",08/31 12:00,"ALLENTOWN, PA",09/2 13:00,72,"2,729",NO NOTES,2801,4.25,81,
2026-08-26T12:03:28.764204,SE,72119492,"$2,527.96","ROSEVILLE, MN",08/31 12:00,"BROOKS, KY",09/1 08:00,"1,902",719,NO NOTES,2621,0.96,2,
2026-08-26T12:09:28.329709,WG,72122031,$880.88,"BETHLEHEM, PA",08/31 12:00,"NEW BRUNSWICK, NJ",08/31 14:42,"2,681",57,NO NOTES,2738,0.32,1,
2026-08-26T12:09:46.087494,SE,72122013,$637.36,"FORT WORTH, TX",08/26 15:30,"AUSTIN, TX",08/26 21:16,"1,381",201,NO NOTES,1582,0.40,1,
2026-08-26T12:10:16.753156,SE,72121037,"$2,323.72","LONG BEACH, CA",08/31 12:00,"GRAND JUNCTION, CO",09/1 09:30,44,787,NO NOTES,831,2.80,52,
2026-08-26T12:15:31.926635,WG,72122037,"$6,154.58","KENNEDY SPACE CENTER, FL",08/28 07:30,"SIMI VALLEY, CA",08/30 16:20,"2,536","2,601",NO NOTES,5137,1.20,11,
2026-08-26T12:29:20.094791,WG,72121378,"$1,738.02","OLIVE BRANCH, MS",08/27 13:00,"INDIANAPOLIS, IN",08/28 08:00,"1,782",483,NO NOTES,2265,0.77,1,
2026-08-26T12:44:14.439719,WG,72121663,"$7,993.38","BIG HORN, WY",08/31 11:30,"NEW YORK, NY",09/4 10:00,"1,185","1,953",NO NOTES,3138,2.55,50,
2026-08-26T12:51:33.340239,SE,72121911,"$4,739.58","GLENWOOD, IL",08/28 11:00,"VACAVILLE, CA",08/31 11:00,"1,991","2,075",NO NOTES,4066,1.17,9,
2026-08-26T13:02:23.800072,WG,72116176,$947.07,"LA VERGNE, TN",08/31 13:00,"COLLIERVILLE, TN",09/1 09:00,"1,990",219,"CORD11: TRUCK MUST HAVE FULL AMOUNT OF USABLE SPACE FOR THE TRUCK SIZE REQUESTED, 20FT OF USABLE SPACE, 12FT OF USABLE SPACE, 53FT OF USABLE SPACE.",2209,0.43,1,
2026-08-26T13:02:28.284904,WG,72016201,"$1,582.99","BALTIMORE, MD",08/31 13:00,"BUFFALO, NY",09/1 09:00,"2,618",364,NO NOTES,2982,0.53,1,
2026-08-26T13:02:30.796530,WG,72121424,$807.24,"COSTA MESA, CA",08/31 13:00,"CARSON, CA",08/31 15:33,37,26,NO NOTES,63,12.81,71,
2026-08-26T13:02:33.556997,WG,72121844,"$2,752.16","LA VERGNE, TN",08/31 13:00,"LAWTON, OK",09/1 10:00,"1,990",776,NO NOTES,2766,0.99,2,
2026-08-26T13:02:36.955602,WG,72116172,"$1,919.04","LA VERGNE, TN",08/31 13:00,"CORAOPOLIS, PA",09/1 08:00,"1,990",575,"CORD11: TRUCK MUST HAVE FULL AMOUNT OF USABLE SPACE FOR THE TRUCK SIZE REQUESTED, 20FT OF USABLE SPACE, 12FT OF USABLE SPACE, 53FT OF USABLE SPACE.",2565,0.75,2,
2026-08-26T13:09:19.580031,WG,72121857,$935.38,"SHEPHERDSVILLE, KY",08/31 11:00,"CINCINNATI, OH",08/31 15:25,"2,072",135,BAX5100: MUST HAVE TEAM DRIVERS FOR ALL RUNS NO MATTER WHAT THE MILEAGE IS.,2207,0.42,1,
2026-08-26T13:09:28.943836,WG,72121880,"$1,906.69","SHEPHERDSVILLE, KY",08/31 12:00,"LENEXA, KS",09/1 14:04,"2,072",544,BAX5100: ALL TAKEDA LOADS THAT ARE TEMP SHOULD BE TVAL,2616,0.73,2,
2026-08-26T13:09:34.707538,WG,72120574,"$2,753.38","HANOVER, MD",08/31 13:00,"FORT WAYNE, IN",09/1 08:00,"2,616",567,NO NOTES,3183,0.87,2,
2026-08-26T13:09:41.718613,WG,72121001,"$3,207.68","HUNTSVILLE, AL",08/31 13:00,"BRYAN, TX",09/1 09:00,"1,973",791,NO NOTES,2764,1.16,7,
2026-08-26T13:09:50.079733,WG,72122059,"$4,035.83","CENTRAL ISLIP, NY",08/31 13:00,"SHEPHERDSVILLE, KY",09/1 09:00,"2,811",812,F1093389: BOTH DRIVERS MUST BE IN THE TRUCK UPON PICKUP ARRIVAL.,3623,1.11,7,
2026-08-26T13:09:55.438956,WG,72114885,"$1,790.96","SHEPHERDSVILLE, KY",08/31 13:00,"DOTHAN, AL",09/1 09:00,"2,072",538,BAX5100: MUST HAVE TEAM DRIVERS FOR ALL RUNS NO MATTER WHAT THE MILEAGE IS.,2610,0.69,1,
2026-08-26T13:30:49.707924,SE,72122083,$795.94,"NEW CHURCH, VA",08/27 07:30,"ROCKVILLE, MD",08/27 12:31,"2,761",166,NO NOTES,2927,0.27,1,
2026-08-26T13:45:05.345451,SE,72122086,"$4,308.66","GLENWOOD, IL",08/27 08:30,"PRINEVILLE, OR",08/31 12:00,"1,991","2,011",NO NOTES,4002,1.08,6,
2026-08-26T13:52:18.804894,SE,72119383,$637.86,"ROCHESTER, NY",08/31 13:45,"SYRACUSE, NY",08/31 17:07,"2,571",88,NO NOTES,2659,0.24,1,
2026-08-26T13:59:29.528923,SE,72122093,"$4,205.08","SALEM, MA",08/31 10:00,"LITTLETON, CO",09/2 10:00,"2,979","2,025",ABSOLUTELY NO QOC - DO NOT ASK - STATES THEY WILL NEVER APPROVE A QOC AGAIN,5004,0.84,4,
2026-08-26T14:02:46.736948,WG,72118504,"$3,304.11","GLENCOE, MN",08/31 14:00,"BRANCHBURG, NJ",09/1 17:42,"1,846","1,232","CUSTOMER REQUIRES TEMPERATURE PRINTOUT AT DELIVERY ARRIVAL, ALSO NOTATE DOORS OPENED/CLOSED TIMES ON BOL",3078,1.07,5,
2026-08-26T14:02:49.883390,WG,72121920,"$2,643.72","WEST DEPTFORD, NJ",08/31 14:00,"COLUMBUS, OH",09/1 07:30,"2,687",480,NO NOTES,3167,0.83,2,
2026-08-26T14:02:52.678377,WG,72102609,"$1,754.25","LA VERGNE, TN",08/31 14:00,"RALEIGH, NC",09/1 08:00,"1,990",522,"CORD11: TRUCK MUST HAVE FULL AMOUNT OF USABLE SPACE FOR THE TRUCK SIZE REQUESTED, 20FT OF USABLE SPACE, 12FT OF USABLE SPACE, 53FT OF USABLE SPACE.",2512,0.70,1,
2026-08-26T14:02:55.113241,WG,72102668,"$1,956.35","LA VERGNE, TN",08/31 14:00,"MONROEVILLE, PA",09/1 08:00,"1,990",587,"CORD11: TRUCK MUST HAVE FULL AMOUNT OF USABLE SPACE FOR THE TRUCK SIZE REQUESTED, 20FT OF USABLE SPACE, 12FT OF USABLE SPACE, 53FT OF USABLE SPACE.",2577,0.76,2,
2026-08-26T14:02:57.873605,WG,72122070,"$2,262.16","BETHLEHEM, PA",08/31 14:00,"BROOKS, KY",09/1 13:00,"2,681",679,NO NOTES,3360,0.67,2,
2026-08-26T14:03:00.336640,WG,72121428,$713.58,"CARY, NC",08/31 14:00,"RALEIGH, NC",08/31 14:49,"2,503",20,NO NOTES,2523,0.28,1,
2026-08-26T14:09:38.882664,WG,72121433,$750.49,"CARY, NC",08/31 14:00,"RALEIGH, NC",08/31 14:01,"2,503",20,NO NOTES,2523,0.30,1,
2026-08-26T14:09:44.118684,WG,72121881,"$2,922.20","SHEPHERDSVILLE, KY",08/31 14:00,"HOUSTON, TX",09/1 11:27,"2,072",938,PER CUST: TRUCK MUST HAVE A MINIMUM OF 1/2 TANK OF GAS AT TIME OF PICK UP AND MUST HAVE A PADLOCK FOR TRAILER. TRUCK MAY NOT STOP WITHIN 200 MILES RADIUS OF PICK UP POINT. DRIVER MUST FOLLOW ALL OTHER SHIRE TL SECURITY PROTOCOLS. PLEASE INQUIRE IF YOU NEED FURTHER EXPLANATION OF SECURITY REQUIREMENTS.,3010,0.97,3,
2026-08-26T14:15:57.351380,WG,72122104,"$1,178.51","WALTHAM, MA",08/31 11:00,"BEDFORD, MA",08/31 13:00,"2,952",11,NO NOTES,2963,0.40,1,
2026-08-26T14:22:54.335001,WG,72122127,"$2,679.81","FISHERS, IN",08/31 09:00,"RENSSELAER, NY",09/1 03:24,"2,061",793,NO NOTES,2854,0.94,2,
2026-08-26T14:29:51.600919,WG,72122072,"$1,123.86","GREENVILLE, NC",08/31 09:00,"DURHAM, NC",08/31 12:41,"2,592",103,NO NOTES,2695,0.42,1,
2026-08-26T14:30:22.664456,WG,72122124,"$2,744.02","LA VERGNE, TN",08/31 13:00,"HUTCHINSON, KS",09/1 10:00,"1,990",782,NO NOTES,2772,0.99,2,
2026-08-26T14:31:08.561889,SE,72122105,"$4,308.66","GLENWOOD, IL",08/26 18:38,"PRINEVILLE, OR",08/28 14:55,"1,991","2,011",NO NOTES,4002,1.08,6,
2026-08-26T14:31:11.086497,SE,72122111,$563.34,"CHILLICOTHE, IL",08/27 08:00,"WASHINGTON, IL",08/27 14:00,"1,928",26,NO NOTES,1954,0.29,1,
2026-08-26T14:50:43.965275,WG,72122135,"$1,074.19","ALLENTOWN, PA",08/31 09:00,"NEW CASTLE, DE",08/31 14:00,"2,660",85,NO NOTES,2745,0.39,1,
2026-08-26T14:57:12.211488,WG,72121823,"$2,845.08","FREDERICK, MD",08/28 08:00,"MADISON, WI",08/29 02:47,"2,570",813,"ASCOSY: NO ROLL UP DOORS ALLOWED ON TRAILERS, MUST HAVE SWING DOORS.",3383,0.84,2,
2026-08-26T14:59:20.208223,SE,72122113,$855.95,"BLOOMINGTON, IN",08/31 12:00,"NASHVILLE, TN",09/1 09:00,"2,024",247,MUST BE DOCK HIGH,2271,0.38,1,
2026-08-26T15:02:54.806882,WG,72120151,"$2,041.61","SHEPHERDSVILLE, KY",08/31 15:00,"NEWARK, DE",09/1 08:00,"2,072",678,SHIPPER WILL HAVE AN ESCORT TRUCK FOLLOW FOR FIRST 100 MILES.OR THE WHOLE TRIP;CONF #:,2750,0.74,2,
2026-08-26T15:02:57.392096,WG,72102702,"$1,766.78","LA VERGNE, TN",08/31 15:00,"MOUNT PROSPECT, IL",09/1 07:00,"1,990",516,UP TO 6 PALLETS,2506,0.71,1,
2026-08-26T15:02:59.846195,WG,72119752,"$1,235.11","MOUNT VERNON, IN",08/31 15:00,"OLIVE BRANCH, MS",09/1 02:00,"1,948",302,PLEASE BE IN RANGE WHEN YOU ARRIVE AT SHIPPER**SET POINT 5C,2250,0.55,1,
2026-08-26T15:03:02.339227,WG,72113932,"$2,035.12","MEMPHIS, TN",08/31 15:00,"CANFIELD, OH",09/1 08:32,"1,779",754,"L1228142: TRACTOR SHIPMENTS MUST BE ABLE TO ACCOMODATE 26 PALLETS, NEED TO HAVE 53' OF SPACE, NO PALLET JACKS",2533,0.80,2,
2026-08-26T15:14:28.076944,WG,72121915,"$3,159.66","EL PASO, TX",08/26 17:00,"HOUSTON, TX",08/27 10:27,766,750,SMITH53: DRIVERS WILL BE REQUIRED AND ASKED TO PROVIDE CELL PHONE #'S TO CUSTOMER. DRIVERS WHO ACCEPT THE LOAD AND THEN REFUSE TO COMPLY SHOULD UNDERSTAND THAT THEY WILL BE REMOVED FROM THE SHIPMENT,1516,2.08,33,
2026-08-26T15:22:53.140564,WG,72122155,"$2,203.77","BLOOMINGTON, IN",08/31 09:00,"ALLENTOWN, PA",09/1 00:52,"2,024",676,NO NOTES,2700,0.82,2,
2026-08-26T15:36:13.684334,WG,72122165,"$1,519.13","COOKEVILLE, TN",08/28 08:00,"OLIVE BRANCH, MS",08/28 15:47,"2,053",296,NO NOTES,2349,0.65,1,
2026-08-26T15:36:41.142514,WG,72122180,"$2,837.44","EAST GREENBUSH, NY",08/31 08:00,"LINCOLNSHIRE, IL",09/1 09:00,"2,791",861,NO NOTES,3652,0.78,2,
2026-08-26T15:43:06.151472,WG,72116621,$913.87,"BROOKS, KY",08/27 15:00,"GROVEPORT, OH",08/27 21:12,"2,067",221,IC7875: ENSURE THAT YOU HAVE THE ENTIRE BOL FILLED OUT AT THIS LOCATION.,2288,0.40,1,
2026-08-26T15:45:29.282101,SE,72120138,$470.68,"LITTLE ROCK, AR",08/27 09:30,"HOT SPRINGS, AR",08/27 12:03,"1,636",50,NO NOTES,1686,0.28,1,
2026-08-26T15:50:16.898567,WG,72122198,"$1,129.40","PHILADELPHIA, PA",08/28 10:00,"SOUDERTON, PA",08/28 12:12,"2,694",33,NO NOTES,2727,0.41,1,
2026-08-26T16:02:50.430972,WG,72111073,$954.94,"LA VERGNE, TN",08/31 16:00,"OLIVE BRANCH, MS",09/1 09:00,"1,990",233,"CORD11: TRUCK MUST HAVE FULL AMOUNT OF USABLE SPACE FOR THE TRUCK SIZE REQUESTED, 20FT OF USABLE SPACE, 12FT OF USABLE SPACE, 53FT OF USABLE SPACE.",2223,0.43,1,
2026-08-26T16:02:53.367255,WG,72122156,"$2,321.10","LA VERGNE, TN",08/31 16:00,"MADISON, WI",09/1 07:07,"1,990",640,NO NOTES,2630,0.88,2,
2026-08-26T16:03:35.195503,SE,72121917,$962.31,"LOUISVILLE, KY",08/31 16:00,"NASHVILLE, TN",08/31 21:12,"2,052",174,NO NOTES,2226,0.43,1,
2026-08-26T16:16:42.204572,SE,72122204,"$5,887.85","COATESVILLE, PA",08/27 12:00,"GRANBURY, TX",08/29 09:00,"2,645","1,518",LIFTGATE AND PALLET JACK NEEDED AT THIS LOCATION,4163,1.41,17,
2026-08-26T16:28:44.674152,WG,72122206,"$1,591.84","WILMINGTON, NC",08/27 14:00,"LOCKBOURNE, OH",08/28 04:08,"2,576",594,NO NOTES,3170,0.50,1,
2026-08-26T16:37:52.180269,SE,72122170,$644.58,"MIAMI, FL",08/31 09:00,"MULBERRY, FL",08/31 15:05,"2,715",216,NO NOTES,2931,0.22,1,
2026-08-26T16:43:33.867895,WG,72122207,"$3,039.40","SAN ANTONIO, TX",08/31 09:00,"LA VERGNE, TN",09/1 08:30,"1,335",960,ORDER NOTE: DRIVER WILL NEED TO PRINT A JOURNEY TICKET OFF AND PROVIDE TO DELIVERY SET POINT 20C RANGE 15-25C,2295,1.32,12,
2026-08-26T16:50:54.718315,WG,72122174,"$1,277.01","GREENVILLE, NC",08/31 11:00,"ALLENTOWN, PA",09/1 07:30,"2,592",451,NO NOTES,3043,0.42,1,
2026-08-26T17:02:36.467367,WG,72111068,$920.09,"LA VERGNE, TN",08/31 17:00,"SHEPHERDSVILLE, KY",09/1 07:00,"1,990",171,"CORD11: TRUCK MUST HAVE FULL AMOUNT OF USABLE SPACE FOR THE TRUCK SIZE REQUESTED, 20FT OF USABLE SPACE, 12FT OF USABLE SPACE, 53FT OF USABLE SPACE.",2161,0.43,1,
2026-08-26T17:02:39.049396,WG,72112648,"$1,513.02","BROOKS, KY",08/31 17:00,"OLIVE BRANCH, MS",09/1 08:59,"2,067",377,IC7875: ENSURE THAT YOU HAVE THE ENTIRE BOL FILLED OUT AT THIS LOCATION.,2444,0.62,1,
2026-08-26T17:09:25.217796,WG,72113563,"$2,203.00","LOCKBOURNE, OH",08/31 17:00,"OLIVE BRANCH, MS",09/1 09:00,"2,227",594,IC7875: ENSURE THAT YOU HAVE THE ENTIRE BOL FILLED OUT AT THIS LOCATION.,2821,0.78,2,
2026-08-26T17:09:28.629131,WG,72112926,"$6,845.55","ROANOKE, TX",08/31 17:00,"SUNNYVALE, CA",09/2 11:00,"1,396","1,661","FOR NOVEMBER 27TH, 2024, OUR DOCK HOURS WILL BE 6AM-12PM PST FOR HAZMAT.",3057,2.24,41,
2026-08-26T17:28:39.222602,WG,72122033,"$2,565.69","SHEPHERDSVILLE, KY",08/27 12:00,"FLOWER MOUND, TX",08/28 09:00,"2,072",840,NO NOTES,2912,0.88,2,
2026-08-26T17:51:29.355278,SE,72122177,"$1,484.57","BROOKS, KY",08/27 19:00,"CARY, NC",08/28 08:23,"2,067",559,IC7875: ENSURE THAT YOU HAVE THE ENTIRE BOL FILLED OUT AT THIS LOCATION.,2626,0.57,1,
2026-08-26T17:51:31.810912,SE,72122218,"$1,135.59","BROOKS, KY",08/27 19:30,"PITTSBURGH, PA",08/28 05:21,"2,067",393,IC7875: ENSURE THAT YOU HAVE THE ENTIRE BOL FILLED OUT AT THIS LOCATION.,2460,0.46,1,
2026-08-26T18:02:19.316244,WG,72102659,"$6,546.50","LA VERGNE, TN",08/31 18:00,"REDLANDS, CA",09/2 13:45,"1,990","1,986",ORDER NOTE: FDCC TO CONTACT 909-796-7171 TO CONFIRM DELIVERY DATE/TIME.,3976,1.65,24,
2026-08-26T18:02:21.839549,WG,72110779,"$1,273.49","BROOKS, KY",08/31 18:00,"ELK GROVE VILLAGE, IL",09/1 09:00,"2,067",337,IC7875: ENSURE THAT YOU HAVE THE ENTIRE BOL FILLED OUT AT THIS LOCATION.,2404,0.53,1,
2026-08-26T18:02:24.275918,WG,72113883,"$2,016.80","GROVE CITY, OH",08/31 18:00,"BURR RIDGE, IL",09/1 08:00,"2,217",330,"PR2297: IF PALLET JACK REQUESTED NEED TO MAKE SURE IT'S ACCESSIBLE TO OFFLOAD TRK. DRIVERS MAY NEED TO OFFLOAD TRK TO DOCK AT DELIVERIES, ESPECIALLY NC AND FL.",2547,0.79,2,
2026-08-26T18:09:22.318244,WG,72121828,$916.33,"BROOKS, KY",08/31 18:00,"GROVE CITY, OH",09/1 08:00,"2,067",211,NO NOTES,2278,0.40,1,
2026-08-26T18:49:56.609926,WG,72122224,$980.92,"LOCKBOURNE, OH",08/31 08:00,"LOUISVILLE, KY",08/31 14:05,"2,227",216,BAX5100: ALL TAKEDA LOADS THAT ARE TEMP SHOULD BE TVAL,2443,0.40,1,
2026-08-26T18:57:57.780982,WG,72122195,$771.48,"PITTSBURGH, PA",08/31 13:00,"ALIQUIPPA, PA",08/31 15:07,"2,404",29,NO NOTES,2433,0.32,1,
2026-08-26T19:02:06.023110,WG,72122238,"$1,440.96","BROOKS, KY",08/31 14:00,"OLIVE BRANCH, MS",09/1 09:00,"2,067",374,IC7875: ENSURE THAT YOU HAVE THE ENTIRE BOL FILLED OUT AT THIS LOCATION.,2441,0.59,1,
2026-08-26T19:02:41.555763,WG,72110376,"$1,975.34","LA VERGNE, TN",08/31 19:00,"CANFIELD, OH",09/1 08:26,"1,990",561,"CORD11: TRUCK MUST HAVE FULL AMOUNT OF USABLE SPACE FOR THE TRUCK SIZE REQUESTED, 20FT OF USABLE SPACE, 12FT OF USABLE SPACE, 53FT OF USABLE SPACE.",2551,0.77,2,
2026-08-26T19:02:44.785310,WG,72110785,"$1,852.67","BROOKS, KY",08/31 19:00,"DOTHAN, AL",09/1 09:00,"2,067",543,IC7875: ENSURE THAT YOU HAVE THE ENTIRE BOL FILLED OUT AT THIS LOCATION.,2610,0.71,2,
2026-08-26T19:02:47.241634,WG,72112567,$930.95,"BROOKS, KY",08/31 19:00,"PATASKALA, OH",09/1 08:00,"2,067",237,IC7875: ENSURE THAT YOU HAVE THE ENTIRE BOL FILLED OUT AT THIS LOCATION.,2304,0.40,1,
2026-08-26T19:09:36.451041,WG,72113747,"$4,089.84","BRANCHBURG, NJ",08/31 19:00,"LEWISVILLE, TX",09/2 09:00,"2,717","1,530",NO NOTES,4247,0.96,4,
2026-08-26T19:09:43.338278,WG,72114582,"$2,487.30","KERNERSVILLE, NC",08/31 19:00,"PANAMA CITY, FL",09/1 13:49,"2,417",704,"DO, NOT ARRIVE MORE THAN 30 MINS PRIO TO SCHEDULED PICKUP TIME",3121,0.80,2,
2026-08-26T20:02:43.266708,WG,72112573,"$1,090.26","BROOKS, KY",08/31 20:00,"LA VERGNE, TN",09/1 07:00,"2,067",176,IC7875: ENSURE THAT YOU HAVE THE ENTIRE BOL FILLED OUT AT THIS LOCATION.,2243,0.49,1,
2026-08-26T20:29:31.062179,WG,72122241,"$1,277.01","GREENVILLE, NC",08/31 10:00,"ALLENTOWN, PA",09/1 07:30,"2,592",451,NO NOTES,3043,0.42,1,
2026-08-26T22:07:33.155030,WG,72121139,"$2,984.49","GREENVILLE, NC",08/27 09:00,"ROCHESTER, NY",08/28 09:00,"2,586",647,NO NOTES,3233,0.92,3,
2026-08-26T23:37:55.036135,SE,72122196,$868.56,"CRANBURY, NJ",08/27 08:00,"ELIZABETH, NJ",08/27 10:14,"2,721",35,NO NOTES,2756,0.32,1,